key,ma_type,entry_ma_value,entry_mode,stop_type,exit_type,rr_value,exit_ma_value,trades,resolved,wins,losses,unresolved,wr,gross_profit_pts,gross_loss_pts,gross_profit_dol,gross_loss_dol,commission_total,slippage_total,net_profit,pf_dol,expectancy_dol,expectancy_R,avg_win_pts,avg_loss_pts,avg_win_dol,avg_loss_dol,max_dd_dol,max_dd_pct,mls,final_balance,avg_hold,med_hold,sharpe,sortino,long_trades,long_wr,long_pf,long_net,long_ev,short_trades,short_wr,short_pf,short_net,short_ev
SMA  9_one_break_fixed_6_RR2,SMA,9,one_break,fixed_6,fixed_RR,2,,69362,69362,20416,48946,0,29.433984025835475,244992.0,293676.0,360682.59375,603667.375,92482.65625,69362.0,-242984.703125,0.597485649692432,-3.5031386512067124,-0.35031386512067125,12.0,-6.0,17.666663095121475,-12.333334184611612,242939.765625,22761.37890625,34,-241867.09375,1.4445229376315563,1.0,-67.47991979950501,-967426612.4847214,34680,29.8558246828143,0.6096933732278045,-117100.015625,-3.376586379036909,34682,29.012167695057954,0.5854237650608083,-125884.6796875,-3.6296834002508507
SMA  9_one_break_fixed_6_RR3,SMA,9,one_break,fixed_6,fixed_RR,3,,69237,69237,19034,50203,0,27.491081358233316,342612.0,301218.0,526607.1875,619170.3125,92315.9921875,69237.0,-92563.03125,0.85050458148379,-1.336901241388275,-0.1336901241388275,18.0,-6.0,27.66665900493853,-12.333332918351493,93021.0625,6703.4189453125,34,-91566.46875,1.739936739026821,1.0,-19.69776160366561,0.0,34620,27.790294627383016,0.8633240599894266,-42140.015625,-1.2172159337088388,34617,27.191842158477048,0.837789421281091,-50423.01953125,-1.4565970341522951
SMA  9_one_break_fixed_6_RR4,SMA,9,one_break,fixed_6,fixed_RR,4,,68780,68780,15263,53517,0,22.191043908112825,366312.0,321102.0,574906.3125,660043.0,91706.65625,68780.0,-85136.6328125,0.8710134226103451,-1.2378108870674616,-0.12378108870674616,24.0,-6.0,37.66666530171002,-12.333333333333334,85816.4921875,5314.81494140625,41,-84130.3046875,1.8573567897644665,1.0,-15.624700167583118,0.0,34392,22.58955571063038,0.8912199337407362,-35717.98046875,-1.0385549101171785,34388,21.79248575084332,0.8510107012657142,-49418.6484375,-1.4370899278091194
SMA  9_one_break_fixed_6_RR5,SMA,9,one_break,fixed_6,fixed_RR,5,,67706,67706,12574,55132,0,18.57147077068502,377220.0,330792.0,599360.6875,679961.3125,90274.6640625,67706.0,-80600.640625,0.8814629251425242,-1.1904504862936816,-0.11904504862936816,30.0,-6.0,47.66666832352473,-12.333332955452368,81389.7109375,4903.9833984375,51,-79583.1171875,2.2174253389655276,1.0,-13.275845559687099,0.0,33847,18.911572665228825,0.9013700213468936,-33386.3203125,-0.9863893494992171,33859,18.231489411973183,0.8617283175533933,-47214.3203125,-1.3944393015889425
SMA  9_one_break_fixed_6_RR6,SMA,9,one_break,fixed_6,fixed_RR,6,,66356,66356,10612,55744,0,15.992525167279522,382032.0,334464.0,611958.6875,687509.3125,88474.671875,66356.0,-75550.6484375,0.8901096703326473,-1.138565441519983,-0.1138565441519983,36.0,-6.0,57.666668629853,-12.333332959601034,76348.1484375,4523.89013671875,51,-74532.53125,2.548857676773766,1.0,-11.430956409869133,0.0,33187,16.33772260222376,0.9130745615956313,-29766.3203125,-0.8969271194292946,33169,15.64714040218276,0.867320426813862,-45784.3203125,-1.3803346592450783
SMA  9_one_break_fixed_6_MAexit9,SMA,9,one_break,fixed_6,ma_close,,9,68379,68379,10690,57689,0,15.633454715629066,392960.0,316578.0,629990.0,662237.625,91172.0,68379.0,-32247.6640625,0.9513050545867128,-0.47160186698401557,-0.04716018669840156,36.75959014892578,-5.487666606903076,58.93264733395697,-11.47944365476954,35815.515625,1003.6336669921875,65,-31259.603515625,3.239781219380219,1.0,-3.5185308257747328,-44.128379481684505,34205,16.035667300102325,0.9924663022324647,-2481.6669921875,-0.07255275521670808,34174,15.230877275121438,0.9105681148784802,-29765.998046875,-0.8710129937050096
SMA  9_one_break_fixed_8_RR2,SMA,9,one_break,fixed_8,fixed_RR,2,,69362,69362,24291,45071,0,35.02061647588017,388656.0,360568.0,443310.75,529584.25,69362.0,52021.5,-86273.5,0.8370920207691221,-1.2438150572359505,-0.12438150572359505,16.0,-8.0,18.25,-11.75,86572.5,6857.22802734375,24,-85273.5,1.5158011591361265,2.0,-22.88999575617486,0.0,34680,35.363321799307954,0.8497653651647,-39570.0,-1.1410034602076125,34682,34.67793091517213,0.8245523744230056,-46703.5,-1.3466207254483593
SMA  9_one_break_fixed_8_RR3,SMA,9,one_break,fixed_8,fixed_RR,3,,68659,68659,18576,50083,0,27.055447938362047,445824.0,400664.0,524772.0,588475.25,68659.0,51494.25,-63703.25,0.8917486334387045,-0.9278208246551799,-0.09278208246551799,24.0,-8.0,28.25,-11.75,64270.0,4332.322265625,35,-62703.25,2.0115789626997187,2.0,-13.681352702039234,0.0,34333,27.428421635161506,0.9086880855845855,-26732.75,-0.7786313459353974,34326,26.68239818213599,0.8749781248494102,-36970.5,-1.077040727145604
SMA  9_one_break_fixed_8_RR4,SMA,9,one_break,fixed_8,fixed_RR,4,,66921,66920,14547,52373,1,21.73789599521817,465504.0,418984.0,556422.75,615382.75,66920.0,50190.0,-58960.0,0.9041897095750572,-0.8810520023909145,-0.08810520023909145,32.0,-8.0,38.25,-11.75,59604.75,3758.7734375,40,-57960.0,2.5172594142259412,2.0,-11.051597011383787,0.0,33460,22.092050209205023,0.9230980186027379,-23555.0,-0.7039748953974896,33460,21.383741781231322,0.8854517586252917,-35405.0,-1.0581291093843395
SMA  9_one_break_fixed_8_RR5,SMA,9,one_break,fixed_8,fixed_RR,5,,64600,64599,11751,52848,1,18.190684066316816,470040.0,422784.0,566985.75,620964.0,64599.0,48449.25,-53978.25,0.9130734631959341,-0.8355895602099104,-0.08355895602099103,40.0,-8.0,48.25,-11.75,54818.75,3065.068359375,50,-52978.25,3.0127710955277944,2.0,-9.175479162655197,0.0,32277,18.409393685906373,0.926528485269583,-22734.75,-0.7043637884561762,32322,17.972278943134707,0.8997087739374743,-31243.5,-0.9666326341191758
SMA  9_one_break_fixed_8_RR6,SMA,9,one_break,fixed_8,fixed_RR,6,,62126,62125,9730,52395,1,15.661971830985916,467040.0,419160.0,566772.5,615641.25,62125.0,46593.75,-48868.75,0.920621384613198,-0.7866197183098591,-0.07866197183098592,48.0,-8.0,58.25,-11.75,50298.0,2190.20263671875,50,-47868.75,3.5127082494969817,2.0,-7.7066397663784105,0.0,30998,15.907477901800116,0.9377822615861418,-19056.5,-0.6147654687399187,31127,15.417483213930028,0.9036306302811665,-29812.25,-0.95776175024898
SMA  9_one_break_fixed_8_MAexit9,SMA,9,one_break,fixed_8,ma_close,,9,68184,68183,12992,55191,1,19.054603053547073,471464.0,393152.0,566594.0,588024.25,68183.0,51137.25,-21430.25,0.9635554996243777,-0.3143048853819867,-0.03143048853819867,36.28879165649414,-7.123480319976807,43.61099137931034,-10.654350346976862,25653.25,858.631591796875,51,-20430.25,3.6807415338134137,2.0,-2.8533782631032847,-26.275573544394522,34095,19.486728259275555,1.0004916895908031,143.75,0.004216160727379381,34088,18.622389110537434,0.9270322831583042,-21574.0,-0.6328913400610185
SMA  9_one_break_fixed_10_RR2,SMA,9,one_break,fixed_10,fixed_RR,2,,64657,64657,22858,41799,0,35.35270736347186,457160.0,417990.0,425158.84375,476508.625,51725.609375,38794.203125,-51349.83203125,0.8922374568770922,-0.7941882863611055,-0.07941882863611055,20.0,-10.0,18.600001913990724,-11.400000598100434,51610.0859375,4314.5029296875,22,-50335.20703125,2.2811141871723093,3.0,-14.08067530046449,0.0,32323,35.643349936577664,0.9036353953139653,-22852.21875,-0.7069955991089936,32334,35.062163666728516,0.8809454305426344,-28497.6171875,-0.8813514315426486
SMA  9_one_break_fixed_10_RR3,SMA,9,one_break,fixed_10,fixed_RR,3,,61444,61443,16439,45004,1,26.754878505281315,493170.0,450040.0,470155.5,513045.625,49154.40625,36865.80078125,-42890.234375,0.9164009536188911,-0.6980491573490878,-0.06980491573490878,30.0,-10.0,28.600006083095078,-11.400000555506177,43242.23046875,3311.550048828125,27,-41890.8515625,2.997819116905099,3.0,-9.771728434882242,0.0,30705,27.054225696140694,0.9304567330139762,-17757.015625,-0.5783102304184986,30738,26.455852690480835,0.9024744414987433,-25133.21484375,-0.8176594067196955
SMA  9_one_break_fixed_10_RR4,SMA,9,one_break,fixed_10,fixed_RR,4,,58359,58358,12526,45832,1,21.46406662325645,501040.0,458320.0,483503.65625,522484.8125,46686.40625,35014.796875,-38981.203125,0.9253927476600098,-0.6679667419205593,-0.06679667419205593,40.0,-10.0,38.60000449065943,-11.400000272735207,39782.23046875,2484.213623046875,38,-37988.46875,3.7160457863531993,3.0,-7.860402631323902,0.0,29180,21.737491432488003,0.9404552644612167,-15502.001953125,-0.5312543506896847,29178,21.190623072177665,0.9104337255810759,-23479.203125,-0.8046885710124067
SMA  9_one_break_fixed_10_RR5,SMA,9,one_break,fixed_10,fixed_RR,5,,55181,55180,9886,45294,1,17.915911562160204,494300.0,452940.0,480459.625,516351.59375,44144.0078125,33107.99609375,-35892.00390625,0.9304892844634509,-0.6504531334949257,-0.06504531334949257,50.0,-10.0,48.60000252882865,-11.39999986201263,37264.5859375,1832.2681884765625,50,-34900.8828125,4.6268575570859,3.0,-6.640589931879905,-160216331.2614586,27560,18.254716981132074,0.9520150682964698,-12324.001953125,-0.44716988218886067,27620,17.57784214337437,0.9091865452851994,-23568.001953125,-0.8532947846895366
SMA  9_one_break_fixed_10_RR6,SMA,9,one_break,fixed_10,fixed_RR,6,,52097,52095,8126,43969,2,15.59842595258662,487560.0,439690.0,476183.53125,501246.65625,41676.00390625,31256.998046875,-25063.0,0.949998419565517,-0.48110183318936556,-0.04811018331893656,60.0,-10.0,58.59999153950283,-11.400001279310423,26085.271484375,1372.7646484375,50,-24073.26953125,5.365543718207122,3.0,-4.323359216385936,-115142313.95975696,25960,15.870570107858242,0.9696996435274329,-7544.0,-0.2906009244992296,26135,15.328104074995217,0.9305544888549747,-17519.0,-0.670327147503348
SMA  9_one_break_fixed_10_MAexit9,SMA,9,one_break,fixed_10,ma_close,,9,67676,67675,14418,53257,1,21.304765422977464,522608.0,437688.0,502422.8125,512247.84375,54140.0078125,40605.0,-9825.0341796875,0.9808197704102097,-0.14517967018378278,-0.014517967018378278,36.24691390991211,-8.218412399291992,34.84691444721875,-9.618413424526354,18316.623046875,645.0797119140625,32,-8829.26171875,4.02365718507573,2.0,-1.5435405767546806,-11.641150223757949,33834,21.77986640657327,1.0184549144006907,4700.38427734375,0.1389248766726887,33841,20.829762713867794,0.9436021651140625,-14525.416015625,-0.4292253779623829
SMA  9_one_break_candle_RR2,SMA,9,one_break,candle,fixed_RR,2,,52563,52562,18414,34148,1,35.032913511662414,565606.0,531674.0,349124.53125,376387.78125,30893.294921875,23169.96875,-27263.26953125,0.927566059903811,-0.5186878264002511,-0.05186878264002511,30.71608543395996,-15.569696426391602,18.959733422939067,-11.02224965590957,27411.4765625,2405.445068359375,16,-26263.3203125,4.4620828735588445,3.0,-8.310571751865046,-303.12444017500997,26272,35.368453105968335,0.9410226991747864,-11039.072265625,-0.420183932156859,26290,34.69760365157855,0.9142541903468796,-16224.197265625,-0.6171242778860784
SMA  9_one_break_candle_RR3,SMA,9,one_break,candle,fixed_RR,3,,46750,46748,12464,34284,2,26.66210319158039,566577.0,527523.0,360745.3125,378356.15625,27823.337890625,20867.50390625,-17610.84765625,0.953454322180069,-0.37671873997283306,-0.037671873997283306,45.45707702636719,-15.386857032775879,28.94298078465982,-11.03593968760938,17886.744140625,1414.2376708984375,25,-16612.12890625,6.325211773765723,4.0,-4.606232071380726,-205.861049173117,23354,26.950415346407468,0.967344069763003,-6148.47900390625,-0.2632730583157596,23394,26.374284004445585,0.9396957826209834,-11462.3681640625,-0.48997042677876806
SMA  9_one_break_candle_RR4,SMA,9,one_break,candle,fixed_RR,4,,41622,41620,8921,32699,2,21.434406535319557,535568.0,498315.0,347304.53125,361232.0625,25015.71875,18761.7890625,-13927.5146484375,0.9614443658361583,-0.3346351429225733,-0.03346351429225733,60.03452682495117,-15.239457130432129,38.931121090684904,-11.047189898773663,14016.9287109375,1287.9970703125,27,-12928.6552734375,8.169870254685247,4.0,-3.328021484116854,-171.38608728580238,20809,21.83189965880148,0.983836293819695,-2905.52490234375,-0.13962828114487721,20811,21.036951612128203,0.9392647114788375,-11021.98828125,-0.5296231935635001
SMA  9_one_break_candle_RR5,SMA,9,one_break,candle,fixed_RR,5,,37541,37539,6789,30750,2,18.085191400943017,505495.0,465619.0,332130.8125,339930.09375,22713.87890625,17035.41015625,-7799.2939453125,0.9770562201070202,-0.20776509617497801,-0.0207765096174978,74.45794677734375,-15.142081260681152,48.92190491972308,-11.054637195121952,10880.455078125,425.87481689453125,26,-6799.62548828125,9.956285463118357,4.0,-1.7435076108923346,-100.61911116901325,18738,18.534528765076317,1.0064676158254342,1091.77587890625,0.05826533669048191,18801,17.637359714908783,0.9480427697447391,-8891.0703125,-0.472904117467156
SMA  9_one_break_candle_RR6,SMA,9,one_break,candle,fixed_RR,6,,33961,33959,5320,28639,2,15.665950116316735,470178.0,432354.0,313404.75,316715.3125,20640.3046875,15480.228515625,-3310.539306640625,0.9895471978482253,-0.09748636021792824,-0.009748636021792824,88.37932586669922,-15.096686363220215,58.91066729323308,-11.05888168232131,8494.5400390625,276.9077453613281,34,-2310.51123046875,11.822020671986808,4.0,-0.7062812178439969,-44.691162082253335,17003,16.197141680879845,1.0291226048839592,4590.8642578125,0.2700031910728989,16956,15.133286152394431,0.9503296167063946,-7901.4033203125,-0.4659945341066584
SMA  9_one_break_candle_MAexit9,SMA,9,one_break,candle,ma_close,,9,67430,67429,16391,51038,1,24.30853193729701,591944.0,494379.0,388146.625,381393.59375,37466.12890625,28099.59765625,6753.04345703125,1.0177062000009014,0.10015043166932996,0.010015043166932996,36.11396408081055,-9.686488151550293,23.680472515404794,-7.472737837493632,11195.60546875,187.1155548095703,27,7751.263671875,4.4421243085319375,2.0,1.3179704932616998,7.04684910840316,33720,24.602609727164886,1.0517238418749366,9836.8310546875,0.2917209684071026,33709,24.014358183274496,0.9838726046737921,-3083.785400390625,-0.09148255363228291
SMA  9_two_confirm_fixed_6_RR2,SMA,9,two_confirm,fixed_6,fixed_RR,2,,47294,47294,14013,33281,0,29.629551317291835,168156.0,199686.0,247562.921875,410465.625,63058.66015625,47294.0,-162902.6875,0.6031270508340376,-3.444468378652683,-0.3444468378652683,12.0,-6.0,17.66666109148648,-12.333332081367747,162977.828125,15165.431640625,41,-161897.8125,1.4419799551740178,1.0,-54.68223799278729,-785461900.3035278,23600,30.0635593220339,0.6157591918173441,-78216.6796875,-3.31426608845339,23694,29.197265130412763,0.5906988793715926,-84686.015625,-3.5741544536591543
SMA  9_two_confirm_fixed_6_RR3,SMA,9,two_confirm,fixed_6,fixed_RR,3,,47293,47293,13048,34245,0,27.589706721925022,234864.0,205470.0,360994.5625,422355.0,63057.328125,47293.0,-61360.359375,0.8547183352866664,-1.2974511952085932,-0.12974511952085932,18.0,-6.0,27.666658683323114,-12.333333333333334,61823.31640625,4625.185546875,41,-60344.83203125,1.7385659611358975,1.0,-15.78177220446638,0.0,23599,28.068985973981945,0.8753601592484894,-26094.34765625,-1.1057395506695198,23694,27.112349117920147,0.8344290565551635,-35266.01171875,-1.4883941807525112
SMA  9_two_confirm_fixed_6_RR4,SMA,9,two_confirm,fixed_6,fixed_RR,4,,47274,47274,10514,36760,0,22.2405550619791,252336.0,220560.0,396027.3125,453373.375,63031.9921875,47274.0,-57345.98046875,0.8735125050076,-1.2130553891938487,-0.12130553891938486,24.0,-6.0,37.666664685181665,-12.333334466811753,57688.30078125,4352.73779296875,41,-56337.6328125,1.8601979946693743,1.0,-12.684471935863687,-138280747.51315707,23592,22.79162427941675,0.901545225428142,-22117.990234375,-0.9375207796869701,23682,21.69158010303184,0.8459786142929713,-35227.98828125,-1.4875427869795625
SMA  9_two_confirm_fixed_6_RR5,SMA,9,two_confirm,fixed_6,fixed_RR,5,,46916,46916,8784,38132,0,18.722823770142384,263520.0,228792.0,418703.96875,470294.6875,62554.66015625,46916.0,-51590.64453125,0.890301293803154,-1.099638599438358,-0.1099638599438358,30.0,-6.0,47.66666310906193,-12.333333879681108,52000.90625,3976.616943359375,41,-50586.7578125,2.2187100349560915,1.0,-10.176283561354342,-249752802.92653617,23418,19.06653001964301,0.910495395928246,-20921.990234375,-0.8934149045339056,23498,18.380287684058217,0.870345094088796,-30668.658203125,-1.3051603627170398
SMA  9_two_confirm_fixed_6_RR6,SMA,9,two_confirm,fixed_6,fixed_RR,6,,46346,46346,7476,38870,0,16.130841928105983,269136.0,233220.0,431116.0625,479396.6875,61794.66015625,46346.0,-48280.65625,0.8992887805466949,-1.0417437589004446,-0.10417437589004445,36.0,-6.0,57.66667502675227,-12.33333386930795,48674.8125,4058.488037109375,46,-47279.671875,2.5502092953005655,1.0,-8.710424323290178,-235161893.1158047,23119,16.37614083654137,0.9156421594447562,-20114.326171875,-0.8700344379893161,23227,15.886683600981616,0.8831061591421578,-28166.326171875,-1.2126545043214794
SMA  9_two_confirm_fixed_6_MAexit9,SMA,9,two_confirm,fixed_6,ma_close,,9,46889,46889,7525,39364,0,16.048540169336093,284272.0,223638.0,456228.3125,464579.375,62518.66015625,46889.0,-8351.005859375,0.982024465679304,-0.1781015986558681,-0.01781015986558681,37.77701187133789,-5.6812825202941895,60.628347176079735,-11.802138375165125,19106.642578125,998.8172607421875,62,-7348.595703125,3.317537162234213,1.0,-1.050634810838748,-17.196036660988508,23400,16.22222222222222,1.0040183426960279,926.66357421875,0.03960100744524573,23489,15.875516199071907,0.9603478124289626,-9277.669921875,-0.3949793487110988
SMA  9_two_confirm_fixed_8_RR2,SMA,9,two_confirm,fixed_8,fixed_RR,2,,47294,47294,16672,30622,0,35.251828984649215,266752.0,244976.0,304264.0,359808.5,47294.0,35470.5,-55544.5,0.8456276046841584,-1.1744513046052354,-0.11744513046052354,16.0,-8.0,18.25,-11.75,55758.75,4616.74609375,21,-54544.5,1.5148433205057723,2.0,-17.820185429353224,0.0,23600,35.656779661016955,0.860724819425665,-24850.0,-1.0529661016949152,23694,34.84848484848485,0.830776843146957,-30694.5,-1.2954545454545454
SMA  9_two_confirm_fixed_8_RR3,SMA,9,two_confirm,fixed_8,fixed_RR,3,,47260,47260,12802,34458,0,27.088446889547185,307248.0,275664.0,361656.5,404881.5,47260.0,35445.0,-43225.0,0.8932403678607197,-0.9146212441811257,-0.09146212441811256,24.0,-8.0,28.25,-11.75,43410.75,3712.7001953125,31,-42225.0,2.0179009733389757,2.0,-11.18504931609712,0.0,23587,27.53211514817484,0.9134285404875208,-17387.25,-0.7371539407300631,23673,26.646390402568326,0.8733684165385251,-25837.75,-1.0914438389726693
SMA  9_two_confirm_fixed_8_RR4,SMA,9,two_confirm,fixed_8,fixed_RR,4,,46528,46528,10184,36344,0,21.8878954607978,325888.0,290752.0,389538.0,427042.0,46528.0,34896.0,-37504.0,0.9121772565696115,-0.8060522696011004,-0.08060522696011005,32.0,-8.0,38.25,-11.75,37708.25,3331.11767578125,36,-36504.0,2.5168715612104537,2.0,-8.409868360369101,0.0,23215,22.003015291837176,0.9183282825849648,-17376.25,-0.7484923540814129,23313,21.77325955475486,0.9060700773153479,-20127.75,-0.8633702226225711
SMA  9_two_confirm_fixed_8_RR5,SMA,9,two_confirm,fixed_8,fixed_RR,5,,45336,45336,8305,37031,0,18.31877536615493,332200.0,296248.0,400716.25,435114.25,45336.0,34002.0,-34398.0,0.9209449012529468,-0.7587347803070408,-0.07587347803070407,40.0,-8.0,48.25,-11.75,34931.0,2958.373779296875,50,-33398.0,3.022741309334745,2.0,-6.960669039434893,0.0,22594,18.465079224572893,0.9299657902092087,-15159.5,-0.6709524652562627,22742,18.173423621493274,0.9120146623173642,-19238.5,-0.8459458271040365
SMA  9_two_confirm_fixed_8_RR6,SMA,9,two_confirm,fixed_8,fixed_RR,6,,44077,44077,6964,37113,0,15.799623386346621,334272.0,296904.0,405653.0,436077.75,44077.0,33057.75,-30424.75,0.9302309049246379,-0.6902636295573655,-0.06902636295573655,48.0,-8.0,58.25,-11.75,31216.5,2684.1357421875,50,-29424.75,3.5201579054835856,2.0,-5.676002353270477,0.0,21984,15.893377001455605,0.936793896643384,-13732.0,-0.6246360989810772,22093,15.706332322455077,0.9237147841664562,-16692.75,-0.7555673742814466
SMA  9_two_confirm_fixed_8_MAexit9,SMA,9,two_confirm,fixed_8,ma_close,,9,46744,46744,9203,37541,0,19.688088310799248,341984.0,279896.0,411374.75,415566.75,46744.0,35058.0,-4192.0,0.9899125712054682,-0.08967995892520965,-0.008967995892520965,37.160057067871094,-7.455741882324219,44.70007062914267,-11.06967715297941,15438.25,614.9369506835938,42,-3192.0,3.7845926749957215,2.0,-0.6439632284056006,-7.700170777413206,23335,19.790014998928648,1.014549192982966,3003.75,0.12872294836083137,23409,19.586483831005168,0.965589014499407,-7195.75,-0.3073924558930326
SMA  9_two_confirm_fixed_10_RR2,SMA,9,two_confirm,fixed_10,fixed_RR,2,,47023,47023,16654,30369,0,35.41671097122684,333080.0,303690.0,309764.4375,346206.59375,37618.40625,28213.796875,-36442.22265625,0.8947386996438452,-0.7749871904440381,-0.07749871904440381,20.0,-10.0,18.6000022517113,-11.399999794198031,36682.66015625,2988.647216796875,26,-35448.05859375,2.2857537800650745,3.0,-11.712895423701466,-176217723.98047772,23464,35.88049778383907,0.9130118781083649,-14919.611328125,-0.6358511476357399,23559,34.95479434610977,0.8767982938697393,-21522.61328125,-0.9135622599112866
SMA  9_two_confirm_fixed_10_RR3,SMA,9,two_confirm,fixed_10,fixed_RR,3,,46026,46026,12361,33665,0,26.856559336027463,370830.0,336650.0,353524.65625,383781.03125,36820.8046875,27615.59765625,-30256.4296875,0.9211624011185414,-0.6573769106048755,-0.06573769106048755,30.0,-10.0,28.6000045506027,-11.400000928263776,31248.30859375,2255.2177734375,36,-29270.431640625,2.996132620692652,3.0,-7.9550544671544285,0.0,22963,27.148020728998823,0.9348846476967145,-12418.212890625,-0.5407922697654923,23063,26.566361704895286,0.9076078626110002,-17838.212890625,-0.773455876972857
SMA  9_two_confirm_fixed_10_RR4,SMA,9,two_confirm,fixed_10,fixed_RR,4,,44331,44331,9528,34803,0,21.492860526493875,381120.0,348030.0,367780.8125,396754.25,35464.8046875,26598.59765625,-28973.41015625,0.9269738446406056,-0.6535699658534659,-0.06535699658534659,40.0,-10.0,38.60000131192275,-11.40000143665776,30126.42578125,1952.2039794921875,38,-27985.720703125,3.7208725271254877,3.0,-6.699989587781741,-144293159.95907322,22087,21.714130483995113,0.9391641910111629,-11991.8037109375,-0.542934926017001,22244,21.27315231073548,0.9149374133044872,-16981.603515625,-0.7634240026804981
SMA  9_two_confirm_fixed_10_RR5,SMA,9,two_confirm,fixed_10,fixed_RR,5,,42440,42439,7670,34769,1,18.0729988925281,383500.0,347690.0,372761.96875,396366.65625,33951.203125,25463.3984375,-23604.61328125,0.9404473430653263,-0.5562009774323147,-0.05562009774323147,50.0,-10.0,48.59999592568448,-11.400001617820472,24895.33203125,1495.394287109375,47,-22613.32421875,4.613633685996371,3.0,-4.962887634832761,-120147360.66523841,21179,18.17838424854809,0.9471496230396639,-10440.60546875,-0.4929697090868313,21260,17.96801505174036,0.9337878731317625,-13164.005859375,-0.6191912445613829
SMA  9_two_confirm_fixed_10_RR6,SMA,9,two_confirm,fixed_10,fixed_RR,6,,40649,40648,6392,34256,1,15.725250934855342,383520.0,342560.0,374571.1875,390518.4375,32518.404296875,24388.796875,-15947.2119140625,0.959163899911896,-0.3923246387045488,-0.039232463870454884,60.0,-10.0,58.599998044430535,-11.40000109469874,17594.1328125,982.03515625,47,-14951.0859375,5.338958866364889,3.0,-3.1039845503554164,-82940199.20887582,20252,15.870037527157812,0.9696609890526257,-5892.8056640625,-0.2909740106686994,20396,15.581486565993332,0.9487764654954808,-10054.40625,-0.49295971023730145
SMA  9_two_confirm_fixed_10_MAexit9,SMA,9,two_confirm,fixed_10,ma_close,,9,46599,46599,10421,36178,0,22.36314083993219,384488.0,320718.0,369898.625,371367.25,37279.203125,27959.3984375,-1468.6259765625,0.9960453567189891,-0.03151625521068049,-0.003151625521068049,36.89550018310547,-8.86500072479248,35.49550187122157,-10.265002211288628,11958.63671875,422.62384033203125,39,-465.5018310546875,4.300628768857701,3.0,-0.26511881181919905,-2.4724888880872347,23262,22.45722637778351,1.0184376966685669,3401.1875,0.1462121700627633,23337,22.26935767236577,0.9739440117450417,-4869.81298828125,-0.20867347937957964
SMA  9_two_confirm_candle_RR2,SMA,9,two_confirm,candle,fixed_RR,2,,44218,44218,15627,28591,0,35.34081143425754,384188.0,356949.0,292654.6875,321739.0,31836.748046875,23877.5625,-29084.3203125,0.9096027758524767,-0.6577484353091502,-0.06577484353091502,24.584884643554688,-12.484663009643555,18.72750287963141,-11.2531565877374,29424.3984375,2450.515380859375,19,-28084.18359375,3.165905287439504,2.0,-9.647348178727194,-359.81120568158207,22085,35.847860538827256,0.9294605735959118,-11250.6474609375,-0.50942483409271,22133,34.83486197081282,0.8900815753219844,-17833.671875,-0.8057503219174987
SMA  9_two_confirm_candle_RR3,SMA,9,two_confirm,candle,fixed_RR,3,,41644,41644,11175,30469,0,26.834598021323604,411237.0,379612.0,320991.65625,342945.9375,30008.140625,22506.107421875,-21954.25390625,0.9359832590231514,-0.5271888845031697,-0.05271888845031697,36.79973220825195,-12.458958625793457,28.7240855704698,-11.255569185073353,22279.427734375,1983.48974609375,32,-20955.2578125,4.477619825184901,3.0,-6.071558500895679,-279.8213453162764,20802,27.13681376790693,0.9499740411308234,-8538.07421875,-0.41044487158686666,20842,26.53296228768832,0.9221226448892521,-13416.1796875,-0.6437088421216773
SMA  9_two_confirm_candle_RR4,SMA,9,two_confirm,candle,fixed_RR,4,,38771,38770,8477,30293,1,21.8648439515089,414292.0,377445.0,328227.90625,340967.21875,27936.734375,20952.55078125,-12739.294921875,0.9626377205799934,-0.32858640500064484,-0.032858640500064484,48.87247848510742,-12.459809303283691,38.71981906924619,-11.255643836860001,13813.5849609375,924.7360229492188,39,-11740.61328125,5.7779984524116585,3.0,-3.131617084670723,-168.1947005228003,19317,22.161826370554433,0.9789846522785316,-3557.91748046875,-0.1841858197685329,19453,21.5699377987971,0.9465163124391479,-9181.3779296875,-0.47197748057818845
SMA  9_two_confirm_candle_RR5,SMA,9,two_confirm,candle,fixed_RR,5,,36328,36327,6655,29672,1,18.319707104908193,407030.0,369134.0,324223.125,334027.84375,26191.26171875,19643.447265625,-9804.71875,0.9706470016393656,-0.26990169157926613,-0.026990169157926614,61.16153335571289,-12.440482139587402,48.71872652141247,-11.257341727891616,11115.1708984375,757.5660400390625,35,-8805.37109375,7.0306108404217245,3.0,-2.2169939442084097,-133.8036412242636,18051,18.752423688438313,0.9985195321842804,-244.510009765625,-0.013545510485049305,18276,17.89231779382797,0.9433896642811211,-9560.2080078125,-0.5231017732442821
SMA  9_two_confirm_candle_RR6,SMA,9,two_confirm,candle,fixed_RR,6,,34092,34091,5388,28703,1,15.804757853979057,394650.0,356900.0,316367.375,323139.3125,24583.97265625,18437.9765625,-6771.9580078125,0.979043288024573,-0.1986435718463084,-0.01986435718463084,73.24610137939453,-12.434240341186523,58.71703322197476,-11.258032696930634,10758.537109375,392.7118835449219,46,-5772.1748046875,8.311255169986213,3.0,-1.436692499171784,-95.32128725187945,16970,16.181496758986448,1.0063762376160372,1021.5291137695312,0.06019617641541139,17121,15.431341627241398,0.9521668306236163,-7793.48681640625,-0.45520044485755795
SMA  9_two_confirm_candle_MAexit9,SMA,9,two_confirm,candle,ma_close,,9,46440,46440,11183,35257,0,24.080534022394488,411936.0,342381.0,348497.59375,338036.09375,33424.7578125,25068.56640625,10461.4873046875,1.0309478786242778,0.2252688911431417,0.02252688911431417,36.83591079711914,-9.711008071899414,31.163157806492,-9.587772463624244,8238.3447265625,185.64268493652344,33,11460.0498046875,4.53557278208441,3.0,1.9071744588776183,15.004418881329821,23180,24.201898188093185,1.0623916819146617,10487.8779296875,0.4524537502022217,23260,23.959587274290627,0.9998447048776644,-26.390625,-0.0011345926483233018
SMA 21_one_break_fixed_6_RR2,SMA,21,one_break,fixed_6,fixed_RR,2,,42931,42931,12637,30294,0,29.435605972374272,151644.0,181764.0,223253.59375,373625.96875,57241.328125,42931.0,-150372.359375,0.5975323248994587,-3.502652148214577,-0.35026521482145767,12.0,-6.0,17.666660896573553,-12.333332301775929,150476.171875,13911.51171875,25,-149389.15625,1.44846381402716,1.0,-53.08013121704574,-760996093.5047996,21471,29.938055982488006,0.6120902581619917,-71969.015625,-3.351917266312701,21460,28.93289841565704,0.5831729400981316,-78403.34375,-3.6534642940354147
SMA 21_one_break_fixed_6_RR3,SMA,21,one_break,fixed_6,fixed_RR,3,,42876,42876,11747,31129,0,27.397611717510962,211446.0,186774.0,325000.25,383924.3125,57167.9921875,42876.0,-58924.0234375,0.8465216695543344,-1.3742891929634293,-0.13742891929634293,18.0,-6.0,27.666659572656847,-12.3333326640753,59309.3515625,4245.48095703125,26,-57912.3515625,1.7456852318313276,1.0,-15.95120541107266,0.0,21443,27.845917082497785,0.8657189432129077,-25623.6796875,-1.19496710756424,21433,26.94909718658144,0.8275512960983983,-33300.34375,-1.5536949447114263
SMA 21_one_break_fixed_6_RR4,SMA,21,one_break,fixed_6,fixed_RR,4,,42733,42733,9403,33330,0,22.004071794631784,225672.0,199980.0,354179.65625,411070.0,56977.328125,42733.0,-56890.3203125,0.8616042431945897,-1.331297131315377,-0.1331297131315377,24.0,-6.0,37.66666555886419,-12.333333333333334,57404.0625,3769.1513671875,41,-55881.06640625,1.8639224954952847,1.0,-13.286151137447982,0.0,21366,22.404755218571562,0.8818238629607814,-24163.9921875,-1.1309553583965177,21367,21.603407123133806,0.8415923707253646,-32726.326171875,-1.5316294366020031
SMA 21_one_break_fixed_6_RR5,SMA,21,one_break,fixed_6,fixed_RR,5,,42519,42519,7838,34681,0,18.434111808838402,235140.0,208086.0,373611.375,427732.375,56691.9921875,42519.0,-54120.984375,0.87346994718368,-1.27286588054752,-0.127286588054752,30.0,-6.0,47.66667198264864,-12.333334534759667,54541.61328125,3831.0654296875,42,-53115.57421875,2.2204426256497096,1.0,-11.28125779169067,-137608128.2300909,21259,18.801448798156077,0.8949058869369159,-22374.32421875,-1.0524636256997038,21260,18.066792097836313,0.8522272756959978,-31746.658203125,-1.493257676534572
SMA 21_one_break_fixed_6_RR6,SMA,21,one_break,fixed_6,fixed_RR,6,,42297,42297,6806,35491,0,16.090975719318156,245016.0,212946.0,392479.375,437722.375,56395.9921875,42297.0,-45242.98828125,0.8966399650006468,-1.0696500527519681,-0.10696500527519681,36.0,-6.0,57.666672788715836,-12.333334507339888,45879.328125,2805.5048828125,59,-44243.99609375,2.538690687282786,1.0,-8.552694098220286,-115336406.91250476,21138,16.420664206642066,0.9186206849075087,-17731.99609375,-0.8388682038863657,21159,15.761614443026609,0.8748529221317843,-27510.99609375,-1.3002030386005954
SMA 21_one_break_fixed_6_MAexit9,SMA,21,one_break,fixed_6,ma_close,,9,42805,42805,6912,35893,0,16.147646303001988,250472.0,198216.0,401325.3125,414110.34375,57073.328125,42805.0,-12785.0029296875,0.9691265107405326,-0.29868012918321457,-0.029868012918321456,36.23727035522461,-5.522413730621338,58.062111183449076,-11.537356692112668,20836.861328125,714.1920776367188,54,-11784.1259765625,3.229482537086789,1.0,-1.731366232951138,-22.83045210696749,21400,16.537383177570096,1.0102640726041245,2113.33154296875,0.09875381041910047,21405,15.758000467180565,0.9284472703540119,-14898.3359375,-0.6960213005138987
SMA 21_one_break_fixed_6_MAexit21,SMA,21,one_break,fixed_6,ma_close,,21,42805,42805,5382,37423,0,12.5732975119729,265240.0,210156.0,429508.625,437580.34375,57073.328125,42805.0,-8071.6826171875,0.9815537446658903,-0.18856868630270995,-0.018856868630270994,49.28279495239258,-5.6156907081604,79.8046497584541,-11.692818420490074,18607.794921875,463.4686584472656,60,-7072.3642578125,4.6855273916598525,1.0,-0.9013331149053753,-15.93404912417427,21410,12.88183092013078,1.0397208599498826,8643.328125,0.4037051903316207,21395,12.26454779154008,0.9240154742043559,-16715.0078125,-0.781257668263613
SMA 21_one_break_fixed_8_RR2,SMA,21,one_break,fixed_8,fixed_RR,2,,42931,42931,15020,27911,0,34.98637348303091,240320.0,223288.0,274115.0,327954.25,42931.0,32198.25,-53839.25,0.8358330468350387,-1.254087955090727,-0.1254087955090727,16.0,-8.0,18.25,-11.75,54092.25,4339.53076171875,22,-52839.25,1.5204863618364353,2.0,-18.16103356271103,0.0,21471,35.42918354990452,0.852216363212238,-24074.25,-1.1212449350286433,21460,34.543336439888165,0.8196631672697585,-29765.0,-1.3869990680335509
SMA 21_one_break_fixed_8_RR3,SMA,21,one_break,fixed_8,fixed_RR,3,,42697,42697,11457,31240,0,26.83326697426049,274968.0,249920.0,323660.25,367070.0,42697.0,32022.75,-43409.75,0.881739858882502,-1.0166932102958053,-0.10166932102958053,24.0,-8.0,28.25,-11.75,43743.5,3279.737548828125,34,-42409.75,2.0193924631707145,2.0,-11.853184079413733,0.0,21347,27.14198716447276,0.8956635581012625,-19067.25,-0.8932051342108961,21350,26.524590163934427,0.8679350973634491,-24342.5,-1.1401639344262295
SMA 21_one_break_fixed_8_RR4,SMA,21,one_break,fixed_8,fixed_RR,4,,42347,42347,9188,33159,0,21.696932486362673,294016.0,265272.0,351441.0,389618.25,42347.0,31760.25,-38177.25,0.9020137018735647,-0.9015337568186649,-0.09015337568186649,32.0,-8.0,38.25,-11.75,38496.0,2919.1279296875,41,-37177.25,2.514392991239049,2.0,-9.001911483853243,0.0,21171,22.01124179301875,0.9187685321326724,-15759.25,-0.744379103490624,21176,21.382697393275407,0.8853967507438117,-22418.0,-1.0586513033622968
SMA 21_one_break_fixed_8_RR5,SMA,21,one_break,fixed_8,fixed_RR,5,,41874,41874,7678,34196,0,18.335960261737593,307120.0,273568.0,370463.5,401803.0,41874.0,31405.5,-31339.5,0.9220028222785793,-0.7484238429574438,-0.07484238429574439,40.0,-8.0,48.25,-11.75,32128.25,1796.128662109375,42,-30339.5,2.999283564980656,2.0,-6.596313489081332,0.0,20923,18.405582373464608,0.926293395680871,-14785.25,-0.706650575921235,20951,18.266431196601594,0.9177252779475863,-16554.25,-0.7901412820390434
SMA 21_one_break_fixed_8_RR6,SMA,21,one_break,fixed_8,fixed_RR,6,,41096,41096,6542,34554,0,15.918824216468755,314016.0,276432.0,381071.5,406009.5,41096.0,30822.0,-24938.0,0.9385777918989581,-0.6068230484718707,-0.06068230484718708,48.0,-8.0,58.25,-11.75,25569.5,1567.23876953125,43,-23938.0,3.500194666147557,2.0,-4.803512614997856,0.0,20545,16.008761255779998,0.944891200347212,-11173.75,-0.5438671209540034,20551,15.82891343486935,0.9322797125728469,-13764.25,-0.6697605955914554
SMA 21_one_break_fixed_8_MAexit9,SMA,21,one_break,fixed_8,ma_close,,9,42769,42769,8380,34389,0,19.593630900886154,299664.0,246920.0,359915.0,368830.75,42769.0,32076.75,-8915.75,0.9758269883950836,-0.20846290537538872,-0.02084629053753887,35.75942611694336,-7.180202960968018,42.94928400954654,-10.725253714850679,16702.5,490.9675598144531,45,-7915.75,3.6622086090392574,2.0,-1.4589607370092421,-14.215488840139436,21380,19.948550046772684,1.0127281771042715,2335.0,0.10921421889616464,21389,19.23886109682547,0.9393096324027198,-11250.75,-0.5260063584085277
SMA 21_one_break_fixed_8_MAexit21,SMA,21,one_break,fixed_8,ma_close,,21,42760,42760,6601,36159,0,15.437324602432179,320680.0,265520.0,389298.25,395178.25,42760.0,32070.0,-5880.0,0.9851206385978986,-0.13751169317118803,-0.013751169317118802,48.58051681518555,-7.343123435974121,58.9756476291471,-10.928904283857408,15598.5,397.4648132324219,42,-4880.0,5.467797006548176,2.0,-0.7933011463355436,-10.357769219832818,21387,15.602936363211297,1.0250168337335315,4922.75,0.23017487258615046,21373,15.271604360641932,0.9455508610728538,-10802.75,-0.505439105413372
SMA 21_one_break_fixed_10_RR2,SMA,21,one_break,fixed_10,fixed_RR,2,,40522,40522,14207,26315,0,35.059967425102414,284140.0,263150.0,264250.21875,299991.0,32417.60546875,24313.197265625,-35740.8203125,0.8808604883146495,-0.8820102737401905,-0.08820102737401905,20.0,-10.0,18.600001319771945,-11.4,36023.35546875,2821.8193359375,26,-34746.75390625,2.30131780267509,3.0,-12.403259934137562,-186173985.88849923,20287,35.48577907034061,0.8974432414686138,-15301.810546875,-0.7542667987812393,20235,34.63306152705708,0.8644520890183203,-20439.009765625,-1.0100820244934519
SMA 21_one_break_fixed_10_RR3,SMA,21,one_break,fixed_10,fixed_RR,3,,39228,39228,10441,28787,0,26.616192515550118,313230.0,287870.0,298612.625,328171.8125,31382.40234375,23536.80078125,-29559.21875,0.9099277074565933,-0.753523471754869,-0.0753523471754869,30.0,-10.0,28.600002394406665,-11.40000043422378,29976.017578125,2257.22900390625,27,-28569.673828125,3.009992862241256,3.0,-8.44231973705553,0.0,19610,26.940336562978075,0.9250955158333333,-12234.009765625,-0.6238658728008669,19618,26.29218065042308,0.8948994958870204,-17325.2109375,-0.8831282973544704
SMA 21_one_break_fixed_10_RR4,SMA,21,one_break,fixed_10,fixed_RR,4,,38137,38137,8211,29926,0,21.530272438838924,328440.0,299260.0,316944.5625,341156.40625,30509.6015625,22882.19921875,-24211.80859375,0.9290300773884412,-0.6348640059194484,-0.06348640059194484,40.0,-10.0,38.599995432955794,-11.400000208848493,24932.474609375,1468.8623046875,49,-23220.634765625,3.707528122295933,3.0,-6.032649824194596,0.0,19040,21.628151260504204,0.9344192984534894,-11156.00390625,-0.5859245749080882,19097,21.432685762161597,0.9236706623727335,-13055.8037109375,-0.683657313239645
SMA 21_one_break_fixed_10_RR5,SMA,21,one_break,fixed_10,fixed_RR,5,,36920,36920,6730,30190,0,18.22860238353196,336500.0,301900.0,327078.0,344165.96875,29536.001953125,22152.0,-17088.0078125,0.950349626919643,-0.4628387814869989,-0.04628387814869989,50.0,-10.0,48.6,-11.399998964889036,17922.328125,1118.88623046875,49,-16093.78125,4.616386782231853,3.0,-3.8391218964373093,-46626250.60588802,18449,18.326196541817986,0.9565792428749311,-7458.60546875,-0.4042823713344897,18471,18.13112446537816,0.9441420841509176,-9629.40625,-0.5213256591413568
SMA 21_one_break_fixed_10_RR6,SMA,21,one_break,fixed_10,fixed_RR,6,,35749,35749,5600,30149,0,15.664773839827687,336000.0,301490.0,328160.0,343698.59375,28599.203125,21449.3984375,-15538.609375,0.9547900572403782,-0.43465857436571653,-0.04346585743657165,60.0,-10.0,58.6,-11.399999792696276,16695.916015625,820.4398193359375,49,-14540.8798828125,5.381744943914515,3.0,-3.230097211278147,-86174768.62974863,17870,15.780637940682709,0.9631753803112433,-6318.0048828125,-0.35355371476287073,17879,15.548968063090776,0.9464318555440473,-9220.6044921875,-0.5157226070914201
SMA 21_one_break_fixed_10_MAexit9,SMA,21,one_break,fixed_10,ma_close,,9,41865,41865,9247,32618,0,22.087662725426966,328944.0,274020.0,315998.21875,319685.1875,33492.00390625,25118.998046875,-3687.020263671875,0.9884668764954898,-0.08806927657164397,-0.008806927657164397,35.57305145263672,-8.400882720947266,34.17305274683681,-9.8008825648415,12130.7021484375,314.390625,29,-2684.77685546875,4.082144989848322,2.0,-0.7192103910968352,-5.618235402145909,20941,22.429683396208393,1.029618824163726,4710.58935546875,0.22494576932662003,20924,21.74536417510992,0.9477253119531883,-8397.6103515625,-0.4013386709788998
SMA 21_one_break_fixed_10_MAexit21,SMA,21,one_break,fixed_10,ma_close,,21,42618,42618,7429,35189,0,17.431601670655592,358032.0,300072.0,347631.375,349336.65625,34094.40234375,25570.798828125,-1705.220703125,0.9951185161376834,-0.04001174863027359,-0.004001174863027359,48.1938362121582,-8.527437210083008,46.793831605868895,-9.927439150018472,11426.763671875,285.5486145019531,40,-703.2628173828125,6.114153644000187,2.0,-0.27251396468937217,-2.846613125526305,21318,17.642367951965475,1.0404403002056661,7030.79052734375,0.32980535356711466,21300,17.220657276995304,0.9502165167081553,-8736.0107421875,-0.4101413493984742
SMA 21_one_break_candle_RR2,SMA,21,one_break,candle,fixed_RR,2,,34582,34582,12081,22501,0,34.93435891504251,366378.0,344133.0,228855.34375,248494.546875,20713.828125,15535.3720703125,-19639.20703125,0.9209672672017262,-0.5679025802802036,-0.05679025802802036,30.326793670654297,-15.294119834899902,18.94341062412052,-11.043711251722145,19855.90234375,1632.942138671875,17,-18639.943359375,4.380111040425655,3.0,-7.383983669401397,-265.0012912963225,17268,35.365994903868426,0.9385188931051003,-7579.642578125,-0.4389415437876419,17314,34.50386970082015,0.9036856812734457,-12059.564453125,-0.6965209918635209
SMA 21_one_break_candle_RR3,SMA,21,one_break,candle,fixed_RR,3,,32120,32120,8542,23578,0,26.594022415940223,383388.0,356466.0,247100.015625,260701.46875,19475.115234375,14606.3359375,-13601.453125,0.9478274779570071,-0.4234574447384807,-0.04234574447384807,44.88269805908203,-15.118585586547852,28.92765343303676,-11.05697975867334,13770.6484375,1178.5316162109375,28,-12602.1904296875,6.196046077210461,4.0,-4.29470446593406,-189.06860948122542,16040,26.889027431421447,0.9622051879475217,-4901.36279296875,-0.3055712464444358,16080,26.299751243781095,0.9335962900632803,-8700.08984375,-0.5410503634172885
SMA 21_one_break_candle_RR4,SMA,21,one_break,candle,fixed_RR,4,,29895,29895,6388,23507,0,21.368121759491554,378904.0,352783.0,248598.84375,260113.328125,18265.419921875,13699.064453125,-11514.490234375,0.955732816699548,-0.3851644166039471,-0.03851644166039471,59.314964294433594,-15.007572174072266,38.91653784439574,-11.065356197090228,12022.166015625,806.767578125,36,-10515.0166015625,8.005084462284662,4.0,-3.249864952112694,-165.27433835598143,14942,21.59684111899344,0.9687346321507005,-4054.033935546875,-0.27131802540134353,14953,21.139570654718117,0.9428089692763333,-7460.45556640625,-0.4989270090554571
SMA 21_one_break_candle_RR5,SMA,21,one_break,candle,fixed_RR,5,,27970,27970,5018,22952,0,17.940650697175546,368710.0,343119.0,245407.5,254080.3125,17173.01953125,12879.7646484375,-8672.7890625,0.965865861803047,-0.31007468939935645,-0.031007468939935647,73.47747802734375,-14.949416160583496,48.90544041450777,-11.070072869466713,10146.525390625,457.8494567871094,36,-7673.064453125,9.798569896317483,4.0,-2.253138200489418,-128.31425836129998,13916,18.166139695314744,0.9806771642029634,-2436.439697265625,-0.17508189833757007,14054,17.71737583606091,0.9512744544248056,-6236.349609375,-0.44374196736694177
SMA 21_one_break_candle_RR6,SMA,21,one_break,candle,fixed_RR,6,,26157,26157,4053,22104,0,15.494896203693084,354408.0,329378.0,238700.140625,244773.015625,16121.6416015625,12091.23046875,-6072.87841796875,0.9751897692460355,-0.23217029544553083,-0.023217029544553083,87.44337463378906,-14.901285171508789,58.89468063779916,-11.07369777528954,9099.943359375,248.44369506835938,36,-5072.984375,11.613793630768054,4.0,-1.4828831534007891,-92.80088241867388,13022,15.804023959453234,0.9981371093680645,-226.23468017578125,-0.017373266792795366,13135,15.188427864484202,0.9525919926140987,-5846.64404296875,-0.4451194551175295
SMA 21_one_break_candle_MAexit9,SMA,21,one_break,candle,ma_close,,9,41661,41661,10508,31153,0,25.222630277717766,372480.0,309767.0,252791.34375,245192.078125,23809.81640625,17857.361328125,7599.2705078125,1.0309931123513945,0.1824072995802429,0.01824072995802429,35.4472770690918,-9.943408012390137,24.057036900456794,-7.870576770294996,6981.0771484375,111.9307861328125,28,8598.111328125,4.524111279133963,3.0,1.7387395877360063,9.851319206450832,20836,25.388750239969283,1.0486280606982425,5938.13037109375,0.28499377860883807,20825,25.05642256902761,1.0134965655250494,1661.1405029296875,0.07976665080094537
SMA 21_one_break_candle_MAexit21,SMA,21,one_break,candle,ma_close,,21,42564,42564,8561,34003,0,20.11324123672587,410080.0,345776.0,278616.0,269182.375,24190.11328125,18142.5859375,9433.6298828125,1.0350454779960985,0.22163400720826285,0.022163400720826284,47.90094757080078,-10.168985366821289,32.54479616867189,-7.916430167926359,6651.927734375,95.46885681152344,35,10432.119140625,6.8936660088337565,2.0,1.8076436990946383,13.00051976505364,21283,20.250904477752197,1.0621555563362046,8349.060546875,0.39228776708523233,21281,19.975565058032988,1.0080423245112469,1084.5677490234375,0.050964134628233515
SMA 21_two_confirm_fixed_6_RR2,SMA,21,two_confirm,fixed_6,fixed_RR,2,,29513,29513,8634,20879,0,29.2549046183038,103608.0,125274.0,152533.96875,257507.6875,39350.6640625,29513.0,-104973.6875,0.5923472430313367,-3.556862653745807,-0.3556862653745807,12.0,-6.0,17.66666304725504,-12.333334331146128,105017.4375,10209.083984375,26,-103988.7734375,1.4356724155456917,1.0,-44.7718556067906,-640727966.0834224,14794,30.289306475598217,0.6223919723797187,-48029.34375,-3.246542094768149,14719,28.215232013044368,0.5630219364381417,-56944.34375,-3.868764437122087
SMA 21_two_confirm_fixed_6_RR3,SMA,21,two_confirm,fixed_6,fixed_RR,3,,29513,29513,8033,21480,0,27.218513875241417,144594.0,128880.0,222246.265625,264920.0,39350.6640625,29513.0,-42673.68359375,0.8389184116903216,-1.4459283567834513,-0.14459283567834513,18.0,-6.0,27.66665823789369,-12.333333333333334,42920.15234375,3510.37255859375,26,-41674.71875,1.7315081489513096,1.0,-13.952461172054463,0.0,14794,28.288495335947005,0.8849062354927357,-15059.341796875,-1.017935771047384,14719,26.143080372307903,0.7940388840583612,-27614.341796875,-1.876101759418099
SMA 21_two_confirm_fixed_6_RR4,SMA,21,two_confirm,fixed_6,fixed_RR,4,,29511,29511,6550,22961,0,22.19511368642201,157200.0,137766.0,246716.65625,283185.6875,39347.99609375,29511.0,-36468.98828125,0.8712186637257223,-1.2357760930246349,-0.12357760930246349,24.0,-6.0,37.666665076335875,-12.333334240668961,36676.66015625,3520.9599609375,34,-35472.2265625,1.8448375182135475,1.0,-10.217145975953349,-222603329.755962,14792,23.282855597620337,0.9268735580983449,-10234.66015625,-0.691905094392239,14719,21.101977036483458,0.8168338110132866,-26234.328125,-1.7823444612405734
SMA 21_two_confirm_fixed_6_RR5,SMA,21,two_confirm,fixed_6,fixed_RR,5,,29502,29502,5563,23939,0,18.856348722120533,166890.0,143634.0,265169.65625,295247.6875,39336.0,29502.0,-30077.986328125,0.898126107253592,-1.0195236366390414,-0.10195236366390414,30.0,-6.0,47.6666647941758,-12.333334203600819,30370.712890625,2441.376220703125,39,-29079.427734375,2.1937156802928617,1.0,-7.461320535138579,-183621247.96226773,14787,19.740312436599716,0.9505848113027082,-7232.994140625,-0.48914547512172857,14715,17.968059802922188,0.8465497059574563,-22844.994140625,-1.5524970533893985
SMA 21_two_confirm_fixed_6_RR6,SMA,21,two_confirm,fixed_6,fixed_RR,6,,29468,29468,4809,24659,0,16.319397312338808,173124.0,147954.0,277319.0,304127.65625,39290.6640625,29468.0,-26808.65625,0.9118506465983394,-0.9097548612053753,-0.09097548612053753,36.0,-6.0,57.666666666666664,-12.33333291090474,26995.037109375,2278.062744140625,49,-25810.037109375,2.5161870503597124,1.0,-6.037223477560851,0.0,14768,17.030065005417118,0.9597096767456235,-6088.6611328125,-0.4122874548220815,14700,15.60544217687075,0.86458164942876,-20719.9921875,-1.4095232780612246
SMA 21_two_confirm_fixed_6_MAexit9,SMA,21,two_confirm,fixed_6,ma_close,,9,29511,29511,4785,24726,0,16.214292975500662,181056.0,139554.0,290595.0,290284.0,39347.99609375,29511.0,310.997802734375,1.0010713645946727,0.01053836883651435,0.001053836883651435,37.8382453918457,-5.644018650054932,60.73040752351097,-11.740030736876163,13237.609375,460.698974609375,49,1311.5614013671875,3.295788011250042,1.0,0.04822380647759478,0.766317422519756,14792,16.94835045970795,1.0563791169617083,8105.33154296875,0.5479537278913433,14719,15.476594877369386,0.9468031876411933,-7794.333984375,-0.5295423591531354
SMA 21_two_confirm_fixed_6_MAexit21,SMA,21,two_confirm,fixed_6,ma_close,,21,29469,29469,3638,25831,0,12.345176286945604,190080.0,149646.0,308311.3125,309682.34375,39292.0,29469.0,-1371.0087890625,0.9955727819888021,-0.046523763584190164,-0.004652376358419016,52.24848937988281,-5.793271541595459,84.74747457394173,-11.988786487166582,12780.3251953125,816.4392700195312,62,-371.0877685546875,4.905799314533917,1.0,-0.17830236246160858,-4.378716738182397,14773,12.854531916333853,1.0514414889850483,7922.9970703125,0.536316054309382,14696,11.833151878062058,0.9402940968630953,-9294.0029296875,-0.6324171835661064
SMA 21_two_confirm_fixed_8_RR2,SMA,21,two_confirm,fixed_8,fixed_RR,2,,29513,29513,10210,19303,0,34.594924270660385,163360.0,154424.0,186332.5,226810.25,29513.0,22134.75,-40477.75,0.8215347410445516,-1.371522718801884,-0.1371522718801884,16.0,-8.0,18.25,-11.75,40549.25,3784.344482421875,19,-39477.75,1.5061837156507303,2.0,-16.51111906604449,0.0,14794,35.379207786940654,0.8503560936526307,-16809.5,-1.1362376639178045,14719,33.806644473129964,0.7932547317113651,-23668.25,-1.6080066580610095
SMA 21_two_confirm_fixed_8_RR3,SMA,21,two_confirm,fixed_8,fixed_RR,3,,29511,29511,7911,21600,0,26.806953339432756,189864.0,172800.0,223485.75,253800.0,29511.0,22133.25,-30314.25,0.8805585106382978,-1.0272186642268983,-0.10272186642268984,24.0,-8.0,28.25,-11.75,30414.5,2943.576171875,28,-29314.25,1.9946799498492087,2.0,-9.959471470689305,0.0,14792,27.67712276906436,0.9200805081880487,-10046.0,-0.6791508923742564,14719,25.932468238331406,0.8417760551450642,-20268.25,-1.3770127046674367
SMA 21_two_confirm_fixed_8_RR4,SMA,21,two_confirm,fixed_8,fixed_RR,4,,29481,29481,6447,23034,0,21.868321970082427,206304.0,184272.0,246597.75,270649.5,29481.0,22110.75,-24051.75,0.9111332184245675,-0.815839014958787,-0.0815839014958787,32.0,-8.0,38.25,-11.75,24154.75,2189.9140625,31,-23051.75,2.4765102947661206,2.0,-6.77772994102358,0.0,14775,22.49746192893401,0.9449551000841699,-7406.25,-0.501269035532995,14706,21.23623011015912,0.8776967713137926,-16645.5,-1.1318849449204407
SMA 21_two_confirm_fixed_8_RR5,SMA,21,two_confirm,fixed_8,fixed_RR,5,,29365,29365,5405,23960,0,18.40626596288098,216200.0,191680.0,260791.25,281530.0,29365.0,22023.75,-20738.75,0.9263355592654424,-0.7062404222714116,-0.07062404222714116,40.0,-8.0,48.25,-11.75,20792.0,1974.080322265625,37,-19738.75,2.972552358249617,2.0,-5.204811811400646,0.0,14712,18.92332789559543,0.958431439702042,-5826.0,-0.3960032626427406,14653,17.88712209103938,0.8945171033272974,-14912.75,-1.0177267453763734
SMA 21_two_confirm_fixed_8_RR6,SMA,21,two_confirm,fixed_8,fixed_RR,6,,29105,29105,4644,24461,0,15.956021302181755,222912.0,195688.0,270513.0,287416.75,29105.0,21828.75,-16903.75,0.9411873177189569,-0.580785088472771,-0.0580785088472771,48.0,-8.0,58.25,-11.75,16962.0,1602.8348388671875,48,-15903.75,3.476790929393575,2.0,-3.865321462606402,0.0,14584,16.31239714755897,0.9663061005691773,-4832.0,-0.33132199670872187,14521,15.598099304455616,0.9161730598300094,-12071.75,-0.8313304868810688
SMA 21_two_confirm_fixed_8_MAexit9,SMA,21,two_confirm,fixed_8,ma_close,,9,29510,29510,5803,23707,0,19.66452050152491,217632.0,175320.0,261884.75,260637.25,29510.0,22132.5,1247.5,1.0047863457736759,0.04227380548966452,0.004227380548966452,37.503360748291016,-7.395284175872803,45.129200413579184,-10.994105116632218,9837.5,307.992919921875,37,2247.5,3.7419518807184007,2.0,0.2356841778385969,2.7472161236826556,14791,20.289365154485836,1.0502135472026284,6495.75,0.4391690893110675,14719,19.036619335552686,0.9600208722545653,-5248.25,-0.35656294585229975
SMA 21_two_confirm_fixed_8_MAexit21,SMA,21,two_confirm,fixed_8,ma_close,,21,29457,29457,4475,24982,0,15.191635264962489,232536.0,190576.0,282838.75,281938.5,29457.0,22092.75,900.25,1.0031930722480258,0.030561496418508333,0.003056149641850833,51.96335220336914,-7.628532409667969,63.20418994413408,-11.285665679289089,10611.75,370.2060852050781,48,1900.25,5.745459483314662,2.0,0.1416547040110466,2.49274572665759,14767,15.56172546895104,1.0509881162481323,7157.75,0.48471253470576287,14690,14.819605173587474,0.9557954262482979,-6257.5,-0.42597004765146357
SMA 21_two_confirm_fixed_10_RR2,SMA,21,two_confirm,fixed_10,fixed_RR,2,,29440,29440,10289,19151,0,34.94904891304348,205780.0,191510.0,191375.40625,218321.40625,23552.00390625,17664.0,-26946.015625,0.8765764637428906,-0.9152858568274457,-0.09152858568274456,20.0,-10.0,18.600000607444844,-11.400000326353716,27047.529296875,2471.89990234375,23,-25953.330078125,2.2735054347826087,3.0,-10.978927504282247,0.0,14752,35.68329718004338,0.9052100088913672,-10252.8076171875,-0.6950113623364629,14688,34.21160130718954,0.8484616230208685,-16693.20703125,-1.1365200865502452
SMA 21_two_confirm_fixed_10_RR3,SMA,21,two_confirm,fixed_10,fixed_RR,3,,29347,29347,7901,21446,0,26.922683749616656,237030.0,214460.0,225968.625,244484.4375,23477.603515625,17608.19921875,-18515.81640625,0.9242658850218227,-0.6309270591968514,-0.06309270591968515,30.0,-10.0,28.600003164156437,-11.400001748577823,18759.03125,1512.8251953125,27,-17519.03125,2.960438886427914,3.0,-6.091868903660299,-113334189.06888545,14707,27.612701434690962,0.95699083931373,-5219.8076171875,-0.354919944053002,14640,26.229508196721312,0.8920078109761043,-13296.0078125,-0.9081972549521858
SMA 21_two_confirm_fixed_10_RR4,SMA,21,two_confirm,fixed_10,fixed_RR,4,,29086,29086,6319,22767,0,21.725228632331707,252760.0,227670.0,243913.421875,259543.8125,23268.80078125,17451.59765625,-15630.40234375,0.9397774484606525,-0.5373857644141511,-0.05373857644141511,40.0,-10.0,38.60000346178193,-11.400000549040277,15808.4326171875,1343.1119384765625,30,-14631.4326171875,3.6812899676820465,3.0,-4.444931445002317,0.0,14567,22.262648451980503,0.969682489366062,-3913.8017578125,-0.2686758946806137,14519,21.18603209587437,0.9101833997240086,-11716.6015625,-0.8069840596804188
SMA 21_two_confirm_fixed_10_RR5,SMA,21,two_confirm,fixed_10,fixed_RR,5,,28603,28603,5219,23384,0,18.246337796734608,260950.0,233840.0,253643.40625,266577.625,22882.40234375,17161.798828125,-12934.2041015625,0.9514804787160963,-0.45219746535546973,-0.04521974653554697,50.0,-10.0,48.60000119754742,-11.400001069107082,13416.357421875,937.518310546875,43,-11933.7490234375,4.596091319092403,3.0,-3.300206933421689,-80192513.72446379,14335,18.688524590163937,0.9798387106257154,-2679.0009765625,-0.18688531402598535,14268,17.802074572469863,0.9232964618575978,-10255.203125,-0.7187554755396692
SMA 21_two_confirm_fixed_10_RR6,SMA,21,two_confirm,fixed_10,fixed_RR,6,,27967,27967,4417,23550,0,15.793613902098901,265020.0,235500.0,258836.21875,268470.0,22373.6015625,16780.19921875,-9633.798828125,0.9641159859574626,-0.34447022662870525,-0.03444702266287052,60.0,-10.0,58.60000424496265,-11.4,11542.474609375,415.52630615234375,43,-8633.3173828125,5.340830264239997,3.0,-2.2566454687954565,-60405231.48153083,13974,16.358952340060114,1.005376564118831,716.400634765625,0.051266683466840206,13993,15.229043092975058,0.9234603067346574,-10350.2001953125,-0.7396698488753305
SMA 21_two_confirm_fixed_10_MAexit9,SMA,21,two_confirm,fixed_10,ma_close,,9,29485,29485,6604,22881,0,22.397829404782094,245776.0,200976.0,236530.40625,233009.40625,23588.00390625,17691.0,3520.9873046875,1.0151109779500587,0.11941622196667798,0.011941622196667797,37.21623229980469,-8.78353214263916,35.81623353270745,-10.18353246143088,7937.583984375,173.55601501464844,32,4519.71728515625,4.256028489062235,3.0,0.7840699281976383,7.108916824053858,14777,23.001962509305002,1.0527781219371504,6110.193359375,0.41349349390099477,14708,21.790862115855315,0.9779150221004379,-2589.206298828125,-0.17604067846261387
SMA 21_two_confirm_fixed_10_MAexit21,SMA,21,two_confirm,fixed_10,ma_close,,21,29428,29428,5204,24224,0,17.683838521136334,268096.0,223094.0,260810.390625,257007.609375,23542.404296875,17656.80078125,3802.79052734375,1.0147963761043797,0.12922354653200183,0.012922354653200182,51.517295837402344,-9.209627151489258,50.11729258743274,-10.609627203393329,8153.6044921875,155.76876831054688,39,4800.7919921875,6.732329753975805,3.0,0.6957555479516044,9.472028236173934,14754,18.02900908228277,1.0634357339822307,8112.39599609375,0.5498438386941676,14674,17.336786152378355,0.9666243180005266,-4309.60498046875,-0.2936898582846361
SMA 21_two_confirm_candle_RR2,SMA,21,two_confirm,candle,fixed_RR,2,,28521,28521,9965,18556,0,34.93916763086848,244668.0,230236.0,186603.28125,209210.078125,20769.587890625,15577.1904296875,-22606.78515625,0.8919421230678344,-0.7926364838627677,-0.07926364838627678,24.552734375,-12.407630920410156,18.72586866532865,-11.27452458099806,22836.33984375,1958.828125,19,-21607.369140625,3.121980295221065,2.0,-9.351941151979737,-224.7039572767155,14287,35.75278224959754,0.9237619878054322,-7891.537109375,-0.5523578854465598,14234,34.122523535197416,0.8607806431379761,-14715.248046875,-1.0338097545928762
SMA 21_two_confirm_candle_RR3,SMA,21,two_confirm,candle,fixed_RR,3,,27762,27762,7435,20327,0,26.78121172826165,272919.0,252123.0,213542.625,229159.15625,20226.5859375,15169.939453125,-15616.529296875,0.9318529029974119,-0.5625145629592608,-0.05625145629592608,36.70732879638672,-12.403355598449707,28.7212676529926,-11.273633898263393,15793.3994140625,1490.806884765625,25,-14617.4501953125,4.391578416540595,3.0,-5.2895902244760125,-161.48665548343394,13897,27.358422681154202,0.958945128630915,-4673.5,-0.3362956033676333,13865,26.20266858997476,0.9051105927341324,-10943.0302734375,-0.7892556994906239
SMA 21_two_confirm_candle_RR4,SMA,21,two_confirm,candle,fixed_RR,4,,26779,26778,5754,21024,1,21.48778848308313,280008.0,261032.0,222754.09375,236969.53125,19505.96875,14629.4765625,-14215.4501953125,0.9400115389307038,-0.5308630291774031,-0.053086302917740316,48.66318893432617,-12.415905952453613,38.71291167014251,-11.271381813641552,14499.787109375,1129.6417236328125,34,-13216.212890625,5.689707969228471,3.0,-4.229810528991343,-153.21038604171227,13357,22.06333757580295,0.9717795415337825,-3312.324462890625,-0.24798416282777758,13421,20.914983980329335,0.9088341568270502,-10903.1240234375,-0.8123928189730646
SMA 21_two_confirm_candle_RR5,SMA,21,two_confirm,candle,fixed_RR,5,,25858,25857,4696,21161,1,18.161426306222687,284835.0,262651.0,228731.6875,238518.15625,18843.69921875,14132.7744140625,-9786.48046875,0.9589697115562874,-0.3784847611381831,-0.03784847611381831,60.65481185913086,-12.412031173706055,48.70776991056218,-11.27159190255659,10600.287109375,584.506591796875,45,-8786.7431640625,6.93166260587075,3.0,-2.6312318715785685,-107.52781271337176,12890,18.719937936384795,0.9946509094650869,-631.9354248046875,-0.0490252462998206,12967,17.606231202282718,0.923953166943664,-9154.544921875,-0.7059878863171898
SMA 21_two_confirm_candle_RR6,SMA,21,two_confirm,candle,fixed_RR,6,,24801,24800,3905,20895,1,15.745967741935484,284730.0,259249.0,229265.25,235533.53125,18067.587890625,13550.6904296875,-6268.283203125,0.9733868837412083,-0.25275335496471774,-0.025275335496471773,72.91421508789062,-12.4072265625,58.7106914212548,-11.27224365877004,9230.34375,335.1363525390625,69,-5268.322265625,8.209395161290322,3.0,-1.5611667877673503,-69.92581747785171,12363,16.45231739868964,1.025102008580559,2923.849609375,0.2365000088469627,12437,15.043820857119886,0.9227907041449617,-9192.134765625,-0.7390958242039881
SMA 21_two_confirm_candle_MAexit9,SMA,21,two_confirm,candle,ma_close,,9,29303,29303,7043,22260,0,24.035081732245843,261912.0,215209.0,222655.84375,213228.09375,21320.69140625,15990.5185546875,9427.751953125,1.0442143895496885,0.3217333362838276,0.03217333362838276,37.18756103515625,-9.667969703674316,31.613778751952292,-9.578979952830188,5695.28125,86.76521301269531,29,10426.802734375,4.514998464321059,3.0,2.096678478782491,16.334915268075083,14692,24.571195208276613,1.0910443921176831,9659.5771484375,0.6574718995669412,14611,23.495996167271237,0.997836097019979,-231.82568359375,-0.015866517253695846
SMA 21_two_confirm_candle_MAexit21,SMA,21,two_confirm,candle,ma_close,,21,29311,29310,5674,23636,1,19.358580689184578,291568.0,244261.0,248042.34375,237952.03125,21337.708984375,16003.28125,10090.3056640625,1.0424048176726797,0.34426153749786764,0.03442615374978676,51.38667678833008,-10.334278106689453,43.71560517271766,-10.06735620451853,6367.541015625,115.95182800292969,38,11089.2685546875,7.2581712726032075,3.0,1.8743392661525784,20.70364849731604,14692,19.69779471821399,1.1104590294060301,13078.65625,0.890188963381432,14618,19.017649473252156,0.9750031629240474,-2988.3505859375,-0.20442951059909018
SMA 34_one_break_fixed_6_RR2,SMA,34,one_break,fixed_6,fixed_RR,2,,32931,32931,9739,23192,0,29.57395766906562,116868.0,139152.0,172055.625,286034.6875,43908.0,32931.0,-113979.015625,0.6015201390565611,-3.461146507090583,-0.34611465070905834,12.0,-6.0,17.66666238833556,-12.333334231631596,114078.203125,10758.7119140625,28,-113000.203125,1.4507910479487414,1.0,-45.87539761161728,-658600970.7316612,16463,30.103869282633784,0.6169404369263026,-54363.6796875,-3.302173339458179,16468,29.04420694680593,0.5863348606147868,-59615.34375,-3.620071881831431
SMA 34_one_break_fixed_6_RR3,SMA,34,one_break,fixed_6,fixed_RR,3,,32907,32907,9071,23836,0,27.565563557905616,163278.0,143016.0,250964.28125,293977.34375,43876.0,32907.0,-43013.01953125,0.8536857910500119,-1.3071085036998207,-0.13071085036998206,18.0,-6.0,27.666660924925587,-12.333333770347373,43398.4921875,3197.3359375,28,-42013.4921875,1.7499924028322242,1.0,-13.265996060615548,-248631245.10407236,16450,28.11550151975684,0.8773781541991117,-17883.34375,-1.087133358662614,16457,27.015859512669383,0.8303602177184913,-25129.67578125,-1.5269900821079176
SMA 34_one_break_fixed_6_RR4,SMA,34,one_break,fixed_6,fixed_RR,4,,32814,32814,7308,25506,0,22.27098189797038,175392.0,153036.0,275268.0,314574.0,43752.0,32814.0,-39305.984375,0.8750500677106182,-1.1978419081794356,-0.11978419081794356,24.0,-6.0,37.666666666666664,-12.333333333333334,39964.328125,2549.834716796875,41,-38310.91015625,1.8668556104101908,1.0,-10.430323701332131,0.0,16407,22.722008898640826,0.8979818860151092,-15952.9931640625,-0.9723284673653014,16407,21.819954897299933,0.8523827386635046,-23352.9921875,-1.4233554085146585
SMA 34_one_break_fixed_6_RR5,SMA,34,one_break,fixed_6,fixed_RR,5,,32709,32709,6177,26532,0,18.884710630101807,185310.0,159192.0,294437.0,327228.0,43612.0,32709.0,-32790.984375,0.8997915826274036,-1.0025064775749795,-0.10025064775749795,30.0,-6.0,47.666666666666664,-12.333333333333334,33346.71484375,2220.156005859375,45,-31797.046875,2.2232107371059953,1.0,-7.720813395457254,0.0,16344,19.193587860988742,0.9180042639014458,-13355.994140625,-0.8171802582369677,16365,18.576229758631225,0.8817402693664285,-19434.994140625,-1.1875951201115185
SMA 34_one_break_fixed_6_RR6,SMA,34,one_break,fixed_6,fixed_RR,6,,32585,32585,5317,27268,0,16.317323922050022,191412.0,163608.0,306613.6875,336305.3125,43446.66796875,32585.0,-29691.65625,0.9117122926804792,-0.9112062682215744,-0.09112062682215744,36.0,-6.0,57.666670584916304,-12.333332569312015,30326.015625,1924.240478515625,49,-28692.349609375,2.553659659352463,1.0,-6.358948473331238,0.0,16279,16.62878555193808,0.9325857999079982,-11284.326171875,-0.6931830070566374,16306,16.006378020360604,0.8910275912523407,-18407.328125,-1.1288683996688336
SMA 34_one_break_fixed_6_MAexit9,SMA,34,one_break,fixed_6,ma_close,,9,32843,32843,5408,27435,0,16.466218067777,194816.0,151434.0,312074.6875,316405.0,43790.66796875,32843.0,-4330.3330078125,0.986314020006005,-0.13184949632532048,-0.013184949632532047,36.0236701965332,-5.519737720489502,57.70611825073964,-11.53289593584837,15315.3671875,658.6297607421875,51,-3330.15625,3.247571780896995,1.0,-0.6615212702683068,-8.805471616456288,16414,16.723528695016448,1.01150760304976,1810.66552734375,0.11031226558692275,16429,16.20914237019904,0.9613919924227027,-6141.00146484375,-0.3737903381121036
SMA 34_one_break_fixed_6_MAexit21,SMA,34,one_break,fixed_6,ma_close,,21,32813,32812,4926,27886,1,15.012800195050591,198528.0,156726.0,319386.0,326277.3125,43749.3359375,32812.0,-6891.3388671875,0.978878971243212,-0.21002495633266793,-0.021002495633266793,40.30207061767578,-5.620239734649658,64.836784409257,-11.70039849745392,14982.697265625,994.8554077148438,67,-5891.181640625,4.458429842740461,1.0,-0.9089498156278584,-15.62450391525858,16408,15.035348610433935,1.0088651516639155,1444.6650390625,0.08804638219542296,16404,14.990246281394782,0.9489585762008302,-8336.00390625,-0.5081689774597659
SMA 34_one_break_fixed_6_MAexit34,SMA,34,one_break,fixed_6,ma_close,,34,32865,32864,3651,29213,1,11.109420642648491,213608.0,165162.0,347494.3125,343433.65625,43818.66796875,32864.0,4060.66357421875,1.0118236992097365,0.1235596267715053,0.01235596267715053,58.506710052490234,-5.65371561050415,95.17784511092852,-11.756192662513264,12402.767578125,643.9401245117188,60,5062.09765625,5.853547955209348,1.0,0.46072405926845394,9.605162836835008,16432,11.24634858812074,1.0401284370920914,6881.998046875,0.41881682369005596,16432,10.972492697176243,0.9835906642043651,-2821.33740234375,-0.17169774843864108
SMA 34_one_break_fixed_8_RR2,SMA,34,one_break,fixed_8,fixed_RR,2,,32931,32931,11575,21356,0,35.149251465184776,185200.0,170848.0,211243.75,250933.0,32931.0,24698.25,-39689.25,0.8418332782057362,-1.205224560444566,-0.12052245604445659,16.0,-8.0,18.25,-11.75,39934.5,3254.6455078125,21,-38689.25,1.521727247881935,2.0,-15.26980853765699,0.0,16463,35.55852517767114,0.8570443000022061,-17820.25,-1.0824424466986575,16468,34.74010201603109,0.8268175779881174,-21869.0,-1.3279693951906728
SMA 34_one_break_fixed_8_RR3,SMA,34,one_break,fixed_8,fixed_RR,3,,32795,32795,8844,23951,0,26.967525537429488,212256.0,191608.0,249843.0,281424.25,32795.0,24596.25,-31581.25,0.8877806372407495,-0.9629897850282055,-0.09629897850282056,24.0,-8.0,28.25,-11.75,32131.25,2111.467041015625,41,-30581.25,2.022107028510444,2.0,-9.823968732607169,0.0,16397,27.291577727633104,0.9024528227806986,-13664.75,-0.8333689089467585,16398,26.643493108915724,0.8732389632855352,-17916.5,-1.0926027564337115
SMA 34_one_break_fixed_8_RR4,SMA,34,one_break,fixed_8,fixed_RR,4,,32615,32615,7148,25467,0,21.916296182738005,228736.0,203736.0,273411.0,299237.25,32615.0,24461.25,-25826.25,0.9136930646167882,-0.791851908630998,-0.0791851908630998,32.0,-8.0,38.25,-11.75,26361.5,1760.9552001953125,42,-24826.25,2.5129848229342326,2.0,-6.913833343514083,0.0,16289,22.211308244827798,0.9295039602913001,-10495.75,-0.6443458775861011,16326,21.621952713463187,0.8980366204864552,-15330.5,-0.9390236432684063
SMA 34_one_break_fixed_8_RR5,SMA,34,one_break,fixed_8,fixed_RR,5,,32374,32374,5956,26418,0,18.397479458824982,238240.0,211344.0,287377.0,310411.5,32374.0,24280.5,-23034.5,0.925793664216693,-0.7115123247050102,-0.07115123247050102,40.0,-8.0,48.25,-11.75,23549.0,1606.0699462890625,49,-22034.5,3.0108111447457837,2.0,-5.506788254905038,0.0,16167,18.649100018556318,0.9413583242739556,-9062.25,-0.5605399888662089,16207,18.146479916085642,0.9103627574570731,-13972.25,-0.8621120503486148
SMA 34_one_break_fixed_8_RR6,SMA,34,one_break,fixed_8,fixed_RR,6,,32047,32047,5094,26953,0,15.895403625924423,244512.0,215624.0,296725.5,316697.75,32047.0,24035.25,-19972.25,0.9369359270787367,-0.6232174618529035,-0.06232174618529035,48.0,-8.0,58.25,-11.75,20458.5,1432.6680908203125,49,-18972.25,3.511217898711268,2.0,-4.359027480454901,0.0,15995,15.892466395748672,0.9367300815605473,-10001.25,-0.62527352297593,16052,15.898330426115127,0.9371410559495665,-9971.0,-0.621168701719412
SMA 34_one_break_fixed_8_MAexit9,SMA,34,one_break,fixed_8,ma_close,,9,32823,32823,6502,26321,0,19.80928007799409,231000.0,188688.0,277371.5,281921.75,32823.0,24617.25,-4550.25,0.9838598831058618,-0.13862992413856137,-0.013862992413856138,35.527530670166016,-7.168724536895752,42.65941248846509,-10.710905740663348,12250.25,461.45648193359375,42,-3550.25,3.668586052463212,2.0,-0.8556416357300287,-8.230812169822611,16403,20.039017252941534,1.0080211520221363,1124.75,0.06856977382186186,16420,19.579780755176614,0.959950246561808,-5675.0,-0.3456151035322777
SMA 34_one_break_fixed_8_MAexit21,SMA,34,one_break,fixed_8,ma_close,,21,32782,32781,5945,26836,1,18.135505323205514,238264.0,197280.0,287426.25,293563.0,32781.0,24585.75,-6136.75,0.9790956285362937,-0.1872044782038376,-0.01872044782038376,40.07804870605469,-7.351319313049316,48.34756097560975,-10.9391489044567,12466.0,536.2916259765625,48,-5136.75,5.167261523443458,1.0,-0.9855001155893236,-12.417069650299686,16393,18.025986701640946,0.9948342212814404,-757.75,-0.046223998047947294,16388,18.2450573590432,0.9633773952946864,-5379.0,-0.32822797168659995
SMA 34_one_break_fixed_8_MAexit34,SMA,34,one_break,fixed_8,ma_close,,34,32855,32854,4492,28362,1,13.672612162902539,259936.0,209984.0,317059.0,312113.5,32854.0,24640.5,4945.5,1.0158451973400702,0.1505296158763012,0.01505296158763012,57.86642837524414,-7.403709411621094,70.58303650934995,-11.004636485438262,10655.5,270.3186950683594,56,5945.5,6.910391428745358,2.0,0.6780338867065657,10.38848827064856,16427,13.672612162902539,1.0421925850910239,6582.75,0.40072746088756317,16427,13.672612162902539,0.9895113126954918,-1637.25,-0.09966822913496073
SMA 34_one_break_fixed_10_RR2,SMA,34,one_break,fixed_10,fixed_RR,2,,31198,31198,11166,20032,0,35.79075581768062,223320.0,200320.0,207687.625,228364.8125,24958.40234375,18718.798828125,-20677.21484375,0.9094554573726196,-0.6627737304875313,-0.06627737304875313,20.0,-10.0,18.600002238939638,-11.400000624001597,20986.078125,1635.4482421875,19,-19684.27734375,2.310244246426053,3.0,-8.13997745139575,0.0,15593,36.150836913999875,0.9237856864179536,-8650.208984375,-0.5547495019800551,15605,35.430951618071134,0.8952957579797183,-12027.0078125,-0.7707150152194809
SMA 34_one_break_fixed_10_RR3,SMA,34,one_break,fixed_10,fixed_RR,3,,30285,30285,8270,22015,0,27.307247812448406,248100.0,220150.0,236522.03125,250971.03125,24228.005859375,18171.0,-14449.0166015625,0.9424276183269658,-0.4771014231983655,-0.04771014231983655,30.0,-10.0,28.600003778718257,-11.400001419486713,14804.201171875,1128.5406494140625,29,-13449.400390625,3.0293544659072147,3.0,-4.658863515182377,-87061151.55182424,15125,27.570247933884296,0.9549593485661445,-5625.0087890625,-0.37190140754132234,15160,27.044854881266488,0.9300149193673811,-8824.0078125,-0.5820585628298153
SMA 34_one_break_fixed_10_RR4,SMA,34,one_break,fixed_10,fixed_RR,4,,29579,29579,6536,23043,0,22.096757834950473,261440.0,230430.0,252289.625,262690.1875,23663.203125,17747.400390625,-10400.603515625,0.9604074952361896,-0.3516212013802022,-0.03516212013802022,40.0,-10.0,38.6000038249694,-11.39999945753591,10829.361328125,804.55859375,38,-9399.453125,3.755265560025694,3.0,-2.9151084033474755,-63411309.489209235,14790,22.44083840432725,0.9796894390196866,-2656.000732421875,-0.1795808473578009,14789,21.752653999594294,0.9412937284457258,-7744.6015625,-0.5236731058557036
SMA 34_one_break_fixed_10_RR5,SMA,34,one_break,fixed_10,fixed_RR,5,,28931,28931,5363,23568,0,18.53720922194186,268150.0,235680.0,260641.828125,268675.21875,23144.802734375,17358.59765625,-8033.4033203125,0.9700999941030103,-0.27767458160148284,-0.027767458160148285,50.0,-10.0,48.60000524426627,-11.400000795570264,9782.1953125,406.335205078125,49,-7031.54541015625,4.679582454806263,3.0,-2.0256516769838413,0.0,14456,18.566685113447704,0.971994161734304,-3758.40185546875,-0.2599890602842245,14475,18.507772020725387,0.9682095640411128,-4275.001953125,-0.2953369224956822
SMA 34_one_break_fixed_10_RR6,SMA,34,one_break,fixed_10,fixed_RR,6,,28231,28230,4530,23700,1,16.046758767268862,271800.0,237000.0,265458.0,270180.0,22584.00390625,16938.0,-4721.99853515625,0.9825227626027093,-0.16726881102218386,-0.016726881102218386,60.0,-10.0,58.6,-11.4,8834.478515625,294.2938232421875,49,-3721.509765625,5.468154445625221,3.0,-1.093855532175595,-29469334.37039201,14100,16.26241134751773,0.9982912309034606,-229.9996337890625,-0.01631203076518174,14130,15.831564048124559,0.9668682078667911,-4491.99951171875,-0.3179051317564579
SMA 34_one_break_fixed_10_MAexit9,SMA,34,one_break,fixed_10,ma_close,,9,32061,32061,7246,24815,0,22.600667477620785,257560.0,207904.0,247415.609375,242645.015625,25648.802734375,19236.6015625,4770.5869140625,1.019660794340704,0.14879719640879885,0.014879719640879885,35.545127868652344,-8.378158569335938,34.145129640491305,-9.778159001611929,6843.80908203125,267.77020263671875,35,5769.50341796875,4.128785752159945,2.0,1.0548724510398149,8.216822425124164,16022,22.86855573586319,1.050772651511905,6127.193359375,0.3824237523015229,16039,22.33306315855103,0.9888771974573047,-1356.60693359375,-0.08458176529669867
SMA 34_one_break_fixed_10_MAexit21,SMA,34,one_break,fixed_10,ma_close,,21,31874,31873,6667,25206,1,20.917390895114988,268032.0,218556.0,258698.21875,253844.40625,25498.40234375,19123.798828125,4853.7861328125,1.0191212111848535,0.15228519853206476,0.015228519853206477,40.202789306640625,-8.670792579650879,38.80279267286636,-10.070792916369118,5914.1845703125,226.23817443847656,36,5851.7509765625,5.946004455181502,2.0,0.9153400356174856,9.207726896773192,15946,20.901793553242193,1.0518411914894668,6565.59423828125,0.4117392598947228,15927,20.933006843724495,0.9865420756835189,-1711.80712890625,-0.10747831537051862
SMA 34_one_break_fixed_10_MAexit34,SMA,34,one_break,fixed_10,ma_close,,34,32792,32791,5117,27674,1,15.604891586105943,296976.0,237620.0,289812.1875,276363.625,26232.8046875,19674.6015625,13448.5927734375,1.0486625636785594,0.4101306081985148,0.04101306081985148,58.037132263183594,-8.58639907836914,56.637128688684776,-9.986399689238997,5351.68359375,185.64974975585938,44,14442.75,7.859351651367754,2.0,2.1429471281500287,26.564846924350327,16391,15.715941675309622,1.1041586017227571,14348.59765625,0.8753948908699897,16400,15.49390243902439,0.993506690416436,-900.004638671875,-0.05487833162633384
SMA 34_one_break_candle_RR2,SMA,34,one_break,candle,fixed_RR,2,,26919,26919,9536,17383,0,35.42479289721015,287124.0,265325.0,180571.25,192015.71875,16191.126953125,12143.345703125,-11444.4765625,0.9403982714305779,-0.4251449371261934,-0.04251449371261934,30.109479904174805,-15.26347541809082,18.935743498322147,-11.046178378300638,11709.91015625,932.2542114257812,17,-10445.228515625,4.3640179798655225,3.0,-4.8623888821493795,-174.66896649380723,13451,35.88580774663594,0.9597779888190425,-3830.2998046875,-0.28475948291483905,13468,34.964359964359964,0.9213304331675346,-7614.17626953125,-0.5653531533658487
SMA 34_one_break_candle_RR3,SMA,34,one_break,candle,fixed_RR,3,,25374,25373,6798,18575,1,26.792259488432585,302769.0,280554.0,196601.65625,205413.109375,15429.392578125,11572.0439453125,-8811.439453125,0.9571037449761111,-0.34727621696783983,-0.034727621696783985,44.5379524230957,-15.103849411010742,28.92051430567814,-11.058579239569314,8994.3994140625,760.5910034179688,21,-7811.845703125,6.217041737279786,4.0,-3.1234297391060633,-137.44894011512568,12675,27.19526627218935,0.9771721190199182,-2328.779052734375,-0.18373010277983234,12698,26.38998267443692,0.9373042505085747,-6482.66064453125,-0.5105261178556663
SMA 34_one_break_candle_RR4,SMA,34,one_break,candle,fixed_RR,4,,23995,23994,5214,18780,1,21.73043260815204,307032.0,281805.0,202878.34375,207817.625,14685.3046875,11013.978515625,-4939.2880859375,0.9762326162181865,-0.20585513403090355,-0.020585513403090356,58.88607406616211,-15.00559139251709,38.91030758534714,-11.065901224707135,5530.06103515625,406.2109069824219,34,-3939.35205078125,8.041051929649079,4.0,-1.5468035296732516,-79.00359438125467,11974,22.11458159345248,0.9986431658756217,-140.0045166015625,-0.011692376532617546,12020,21.3477537437604,0.9541336654362136,-4799.28271484375,-0.39927476828982944
SMA 34_one_break_candle_RR5,SMA,34,one_break,candle,fixed_RR,5,,22769,22768,4141,18627,1,18.1878074490513,301960.0,278271.0,202489.5625,206217.84375,14004.740234375,10503.5556640625,-3728.299560546875,0.9819206661159747,-0.16375173755037223,-0.016375173755037224,72.91958618164062,-14.939120292663574,48.8987110601304,-11.070910170719923,5675.310546875,296.01226806640625,34,-2728.22900390625,9.856377371749824,4.0,-1.0679499991523094,-61.076986914508986,11368,18.64883884588318,1.0128302474885686,1313.3759765625,0.11553272137249296,11400,17.728070175438596,0.9514534535139965,-5041.67578125,-0.4422522615131579
SMA 34_one_break_candle_RR6,SMA,34,one_break,candle,fixed_RR,6,,21661,21660,3405,18255,1,15.720221606648199,297360.0,271722.0,200540.59375,202174.4375,13362.189453125,10021.642578125,-1633.837890625,0.9919186432755625,-0.07543111221722068,-0.007543111221722068,87.33039855957031,-14.884799003601074,58.895915932452276,-11.075017118597644,3999.941162109375,274.19927978515625,46,-633.7708740234375,11.626546629732225,4.0,-0.43582857632945543,-27.38761283601507,10818,16.269180994638567,1.033651148830233,3375.26123046875,0.3120041810379691,10842,15.172477402693229,0.9508299433769603,-5009.099609375,-0.4620088184260284
SMA 34_one_break_candle_MAexit9,SMA,34,one_break,candle,ma_close,,9,31862,31862,8130,23732,0,25.516288996296527,288680.0,235598.0,197353.953125,187624.0625,18344.759765625,13758.5703125,9729.8984375,1.051858437000851,0.30537626129872575,0.030537626129872576,35.50799560546875,-9.92743968963623,24.274778982164822,-7.9059524060340465,3495.728515625,204.22715759277344,38,10728.8916015625,4.548427593999121,3.0,2.5920161500568573,14.29912700395803,15935,25.792281142139945,1.09564761074678,8911.1845703125,0.5592208704306558,15927,25.24015822188736,1.008667450421082,818.71435546875,0.051404178782492
SMA 34_one_break_candle_MAexit21,SMA,34,one_break,candle,ma_close,,21,31456,31455,7625,23830,1,24.240979176601492,303400.0,252426.0,208008.375,199185.515625,18173.62109375,13630.216796875,8822.8662109375,1.0442946835130849,0.2804916932423303,0.02804916932423303,39.790164947509766,-10.592782020568848,27.2797868852459,-8.358603257448594,3841.208984375,144.0794219970703,45,9821.8203125,6.726847877920839,2.0,2.0142378696318533,13.862590733621214,15749,24.211061019747284,1.0862109746422377,8553.96484375,0.5431433642612229,15706,24.27097924360117,1.0026899481329796,268.9012451171875,0.017120924813268018
SMA 34_one_break_candle_MAexit34,SMA,34,one_break,candle,ma_close,,34,32764,32763,5909,26854,1,18.03558892653298,341632.0,276917.0,231336.25,215073.03125,18722.90234375,14042.1767578125,16263.2265625,1.0756171922415307,0.4963900302933187,0.04963900302933187,57.81553649902344,-10.311945915222168,39.1498138432899,-8.008975618157445,2577.3076171875,120.869873046875,53,17263.1875,8.936361139089827,2.0,3.2181314581697626,26.18030577517816,16382,18.050299108777924,1.1363266643739658,14605.1484375,0.8915363470577463,16381,18.02087784628533,1.0153610990641175,1658.0782470703125,0.10121959874673783
SMA 34_two_confirm_fixed_6_RR2,SMA,34,two_confirm,fixed_6,fixed_RR,2,,22685,22685,6763,15922,0,29.812651531849237,81156.0,95532.0,119479.625,196371.3125,30246.6640625,22685.0,-76891.6796875,0.6084372685546928,-3.3895384477628387,-0.3389538447762839,12.0,-6.0,17.66666050569274,-12.333332024871247,76966.1953125,7267.818359375,25,-75889.53125,1.442406876790831,1.0,-37.20137697330512,-535315575.3928365,11344,30.641748942172075,0.6328335003093162,-35629.33984375,-3.140809224590092,11341,28.98333480292743,0.5846044855590983,-41262.33984375,-3.6383334665152987
SMA 34_two_confirm_fixed_6_RR3,SMA,34,two_confirm,fixed_6,fixed_RR,3,,22685,22685,6326,16359,0,27.886268459334364,113868.0,98154.0,175019.28125,201760.984375,30246.6640625,22685.0,-26741.681640625,0.8674585019108703,-1.1788266096815077,-0.11788266096815077,18.0,-6.0,27.666658433449257,-12.333332378201602,27098.619140625,2042.6097412109375,25,-25744.287109375,1.7432664756446992,1.0,-9.898175073677002,-186174082.0885356,11344,28.667136812411847,0.901510814062626,-9829.33984375,-0.8664791822769746,11341,27.105193545542722,0.8341271011297667,-16912.33984375,-1.4912564891764395
SMA 34_two_confirm_fixed_6_RR4,SMA,34,two_confirm,fixed_6,fixed_RR,4,,22685,22685,5162,17523,0,22.75512453162883,123888.0,105138.0,194435.328125,216117.015625,30246.6640625,22685.0,-21681.65625,0.8996761664633504,-0.9557706083314966,-0.09557706083314967,24.0,-6.0,37.66666565769082,-12.333334225018547,21985.66796875,1735.7103271484375,29,-20681.3359375,1.8588053780030858,1.0,-6.867182261508383,-150946475.74414748,11344,23.448519040902678,0.9354885958581507,-6909.328125,-0.6090733537552891,11341,22.06154660082885,0.8644917426290519,-14772.3291015625,-1.3025596597797813
SMA 34_two_confirm_fixed_6_RR5,SMA,34,two_confirm,fixed_6,fixed_RR,5,,22681,22681,4343,18338,0,19.148185706097614,130290.0,110028.0,207016.3125,226168.6875,30241.330078125,22681.0,-19152.32421875,0.9153181847951433,-0.8444215078149112,-0.08444215078149112,30.0,-6.0,47.66666186967534,-12.333334469407788,19617.712890625,1390.3414306640625,43,-18150.43359375,2.223755566333054,1.0,-5.386794648647816,-66674582.11250392,11341,19.77779737236575,0.9528348062447825,-5292.328125,-0.46665445066572614,11340,18.51851851851852,0.878378318161367,-13859.99609375,-1.2222218777557319
SMA 34_two_confirm_fixed_6_RR6,SMA,34,two_confirm,fixed_6,fixed_RR,6,,22667,22667,3742,18925,0,16.50858075616535,134712.0,113550.0,215788.6875,233408.34375,30222.6640625,22667.0,-17619.66015625,0.9245114550451884,-0.777326516797547,-0.07773265167975471,36.0,-6.0,57.666672234099416,-12.333333883751651,17983.759765625,1497.3988037109375,56,-16616.48046875,2.5577270922486433,1.0,-4.50325645890268,-122715782.98353037,11335,16.929863255403617,0.9529122837514798,-5468.330078125,-0.4824287673687693,11332,16.087186727850337,0.8963883923450369,-12151.330078125,-1.0723023365800388
SMA 34_two_confirm_fixed_6_MAexit9,SMA,34,two_confirm,fixed_6,ma_close,,9,22685,22685,3712,18973,0,16.363235618249945,142704.0,106548.0,229178.65625,221850.34375,30246.6640625,22685.0,7328.32958984375,1.0330326848997726,0.3230473700614393,0.03230473700614393,38.443965911865234,-5.615769863128662,61.739939722521555,-11.692950179202024,6712.65087890625,523.0637817382812,56,8328.666015625,3.3381970465065023,1.0,1.243958241100002,19.874054122548394,11344,16.828279266572636,1.0849090001361594,9353.998046875,0.824576696656823,11341,15.898068953355082,0.9818627571337245,-2025.6683349609375,-0.17861461378722665
SMA 34_two_confirm_fixed_6_MAexit21,SMA,34,two_confirm,fixed_6,ma_close,,21,22677,22677,2930,19747,0,12.92058032367597,145968.0,113190.0,236443.328125,234726.34375,30235.99609375,22677.0,1716.9921875,1.007314834575316,0.07571513813555585,0.007571513813555584,49.81843185424805,-5.7320098876953125,80.69738161262799,-11.886683736770141,11107.8486328125,837.275390625,69,2717.0419921875,4.853993032588085,1.0,0.25363782329599516,5.519681014667589,11340,13.271604938271606,1.0633747054387594,7403.33203125,0.6528511491402117,11337,12.569462820852076,0.9517730487055421,-5686.3369140625,-0.5015733363378759
SMA 34_two_confirm_fixed_6_MAexit34,SMA,34,two_confirm,fixed_6,ma_close,,34,22664,22664,2399,20265,0,10.58506883162725,152640.0,118074.0,248802.328125,244075.015625,30218.6640625,22664.0,4727.3203125,1.0193682769532753,0.20858278823243911,0.02085827882324391,63.62651062011719,-5.826498985290527,103.71084957273864,-12.044165587219343,12837.33984375,681.1463623046875,69,5727.103515625,6.154385810095305,1.0,0.6250477520021321,18.73885355271374,11334,10.834656784895007,1.0723044262798027,8797.330078125,0.7761893486964002,11330,10.335392762577229,0.9667494183595915,-4070.00537109375,-0.3592237750303398
SMA 34_two_confirm_fixed_8_RR2,SMA,34,two_confirm,fixed_8,fixed_RR,2,,22685,22685,7956,14729,0,35.07163323782235,127296.0,117832.0,145197.0,173065.75,22685.0,17013.75,-27868.75,0.8389701601847852,-1.228510028653295,-0.1228510028653295,16.0,-8.0,18.25,-11.75,28043.5,2424.859375,23,-26868.75,1.511527441040335,2.0,-12.925030750452812,0.0,11344,35.67524682651622,0.8614178371175564,-11882.0,-1.047425952045134,11341,34.46785997707433,0.8169302384169663,-15986.75,-1.4096420068777005
SMA 34_two_confirm_fixed_8_RR3,SMA,34,two_confirm,fixed_8,fixed_RR,3,,22685,22685,6171,16514,0,27.20299757549041,148104.0,132112.0,174330.75,194039.5,22685.0,17013.75,-19708.75,0.8984291858101057,-0.8688009698038351,-0.08688009698038351,24.0,-8.0,28.25,-11.75,19875.25,1746.12353515625,29,-18708.75,2.0076261847035486,2.0,-7.351307681849201,0.0,11344,27.732722143864596,0.9226381110078743,-7452.0,-0.6569111424541608,11341,26.673132880698354,0.8745637734999437,-12256.75,-1.0807468477206597
SMA 34_two_confirm_fixed_8_RR4,SMA,34,two_confirm,fixed_8,fixed_RR,4,,22674,22674,4975,17699,0,21.94143071359266,159200.0,141592.0,190293.75,207963.25,22674.0,17005.5,-17669.5,0.9150354690071443,-0.7792846432036694,-0.07792846432036694,32.0,-8.0,38.25,-11.75,17831.0,1587.4471435546875,41,-16669.5,2.506174472964629,2.0,-5.670840210542576,0.0,11337,22.501543618241158,0.9451763201611849,-5659.75,-0.4992281908794214,11337,21.381317808944164,0.8853240903199009,-12009.75,-1.0593410955279174
SMA 34_two_confirm_fixed_8_RR5,SMA,34,two_confirm,fixed_8,fixed_RR,5,,22635,22635,4180,18455,0,18.46697592224431,167200.0,147640.0,201685.0,216846.25,22635.0,16976.25,-15161.25,0.9300829504775849,-0.6698144466534128,-0.06698144466534128,40.0,-8.0,48.25,-11.75,15422.75,1271.193115234375,41,-14161.25,3.0135630660481554,2.0,-4.328414788143967,0.0,11321,18.752760356858936,0.9477985501010858,-5641.75,-0.4983437858846392,11314,18.181014672087677,0.9124802622052547,-9519.5,-0.8413911967473926
SMA 34_two_confirm_fixed_8_RR6,SMA,34,two_confirm,fixed_8,fixed_RR,6,,22570,22570,3585,18985,0,15.883916703588834,172080.0,151880.0,208826.25,223073.75,22570.0,16927.5,-14247.5,0.9361309880700889,-0.6312583074878156,-0.06312583074878156,48.0,-8.0,58.25,-11.75,14430.75,1219.5859375,54,-13247.5,3.5225077536552947,2.0,-3.706436214129437,0.0,11290,16.093888396811337,0.9508794311267634,-5467.5,-0.4842781222320638,11280,15.673758865248228,0.9214430148703542,-8780.0,-0.7783687943262412
SMA 34_two_confirm_fixed_8_MAexit9,SMA,34,two_confirm,fixed_8,ma_close,,9,22685,22685,4462,18223,0,19.66938505620454,169264.0,134008.0,203771.5,199400.25,22685.0,17013.75,4371.25,1.0219219885632038,0.19269340974212035,0.019269340974212033,37.9345588684082,-7.35378360748291,45.66819811743613,-10.9422295999561,5650.25,477.8223876953125,41,5371.25,3.7651311439277055,2.0,0.9010362321487415,10.650790722945779,11344,20.186882933709448,1.0732432173329498,7258.0,0.6398095909732017,11341,19.15175028657085,0.971220493341608,-2886.75,-0.2545410457631602
SMA 34_two_confirm_fixed_8_MAexit21,SMA,34,two_confirm,fixed_8,ma_close,,21,22673,22673,3553,19120,0,15.670621444008292,175944.0,144016.0,213712.25,213480.0,22673.0,17004.75,232.25,1.0010879239273,0.010243461385789264,0.0010243461385789263,49.51984405517578,-7.532217502593994,60.149802983394316,-11.165271966527197,8780.0,547.8939208984375,47,1232.25,5.637586556697394,2.0,0.041387485261442564,0.6573669588959312,11338,15.964014817428119,1.053844487966555,5718.5,0.5043658493561475,11335,15.37715041905602,0.9488585517729967,-5486.25,-0.4840097044552272
SMA 34_two_confirm_fixed_8_MAexit34,SMA,34,two_confirm,fixed_8,ma_close,,34,22660,22660,2962,19698,0,13.071491615180935,187424.0,151736.0,229096.5,224141.5,22660.0,16995.0,4955.0,1.0221065710722914,0.21866725507502208,0.021866725507502207,63.27616500854492,-7.7031168937683105,77.34520594193113,-11.378896334653264,9103.75,448.5158386230469,64,5955.0,7.295586937334511,2.0,0.7821212042597956,17.41316998550176,11332,13.298623367454995,1.0722292466236252,8069.0,0.7120543593363925,11328,12.84427966101695,0.9723022118649532,-3114.0,-0.2748940677966102
SMA 34_two_confirm_fixed_10_RR2,SMA,34,two_confirm,fixed_10,fixed_RR,2,,22644,22644,7980,14664,0,35.2411234764176,159600.0,146640.0,148428.03125,167169.578125,18115.203125,13586.3984375,-18741.611328125,0.8878890101583786,-0.8276634573452128,-0.08276634573452128,20.0,-10.0,18.6000039160401,-11.3999985082515,19111.763671875,1419.681640625,21,-17746.962890625,2.2729641406111996,3.0,-8.690295722158544,-65298060.82335355,11322,35.532591414944356,0.8992798595397485,-8380.8056640625,-0.7402230757871843,11322,34.949655537890834,0.876600061766034,-10360.806640625,-0.9151039251567744
SMA 34_two_confirm_fixed_10_RR3,SMA,34,two_confirm,fixed_10,fixed_RR,3,,22602,22602,6042,16560,0,26.732147597557738,181260.0,165600.0,172801.21875,188784.0,18081.6015625,13561.19921875,-15982.8125,0.9153382635710653,-0.7071415140253074,-0.07071415140253075,30.0,-10.0,28.60000310327706,-11.4,16443.5703125,1160.7764892578125,32,-14986.5751953125,2.9762852844880983,3.0,-6.005457804909598,-111475565.8268666,11296,27.17776203966006,0.9362911840316951,-5974.40625,-0.5288957374291785,11306,26.286927295241462,0.8946568666832827,-10008.40625,-0.8852296347072351
SMA 34_two_confirm_fixed_10_RR4,SMA,34,two_confirm,fixed_10,fixed_RR,4,,22512,22512,4859,17653,0,21.58404406538735,194360.0,176530.0,187557.40625,201244.21875,18009.6015625,13507.19921875,-13686.802734375,0.9319890400578278,-0.607978088769323,-0.0607978088769323,40.0,-10.0,38.60000128627289,-11.400001062142412,14120.0498046875,1018.321533203125,39,-12688.65625,3.6938077469793886,3.0,-4.434618916184713,-95652184.55084638,11250,21.84888888888889,0.9466220572801858,-5350.001953125,-0.47555572916666666,11262,21.319481442017405,0.9174699682257625,-8336.8017578125,-0.7402594350748091
SMA 34_two_confirm_fixed_10_RR5,SMA,34,two_confirm,fixed_10,fixed_RR,5,,22326,22325,4044,18281,1,18.114221724524075,202200.0,182810.0,196538.390625,208403.40625,17860.0,13395.0,-11865.005859375,0.9430670743895291,-0.531467227743561,-0.0531467227743561,50.0,-10.0,48.59999768175074,-11.400000341885017,12355.9140625,850.0213623046875,39,-10865.7451171875,4.6094960806271,3.0,-3.43642499783532,0.0,11159,18.370821758222064,0.9594326690191353,-4212.6025390625,-0.3775071726017116,11166,17.85778255418234,0.9268137416752797,-7652.40380859375,-0.6853308085790569
SMA 34_two_confirm_fixed_10_RR6,SMA,34,two_confirm,fixed_10,fixed_RR,6,,22051,22050,3445,18605,1,15.623582766439908,206700.0,186050.0,201876.96875,212097.015625,17640.001953125,13229.9990234375,-10220.0068359375,0.9518142825117839,-0.46349237351190475,-0.046349237351190474,60.0,-10.0,58.59999092888244,-11.400000839828003,10626.1953125,794.3035888671875,47,-9220.4267578125,5.375238095238095,3.0,-2.7079955757944303,0.0,11017,15.929926477262413,0.9740136059555856,-2743.802734375,-0.24905171411228103,11033,15.317683313695277,0.9298074927821988,-7476.2041015625,-0.6776220521673616
SMA 34_two_confirm_fixed_10_MAexit9,SMA,34,two_confirm,fixed_10,ma_close,,9,22672,22672,5049,17623,0,22.269760056457304,188440.0,154038.0,181371.40625,178710.234375,18137.6015625,13603.19921875,2661.18798828125,1.0148909875492407,0.11737773413378837,0.011737773413378836,37.322242736816406,-8.740736961364746,35.92224326599327,-10.140738488055382,4724.62451171875,353.1108093261719,37,3662.75244140625,4.244795342272407,3.0,0.6538880549327919,6.033085696886093,11336,22.688779110797462,1.0598047963082375,5325.5947265625,0.46979487707855505,11336,21.85074100211715,0.970283424699287,-2664.40673828125,-0.2350394088109783
SMA 34_two_confirm_fixed_10_MAexit21,SMA,34,two_confirm,fixed_10,ma_close,,21,22649,22648,4098,18550,1,18.094312963617096,201864.0,168420.0,196126.78125,194390.03125,18118.40234375,13588.798828125,1736.7880859375,1.00893435732703,0.07668615709720505,0.007668615709720506,49.259151458740234,-9.079245567321777,47.85914622986823,-10.479246967654987,6547.2294921875,415.9610595703125,47,2737.9853515625,6.549540798304486,3.0,0.3607829924679906,4.550499408355532,11325,18.29580573951435,1.0475122061992477,4602.9951171875,0.4064454849613687,11323,17.89278459772145,0.9706059206385896,-2866.20654296875,-0.2531313735731476
SMA 34_two_confirm_fixed_10_MAexit34,SMA,34,two_confirm,fixed_10,ma_close,,34,22653,22652,3432,19220,1,15.15098004591206,215872.0,179630.0,211067.171875,206538.0,18121.603515625,13591.1982421875,4529.189453125,1.0219290003534458,0.19994655894071164,0.019994655894071164,62.89976501464844,-9.345993995666504,61.49975870483683,-10.745993756503642,6588.65869140625,370.8159484863281,47,5530.80029296875,8.556860321384425,3.0,0.8333068003882684,14.209945856691386,11329,15.323506046429516,1.0648782654212277,6683.3955078125,0.5899369324576309,11323,14.978362624746092,0.9791912276208233,-2154.20654296875,-0.1902505116107701
SMA 34_two_confirm_candle_RR2,SMA,34,two_confirm,candle,fixed_RR,2,,22112,22112,7796,14316,0,35.256874095513744,190370.0,177148.0,145938.578125,161629.78125,16257.828125,12193.37109375,-15691.2060546875,0.9029188618356804,-0.7096240075383276,-0.07096240075383276,24.41893196105957,-12.374126434326172,18.719673951385325,-11.29014957041073,15892.2021484375,1345.7169189453125,20,-14692.0322265625,3.100578871201158,2.0,-7.352436050120838,-144.16666703647982,11065,35.82467239042024,0.9247722879762755,-6037.39794921875,-0.5456301806795074,11047,34.688150629130085,0.8813663187784011,-9653.8076171875,-0.8738850020084639
SMA 34_two_confirm_candle_RR3,SMA,34,two_confirm,candle,fixed_RR,3,,21679,21679,5892,15787,0,27.17837538631856,215058.0,195296.0,169184.65625,178184.53125,15937.05859375,11952.79296875,-8999.85546875,0.9494912665153138,-0.4151416333202638,-0.041514163332026385,36.5,-12.370684623718262,28.714300110319076,-11.28678857604358,9193.640625,789.660400390625,31,-8000.166015625,4.418238848655381,3.0,-3.432616416876561,-87.41519626877076,10834,27.441388222263246,0.9614274277972782,-3425.5205078125,-0.3161824356481909,10845,26.915629322268327,0.9376315468126369,-5574.3349609375,-0.5140004574400645
SMA 34_two_confirm_candle_RR4,SMA,34,two_confirm,candle,fixed_RR,4,,21197,21196,4598,16598,1,21.692772221173804,222912.0,205266.0,177981.71875,187320.875,15588.076171875,11691.0576171875,-9339.140625,0.9501435371258008,-0.44060863488394036,-0.04406086348839404,48.48020935058594,-12.366911888122559,38.708507775119614,-11.28574978913122,9600.6318359375,761.2117919921875,38,-8339.4013671875,5.701217210794489,3.0,-3.1116577959687253,-93.356798272015,10570,21.996215704824976,0.966421780481225,-3127.2119140625,-0.29585732394157993,10626,21.390927912667042,0.934047988746002,-6211.9287109375,-0.5845970930677112
SMA 34_two_confirm_candle_RR5,SMA,34,two_confirm,candle,fixed_RR,5,,20652,20651,3754,16897,1,18.178296450535083,226810.0,208883.0,182832.265625,190696.703125,15196.8251953125,11397.619140625,-7864.4501953125,0.9587594469588447,-0.38082660381155875,-0.038082660381155875,60.41822052001953,-12.36213493347168,48.70332062466702,-11.285831989406404,8239.6240234375,599.2542114257812,43,-6864.64453125,6.974432230884703,3.0,-2.364532009125824,-80.1299765814804,10324,18.626501356063542,0.9870214975792913,-1231.6251220703125,-0.1192972803245169,10327,17.73022174881379,0.9307634450666484,-6632.8251953125,-0.6422799646860172
SMA 34_two_confirm_candle_RR6,SMA,34,two_confirm,candle,fixed_RR,6,,20031,20030,3151,16879,1,15.731402895656515,227976.0,208530.0,184967.1875,190513.34375,14752.1015625,11064.076171875,-5546.1826171875,0.9708883580497232,-0.2768937901741138,-0.02768937901741138,72.3503646850586,-12.35440444946289,58.701106791494766,-11.287004191599028,8272.638671875,223.37400817871094,50,-4546.2294921875,8.297453819271093,3.0,-1.5373426376196446,-57.33674837734987,10021,16.34567408442271,1.0153408539728022,1452.914794921875,0.1449870067779538,10009,15.116395244280149,0.9269439521317082,-6999.09765625,-0.6992804132530722
SMA 34_two_confirm_candle_MAexit9,SMA,34,two_confirm,candle,ma_close,,9,22526,22526,5421,17105,0,24.065524283050696,203072.0,163850.0,173519.28125,163241.875,16566.908203125,12425.1796875,10277.40234375,1.062958148759318,0.4562462196461866,0.04562462196461866,37.46024703979492,-9.579070091247559,32.00872186865892,-9.543517977199649,2978.1259765625,127.44483947753906,33,11276.708984375,4.52774571606144,3.0,2.5350551985604874,19.892882271249135,11282,24.552384329019677,1.108217153376723,8815.7685546875,0.7814012191710247,11244,23.577018854500178,1.0178731497312516,1461.635009765625,0.12999244128118329
SMA 34_two_confirm_candle_MAexit21,SMA,34,two_confirm,candle,ma_close,,21,22485,22484,4478,18006,1,19.916384984878135,220280.0,183201.0,187961.25,179496.46875,16515.912109375,12386.93359375,8464.7802734375,1.0471584834450955,0.3764801758333704,0.03764801758333704,49.19160461425781,-10.174442291259766,41.974374720857526,-9.968703140619793,3143.140625,184.2194366455078,47,9464.150390625,7.13187155310443,3.0,1.7935883466207072,18.399031696944792,11255,20.115504220346516,1.0906494190441072,8100.78271484375,0.7197496859034873,11229,19.716804702110608,1.0040384894253587,363.999755859375,0.03241604380259818
SMA 34_two_confirm_candle_MAexit34,SMA,34,two_confirm,candle,ma_close,,34,22564,22563,3821,18742,1,16.934804768869387,240920.0,197331.0,205601.0,191858.5625,16583.359375,12437.5205078125,13742.4296875,1.0716279603106065,0.6090692588529895,0.060906925885298946,63.05155563354492,-10.528812408447266,53.808165401727294,-10.236824378401451,2641.509765625,136.79379272460938,47,14741.6376953125,9.422860435225813,3.0,2.586212609899397,33.95038545053949,11296,17.209631728045327,1.1239133697969677,11860.1484375,1.0499423191837818,11267,16.65927043578592,1.0195775373937441,1882.2802734375,0.1670613538153457
SMA 55_one_break_fixed_6_RR2,SMA,55,one_break,fixed_6,fixed_RR,2,,25686,25686,7706,17980,0,30.000778634275484,92472.0,107880.0,136139.28125,221753.34375,34247.99609375,25686.0,-85614.015625,0.6139221125047861,-3.3331003513587167,-0.33331003513587165,12.0,-6.0,17.666659907864002,-12.333333912680756,85731.6484375,7826.9921875,30,-84618.6484375,1.4497391575177139,1.0,-38.85640160846679,-560139936.1394799,12845,30.36200856364344,0.6245370958533618,-41421.671875,-3.224731169715843,12841,29.63943618098279,0.6034129378892081,-44192.34375,-3.441503290242193
SMA 55_one_break_fixed_6_RR3,SMA,55,one_break,fixed_6,fixed_RR,3,,25669,25669,7182,18487,0,27.979274611398964,129276.0,110922.0,198701.9375,228006.34375,34225.328125,25669.0,-29304.34765625,0.8714754784097976,-1.1416240467587362,-0.11416240467587362,18.0,-6.0,27.666657964355334,-12.333333896792341,29805.9609375,2034.07421875,30,-28312.9609375,1.7516849117612685,1.0,-10.18639818234755,-191790686.5994288,12833,28.333203459830123,0.8868576192379116,-12833.673828125,-1.0000525074514923,12836,27.62542848239327,0.8562473245603688,-16470.673828125,-1.2831624982958088
SMA 55_one_break_fixed_6_RR4,SMA,55,one_break,fixed_6,fixed_RR,4,,25608,25608,5796,19812,0,22.633552014995313,139104.0,118872.0,218315.984375,244348.015625,34143.99609375,25608.0,-26031.986328125,0.8934632999436702,-1.0165567919449001,-0.10165567919449,24.0,-6.0,37.66666397084196,-12.333334121996769,26604.814453125,1741.5330810546875,32,-25036.826171875,1.8694158075601375,1.0,-7.774934867698421,-170576566.34341702,12800,22.984375,0.9114451234914295,-10766.66015625,-0.8411453247070313,12808,22.282948157401623,0.8756548996378972,-15265.3271484375,-1.1918587717393425
SMA 55_one_break_fixed_6_RR5,SMA,55,one_break,fixed_6,fixed_RR,5,,25544,25544,4847,20697,0,18.975101785155026,145410.0,124182.0,231040.3125,255263.015625,34058.6640625,25544.0,-24222.654296875,0.9051068833231019,-0.9482717779860241,-0.09482717779860242,30.0,-6.0,47.66666236847534,-12.333334088273663,24692.11328125,1792.314208984375,44,-23224.125,2.2330880050109614,1.0,-6.442059310175697,-158919496.1098084,12768,19.227756892230577,0.9200273451104031,-10171.994140625,-0.7966787390840382,12776,18.722604884157796,0.8902884399296377,-14050.662109375,-1.0997700461314184
SMA 55_one_break_fixed_6_RR6,SMA,55,one_break,fixed_6,fixed_RR,6,,25471,25471,4148,21323,0,16.285187075497625,149328.0,127938.0,239201.359375,262983.6875,33961.328125,25471.0,-23782.32421875,0.9095672877999325,-0.9337020226433984,-0.09337020226433984,36.0,-6.0,57.66667294479267,-12.333334310369086,24342.587890625,1717.088134765625,57,-22784.599609375,2.570570452671666,1.0,-5.765483695775723,-156254028.955881,12727,16.453209711636678,0.9207999016321017,-10386.328125,-0.816086125952699,12744,16.117388575015692,0.8983945672266826,-13395.99609375,-1.0511610243055556
SMA 55_one_break_fixed_6_MAexit9,SMA,55,one_break,fixed_6,ma_close,,9,25613,25613,4228,21385,0,16.507242415960647,156160.0,117372.0,250401.328125,245518.34375,34150.66015625,25613.0,4882.99609375,1.0198884706552604,0.19064522288486316,0.019064522288486315,36.93471908569336,-5.48852014541626,59.224533615184484,-11.480867138180969,8428.5205078125,485.6070556640625,60,5882.53515625,3.2768125561238435,1.0,0.8072661225349429,10.926107707424464,12804,16.83848797250859,1.050178868241177,6140.6669921875,0.47958973697184476,12809,16.176126161292842,0.9897868363795778,-1257.66845703125,-0.09818631095567569
SMA 55_one_break_fixed_6_MAexit21,SMA,55,one_break,fixed_6,ma_close,,21,25559,25558,4505,21053,1,17.626574849362235,155208.0,119448.0,248168.328125,248203.6875,34077.328125,25558.0,-35.33984375,0.9998575388812465,-0.0013827311898427107,-0.00013827311898427107,34.45238494873047,-5.673680782318115,55.08730923973363,-11.78946884054529,10676.9150390625,872.7723999023438,46,964.4564208984375,4.247671961812348,1.0,-0.005228901835880239,-0.09747621184564532,12769,17.62863184274415,1.02408366122526,2982.330810546875,0.23356024830032696,12789,17.624521072796934,0.9757366623001344,-3017.669677734375,-0.2359582201684553
SMA 55_one_break_fixed_6_MAexit34,SMA,55,one_break,fixed_6,ma_close,,34,25578,25577,3974,21603,1,15.537396880009382,161536.0,122478.0,259954.0,254537.015625,34102.6640625,25577.0,5416.98974609375,1.0212817155952698,0.2117914433316554,0.02117914433316554,40.64821243286133,-5.669490337371826,65.41368897835933,-11.78248463755034,7518.84765625,391.1313171386719,47,6416.30615234375,5.308988544395355,1.0,0.7171407920677553,14.846372020689337,12782,15.584415584415584,1.0493132203440636,6271.998046875,0.49068988005593805,12795,15.490425947635794,0.9932861145103897,-855.00537109375,-0.06682339750635014
SMA 55_one_break_fixed_6_MAexit55,SMA,55,one_break,fixed_6,ma_close,,55,25665,25664,2446,23218,1,9.530860349127183,172464.0,131742.0,281732.625,273745.34375,34218.6640625,25664.0,7987.31982421875,1.0291777793937362,0.31122661409829916,0.031122661409829916,70.50858306884766,-5.674132347106934,115.18095870809485,-11.790220680075803,8467.5380859375,268.2442932128906,70,8989.896484375,7.245129364089776,1.0,0.9026519573903456,21.999849860058383,12832,9.72568578553616,1.0690967271907248,9421.9951171875,0.7342577242197241,12832,9.336034912718205,0.9895573648333892,-1434.673828125,-0.11180438186759663
SMA 55_one_break_fixed_8_RR2,SMA,55,one_break,fixed_8,fixed_RR,2,,25686,25686,9128,16558,0,35.53686833294402,146048.0,132464.0,166586.0,194556.5,25686.0,19264.5,-27970.5,0.8562345642525436,-1.0889395001167952,-0.10889395001167952,16.0,-8.0,18.25,-11.75,28317.75,2130.756103515625,19,-26970.5,1.5204780814451453,2.0,-12.154454735395735,0.0,12845,35.764889061891786,0.8647875048027706,-13108.75,-1.020533281432464,12841,35.30877657503309,0.8477392816619667,-14861.75,-1.157367027490071
SMA 55_one_break_fixed_8_RR3,SMA,55,one_break,fixed_8,fixed_RR,3,,25586,25586,6999,18587,0,27.354803408113813,167976.0,148696.0,197721.75,218397.25,25586.0,19189.5,-20675.5,0.905330767672212,-0.8080786367544751,-0.08080786367544751,24.0,-8.0,28.25,-11.75,21197.25,1419.30029296875,31,-19675.5,2.0230594856562183,2.0,-7.248941436355817,0.0,12787,27.645264721983263,0.9186167913090671,-8847.25,-0.6918941112066943,12799,27.0646144230018,0.8921628736509818,-11828.25,-0.9241542307992812
SMA 55_one_break_fixed_8_RR4,SMA,55,one_break,fixed_8,fixed_RR,4,,25478,25478,5598,19880,0,21.971897323180784,179136.0,159040.0,214123.5,233590.0,25478.0,19108.5,-19466.5,0.9166638126632133,-0.7640513384096083,-0.07640513384096083,32.0,-8.0,38.25,-11.75,19980.25,1365.2374267578125,35,-18466.5,2.5287306695972998,2.0,-5.890821911077333,0.0,12736,22.298994974874372,0.934226594884673,-7648.0,-0.6005025125628141,12742,21.644953696436982,0.8992558306055647,-11818.5,-0.92752315178151
SMA 55_one_break_fixed_8_RR5,SMA,55,one_break,fixed_8,fixed_RR,5,,25355,25355,4642,20713,0,18.30802603036876,185680.0,165704.0,223976.5,243377.75,25355.0,19016.25,-19401.25,0.9202833866283997,-0.7651843817787418,-0.07651843817787418,40.0,-8.0,48.25,-11.75,20080.25,1271.908203125,50,-18401.25,3.0360086767895877,2.0,-5.2509299984208315,0.0,12667,18.425830899186863,0.9275426180528816,-8797.25,-0.6945014604878819,12688,18.19041614123581,0.9130570245562252,-10604.0,-0.835750315258512
SMA 55_one_break_fixed_8_RR6,SMA,55,one_break,fixed_8,fixed_RR,6,,25194,25194,4013,21181,0,15.92839564975788,192624.0,169448.0,233757.25,248876.75,25194.0,18895.5,-15119.5,0.9392490459635141,-0.6001230451694848,-0.06001230451694848,48.0,-8.0,58.25,-11.75,15751.5,1002.9608764648438,62,-14119.5,3.5375883146780978,2.0,-3.7186059029075547,0.0,12591,16.12262727344929,0.9529037990035598,-5844.25,-0.4641609085854976,12603,15.734348964532256,0.9256701526625797,-9275.25,-0.735955724827422
SMA 55_one_break_fixed_8_MAexit9,SMA,55,one_break,fixed_8,ma_close,,9,25597,25597,5068,20529,0,19.79919521818963,184368.0,146280.0,221591.0,218775.75,25597.0,19197.75,2815.25,1.0128681995148,0.10998359182716724,0.010998359182716725,36.378849029541016,-7.125529766082764,43.72355958958169,-10.656912173023528,7753.75,443.4515380859375,47,3815.25,3.6944954486853927,2.0,0.5760694576943672,5.639379951540308,12797,20.090646245213723,1.0422698068882772,4615.25,0.3606509338126123,12800,19.5078125,0.9835751811862825,-1800.0,-0.140625
SMA 55_one_break_fixed_8_MAexit21,SMA,55,one_break,fixed_8,ma_close,,21,25530,25529,5360,20169,1,20.995730345881157,184640.0,150080.0,221420.0,222895.75,25529.0,19146.75,-1475.75,0.9933791918419261,-0.05780680794390693,-0.005780680794390693,34.44776153564453,-7.441122531890869,41.309701492537314,-11.05140314343795,9374.5,726.5645751953125,35,-475.75,4.918602373771005,1.0,-0.2686679354763428,-3.6233337905437106,12758,21.00642733970842,1.0180014645563877,2003.5,0.15703872080263365,12771,20.985044240858194,0.9688237152131399,-3479.25,-0.2724336387127085
SMA 55_one_break_fixed_8_MAexit34,SMA,55,one_break,fixed_8,ma_close,,34,25551,25550,4753,20797,1,18.602739726027398,193264.0,154736.0,233262.25,229814.75,25550.0,19162.5,3447.5,1.0150012129334605,0.13493150684931507,0.013493150684931506,40.661476135253906,-7.440303802490234,49.076846202398485,-11.050379862480165,6263.0,351.55767822265625,45,4447.5,6.22825831702544,1.0,0.5597577344449576,8.455266066473897,12774,18.592453421011427,1.049134777944834,5645.5,0.44195240331924224,12776,18.613024420788978,0.9808730687064086,-2198.0,-0.17204132748904197
SMA 55_one_break_fixed_8_MAexit55,SMA,55,one_break,fixed_8,ma_close,,55,25658,25657,3009,22648,1,11.727793584596796,209200.0,168784.0,256234.25,250614.0,25657.0,19242.75,5620.25,1.022425921935726,0.21905327980668043,0.021905327980668042,69.5247573852539,-7.452490329742432,85.15594882020605,-11.065612857647475,7169.25,283.36956787109375,66,6620.25,8.647230775227033,2.0,0.7731867548054775,13.896201510134665,12830,12.00311769290725,1.077798481296708,9707.5,0.7566250974279034,12827,11.452405083027987,0.9675193604399359,-4087.25,-0.3186442660014033
SMA 55_one_break_fixed_10_RR2,SMA,55,one_break,fixed_10,fixed_RR,2,,24376,24376,8787,15589,0,36.047751887102066,175740.0,155890.0,163438.203125,177714.578125,19500.802734375,14625.5986328125,-14276.412109375,0.9196668323407978,-0.585674930643871,-0.0585674930643871,20.0,-10.0,18.60000035563901,-11.39999859676695,14631.607421875,1185.1292724609375,18,-13281.9365234375,2.30312602559895,3.0,-6.348185303128327,-47941076.42899512,12178,36.38528494005584,0.933203395980794,-5899.2060546875,-0.4844150151656676,12198,35.710772257747166,0.9062942517742657,-8377.2060546875,-0.6867688190430808
SMA 55_one_break_fixed_10_RR3,SMA,55,one_break,fixed_10,fixed_RR,3,,23732,23732,6475,17257,0,27.28383617057138,194250.0,172570.0,185185.03125,196729.8125,18985.6015625,14239.19921875,-11544.8125,0.9413165645649156,-0.4864660584864318,-0.04864660584864318,30.0,-10.0,28.600004826254825,-11.400000724343744,12111.802734375,926.6869506835938,29,-10546.30078125,3.0321506826226194,3.0,-4.206215407356284,0.0,11865,27.661188369152974,0.9593138594257538,-3981.00634765625,-0.3355251873288032,11867,26.906547568888517,0.9235080826558876,-7563.80712890625,-0.6373815731782464
SMA 55_one_break_fixed_10_RR4,SMA,55,one_break,fixed_10,fixed_RR,4,,23280,23280,5077,18203,0,21.808419243986254,203080.0,182030.0,195972.21875,207514.203125,18624.0,13968.0,-11542.00390625,0.9443797860522951,-0.4957905458011168,-0.04957905458011168,40.0,-10.0,38.60000369312586,-11.400000171674998,12261.748046875,902.6607666015625,33,-10544.923828125,3.7664518900343644,3.0,-3.66376462516333,0.0,11639,22.132485608729272,0.9624016520564125,-3884.6015625,-0.3337573298822923,11641,21.484408555965985,0.9265097448558486,-7657.40234375,-0.6577959233528048
SMA 55_one_break_fixed_10_RR5,SMA,55,one_break,fixed_10,fixed_RR,5,,22871,22871,4204,18667,0,18.381356302741462,210200.0,186670.0,204314.40625,212803.8125,18296.802734375,13722.5986328125,-8489.404296875,0.9601068883575571,-0.3711864062295046,-0.03711864062295046,50.0,-10.0,48.60000148667935,-11.400000669630899,9427.6005859375,686.84228515625,41,-7488.173828125,4.697520877967732,3.0,-2.4154603313444887,0.0,11435,18.810668998688236,0.9877264801456594,-1299.0028076171875,-0.11359884631545146,11436,17.952081147254283,0.9327787091629556,-7190.40283203125,-0.6287515592891963
SMA 55_one_break_fixed_10_RR6,SMA,55,one_break,fixed_10,fixed_RR,6,,22475,22474,3553,18921,1,15.809379727685325,213180.0,189210.0,208205.78125,215699.40625,17979.203125,13484.3984375,-7493.6064453125,0.9652589447032843,-0.33343447741000715,-0.03334344774100072,60.0,-10.0,58.59999472276949,-11.400000330320808,8885.30078125,657.6831665039062,41,-6491.90087890625,5.459820236717985,3.0,-1.9573267640499747,0.0,11220,16.185383244206776,0.9926494926003027,-788.0028076171875,-0.07023197928851939,11254,15.434512173449441,0.9381934799277147,-6705.603515625,-0.5958417909743202
SMA 55_one_break_fixed_10_MAexit9,SMA,55,one_break,fixed_10,ma_close,,9,24978,24978,5598,19380,0,22.41172231563776,203896.0,161506.0,196058.8125,188638.0,19982.40234375,14986.798828125,7420.7861328125,1.0393389057347937,0.2970928870531067,0.02970928870531067,36.42300796508789,-8.333642959594727,35.02301045016077,-9.733642930856552,3524.173095703125,231.8531951904297,37,8420.150390625,4.142245175754664,2.0,1.794131818876309,14.205349653843566,12492,22.734550112071723,1.0791723999010108,7443.19384765625,0.595836843392271,12486,22.08873938811469,0.9997632931105003,-22.40673828125,-0.0017945489573322122
SMA 55_one_break_fixed_10_MAexit21,SMA,55,one_break,fixed_10,ma_close,,21,24654,24653,5909,18744,1,23.968685352695413,203728.0,166186.0,195455.40625,192427.609375,19722.404296875,14791.7978515625,3027.78662109375,1.015734732062796,0.12281615304805703,0.012281615304805702,34.477577209472656,-8.866090774536133,33.07757763580978,-10.266090982447716,5286.076171875,446.6244812011719,32,4029.302734375,5.631160507848944,1.0,0.6542922873906929,6.890437787783094,12330,24.006488240064883,1.0464926248281956,4457.994140625,0.3615567024026764,12323,23.930860991641644,0.9851856299655767,-1430.206298828125,-0.11605991226390693
SMA 55_one_break_fixed_10_MAexit34,SMA,55,one_break,fixed_10,ma_close,,34,24705,24704,5271,19433,1,21.336625647668395,215408.0,172394.0,208028.609375,199600.21875,19763.203125,14822.3984375,8428.388671875,1.0422263596592376,0.3411750595804323,0.034117505958043234,40.86663055419922,-8.871198654174805,39.466630501802314,-10.271199441671383,3779.0712890625,147.23455810546875,42,9426.5009765625,7.189038212435233,2.0,1.613346227257863,19.389949175315397,12341,21.40021067984766,1.0840717732487983,8360.59375,0.6774648529292602,12363,21.27315376526733,1.000676924910634,67.793701171875,0.005483596309299927
SMA 55_one_break_fixed_10_MAexit55,SMA,55,one_break,fixed_10,ma_close,,55,25614,25613,3435,22178,1,13.411158396126968,238504.0,192230.0,233694.96875,223279.21875,20490.404296875,15367.7978515625,10415.7900390625,1.0466489898088647,0.40666029122174285,0.040666029122174284,69.43347930908203,-8.667598724365234,68.03346979621543,-10.067599366489313,4618.0322265625,138.1623077392578,54,11411.3154296875,9.844961542966463,2.0,1.677777403293819,24.20880193283337,12807,13.789333957991722,1.1120059604283463,12434.1953125,0.9708905530178809,12806,13.032953303139152,0.9820211143712156,-2018.40576171875,-0.15761406853964938
SMA 55_one_break_candle_RR2,SMA,55,one_break,candle,fixed_RR,2,,21238,21238,7515,13723,0,35.38468782371221,224858.0,207900.0,142234.9375,151687.15625,12869.8427734375,9652.3828125,-9452.2265625,0.9376860969400631,-0.4450619908889726,-0.04450619908889726,29.92122459411621,-15.149748802185059,18.926804723885564,-11.053498232893682,9646.275390625,843.8846435546875,18,-8452.76953125,4.335153969300311,3.0,-4.522657439261076,-162.28965651962667,10607,35.73112095785802,0.9523235866545066,-3592.759765625,-0.33871592020599606,10631,35.03903677923056,0.9232350641877652,-5859.4677734375,-0.5511680720005173
SMA 55_one_break_candle_RR3,SMA,55,one_break,candle,fixed_RR,3,,20231,20231,5479,14752,0,27.08220058326331,242322.0,220983.0,158394.96875,163249.59375,12402.6376953125,9301.978515625,-4854.61865234375,0.9702625599948851,-0.23995940152952153,-0.02399594015295215,44.227413177490234,-14.979866981506348,28.909466827888302,-11.066268556805857,5515.314453125,558.0889892578125,24,-3854.78955078125,6.166032326627453,4.0,-1.9207822026336547,-84.95594111229317,10077,27.35933313486157,0.9841379507215248,-1284.9698486328125,-0.12751511845120694,10154,26.80716958833957,0.9565950510103027,-3569.648681640625,-0.3515509830254703
SMA 55_one_break_candle_RR4,SMA,55,one_break,candle,fixed_RR,4,,19454,19453,4218,15235,1,21.68303089497764,246908.0,226679.0,164088.171875,168723.046875,12002.7900390625,9002.09375,-4634.88671875,0.9725296864545494,-0.23826076794067752,-0.02382607679406775,58.536746978759766,-14.87883186340332,38.90188996562352,-11.074699499507712,5938.0224609375,600.8623657226562,38,-3635.06591796875,7.91723641597697,4.0,-1.613268364292974,-82.21658175781154,9685,22.137325761486835,0.9988348736460878,-97.3115234375,-0.01004765342669076,9768,21.232596232596233,0.9467434265874372,-4537.5751953125,-0.46453472515484234
SMA 55_one_break_candle_RR5,SMA,55,one_break,candle,fixed_RR,5,,18683,18682,3390,15292,1,18.145808799914356,247630.0,226181.0,165769.09375,169457.75,11582.0859375,8686.564453125,-3688.65380859375,0.9782325904244569,-0.19744426766907985,-0.019744426766907984,73.04719543457031,-14.79080581665039,48.89943768436578,-11.0814641642689,5554.2744140625,529.4569702148438,43,-2688.677978515625,9.7111658280698,4.0,-1.1672588245378976,-66.58852621561513,9309,18.605650445805136,1.0088269887868633,741.2027587890625,0.07962216766452493,9373,17.68910700949536,0.9481808448951112,-4429.85693359375,-0.4726188982816334
SMA 55_one_break_candle_RR6,SMA,55,one_break,candle,fixed_RR,6,,17933,17932,2811,15121,1,15.675886683024759,244800.0,223065.0,165545.28125,167609.34375,11150.900390625,8363.17578125,-2064.08056640625,0.9876852778382171,-0.11510598741948751,-0.011510598741948751,87.0864486694336,-14.75200080871582,58.891953486303805,-11.0845409529793,4974.412109375,460.79779052734375,54,-1064.076904296875,11.519629712246264,4.0,-0.6057764677470119,-37.97349170826467,8925,16.235294117647058,1.0299409902135537,2481.29150390625,0.27801585477941176,9007,15.121572110580658,0.9463586823336252,-4545.37255859375,-0.5046488907065338
SMA 55_one_break_candle_MAexit9,SMA,55,one_break,candle,ma_close,,9,24825,24825,6309,18516,0,25.41389728096677,227696.0,182247.0,157723.140625,146535.3125,14418.74609375,10814.060546875,11187.8291015625,1.0763490242326401,0.4506678389350453,0.04506678389350453,36.09066390991211,-9.842676162719727,24.99970528213663,-7.9139831767120326,2498.6640625,143.1492156982422,34,12187.0361328125,4.561369587109769,3.0,3.1210624067383415,18.480684786556587,12416,25.845682989690722,1.1171714713984038,8532.681640625,0.6872327352307507,12409,24.98186799903296,1.0360199730946351,2655.14990234375,0.21396969154192522
SMA 55_one_break_candle_MAexit21,SMA,55,one_break,candle,ma_close,,21,24173,24172,6778,17394,1,28.040708257488,230768.0,190084.0,161540.34375,152102.75,14145.2744140625,10608.9560546875,9437.6064453125,1.062047489279451,0.390435480941275,0.0390435480941275,34.04662322998047,-10.928135871887207,23.83303979787548,-8.744552719328505,3090.6875,196.01675415039062,34,10437.0185546875,6.404269402614595,2.0,2.323878374916921,17.396135588568555,12105,28.137133415943826,1.0869388648748257,6582.90185546875,0.5438167579899835,12067,27.943979448081546,1.037373073901116,2854.704345703125,0.2365711730921625
SMA 55_one_break_candle_MAexit34,SMA,55,one_break,candle,ma_close,,34,24158,24157,6058,18099,1,25.077617253798074,248272.0,199069.0,171759.15625,157794.875,14139.7685546875,10604.8271484375,13964.27734375,1.0884964182138361,0.5780633913047978,0.05780633913047978,40.98250198364258,-10.998894691467285,28.352452335754375,-8.718430576274931,2006.494140625,102.19915771484375,35,14963.51953125,8.327938071780435,2.0,3.1206021998174305,25.932581415043924,12082,25.128290018208904,1.1292181545098126,10142.478515625,0.8394701635180434,12075,25.026915113871635,1.0481919093863248,3821.79833984375,0.3165050384963768
SMA 55_one_break_candle_MAexit55,SMA,55,one_break,candle,ma_close,,55,25601,25600,4039,21561,1,15.77734375,278504.0,225915.0,190531.34375,175838.96875,14743.27734375,11057.458984375,14692.396484375,1.083555852860403,0.5739217376708985,0.05739217376708985,68.95370483398438,-10.477946281433105,47.17290016093092,-8.155418058067808,2798.5791015625,122.6476821899414,54,15691.494140625,11.370546875,2.0,2.860452709709595,27.434057697711513,12804,16.096532333645737,1.1419054711850205,12385.275390625,0.9672973594677444,12796,15.457955611128476,1.0260511683019624,2307.119873046875,0.18030008385799273
SMA 55_two_confirm_fixed_6_RR2,SMA,55,two_confirm,fixed_6,fixed_RR,2,,17715,17715,5355,12360,0,30.228619813717188,64260.0,74160.0,94604.96875,152440.0,23619.998046875,17715.0,-57835.0078125,0.620604623130412,-3.26474783022862,-0.326474783022862,12.0,-6.0,17.666660830999067,-12.333333333333334,57976.5703125,5124.62353515625,37,-56827.5703125,1.4443691786621506,1.0,-31.539239158048506,0.0,8887,30.325194103747044,0.6234503489681542,-28756.337890625,-3.235775615013503,8828,30.13140009062075,0.6177479271282469,-29078.671875,-3.2939138961259626
SMA 55_two_confirm_fixed_6_RR3,SMA,55,two_confirm,fixed_6,fixed_RR,3,,17715,17715,4976,12739,0,28.089189952018064,89568.0,76434.0,137669.296875,157114.328125,23619.998046875,17715.0,-19445.009765625,0.8762364229790071,-1.0976579037891618,-0.10976579037891618,18.0,-6.0,27.666659339831188,-12.333332924483868,19818.619140625,1569.584228515625,37,-18443.31640625,1.7491955969517359,1.0,-8.12663859117439,0.0,8887,28.356025655451784,0.8878548894329827,-8806.337890625,-0.9909235839569034,8828,27.820570910738557,0.8646270741080063,-10638.6708984375,-1.2051054483957295
SMA 55_two_confirm_fixed_6_RR4,SMA,55,two_confirm,fixed_6,fixed_RR,4,,17715,17715,4025,13690,0,22.720858029918148,96600.0,82140.0,151608.34375,168843.328125,23619.998046875,17715.0,-17234.990234375,0.8979232133931854,-0.9729037671112052,-0.09729037671112052,24.0,-6.0,37.66666925465839,-12.333332952885318,17550.244140625,1371.11279296875,37,-16232.578125,1.8652554332486593,1.0,-6.180547296003823,0.0,8887,23.191178125351637,0.9221221498410631,-6556.328125,-0.7377436845954766,8828,22.247394653375625,0.8738581546198734,-10678.662109375,-1.2096354904140236
SMA 55_two_confirm_fixed_6_RR5,SMA,55,two_confirm,fixed_6,fixed_RR,5,,17715,17715,3394,14321,0,19.158904882867624,101820.0,85926.0,161780.671875,176625.65625,23619.998046875,17715.0,-14844.994140625,0.9159522761858103,-0.8379900728549252,-0.08379900728549253,30.0,-6.0,47.66666820123748,-12.333332605963271,15284.7724609375,1105.4559326171875,46,-13843.0927734375,2.2287327123906295,1.0,-4.7234219827558706,0.0,8887,19.331607966692925,0.9261875079578361,-6526.32958984375,-0.73436813208549,8828,18.985047575894882,0.9056925463109922,-8318.6640625,-0.9423044928069778
SMA 55_two_confirm_fixed_6_RR6,SMA,55,two_confirm,fixed_6,fixed_RR,6,,17707,17707,2939,14768,0,16.5979556107754,105804.0,88608.0,169482.34375,182138.65625,23609.33203125,17707.0,-12656.3291015625,0.9305127601104721,-0.714764166801971,-0.0714764166801971,36.0,-6.0,57.666670210956106,-12.333332627979415,13154.4443359375,989.055908203125,50,-11654.763671875,2.5646919297452984,1.0,-3.6519225959003303,0.0,8883,16.85241472475515,0.9476696073964126,-4766.998046875,-0.5366428061325003,8824,16.341795104261106,0.9133467814043177,-7889.3310546875,-0.8940765021178038
SMA 55_two_confirm_fixed_6_MAexit9,SMA,55,two_confirm,fixed_6,ma_close,,9,17714,17714,2960,14754,0,16.70994693462798,115048.0,83124.0,184840.0,172966.0,23618.6640625,17714.0,11873.998046875,1.0686493299261126,0.6703171529228295,0.06703171529228294,38.86756896972656,-5.633997440338135,62.445945945945944,-11.723329266639555,4919.1728515625,309.3819274902344,58,12876.2900390625,3.365586541718415,1.0,2.1882688198780214,37.27688849408338,8886,16.846725185685347,1.0931579234680302,8052.666015625,0.906219448078438,8828,16.572270049841414,1.0441644394683618,3821.33251953125,0.43286503392968395
SMA 55_two_confirm_fixed_6_MAexit21,SMA,55,two_confirm,fixed_6,ma_close,,21,17704,17704,2562,15142,0,14.471305919566198,117136.0,86862.0,189248.65625,180101.328125,23605.33203125,17704.0,9147.330078125,1.0507898982213573,0.5166815453075576,0.05166815453075576,45.72053146362305,-5.736494541168213,73.86754732630757,-11.894157186963414,6672.0263671875,458.6636657714844,60,10149.435546875,4.7638386805241755,1.0,1.4732740213189404,33.54994246292871,8882,14.726412970051792,1.0814396343840713,7341.99951171875,0.8266155721367654,8822,14.214463840399002,1.0200707365286223,1805.330810546875,0.20463962939774144
SMA 55_two_confirm_fixed_6_MAexit34,SMA,55,two_confirm,fixed_6,ma_close,,34,17705,17705,2171,15534,0,12.262072860773793,119688.0,89148.0,194414.328125,184826.0,23606.6640625,17705.0,9588.328125,1.0518775936556546,0.5415604702061565,0.05415604702061565,55.13035583496094,-5.738895416259766,89.55058872639337,-11.898158877301404,7345.63525390625,335.36981201171875,60,10590.1044921875,5.910364303868963,1.0,1.4137287013968154,35.32033134061555,8881,12.566152460308524,1.0816802048081713,7560.9951171875,0.8513675393747889,8824,11.956029011786038,1.0219747156846133,2027.32958984375,0.2297517667547314
SMA 55_two_confirm_fixed_6_MAexit55,SMA,55,two_confirm,fixed_6,ma_close,,55,17707,17707,1597,16110,0,9.019032021234539,127856.0,94404.0,209367.0,194929.984375,23609.33203125,17707.0,14436.990234375,1.0740625700622155,0.8153267201883436,0.08153267201883437,80.06011199951172,-5.8599629402160645,131.10018785222292,-12.099936956859093,5938.82373046875,423.2946472167969,91,15436.61328125,7.744112497882194,1.0,1.8286481653499491,71.85982989219147,8883,9.129798491500619,1.1182629606873904,11542.9970703125,1.2994480547464258,8824,8.907524932003627,1.0297353223025674,2893.993896484375,0.3279684832824541
SMA 55_two_confirm_fixed_8_RR2,SMA,55,two_confirm,fixed_8,fixed_RR,2,,17715,17715,6324,11391,0,35.69856054191363,101184.0,91128.0,115413.0,133844.25,17715.0,13286.25,-18431.25,0.8622932998615929,-1.0404318374259103,-0.10404318374259103,16.0,-8.0,18.25,-11.75,18653.75,1576.1512451171875,25,-17431.25,1.5154388935930003,2.0,-9.63445783896164,0.0,8887,35.82761336784067,0.8671509209411993,-8902.25,-1.0017159896478,8828,35.568645219755325,0.8574228685998144,-9529.0,-1.0794064340734029
SMA 55_two_confirm_fixed_8_RR3,SMA,55,two_confirm,fixed_8,fixed_RR,3,,17715,17715,4855,12860,0,27.406152977702515,116520.0,102880.0,137153.75,151105.0,17715.0,13286.25,-13951.25,0.907671817610271,-0.7875388089189952,-0.07875388089189952,24.0,-8.0,28.25,-11.75,14201.25,1176.0870361328125,31,-12951.25,2.0187411797911374,2.0,-5.875009924023871,0.0,8887,27.88342522786092,0.9295903699252713,-5302.25,-0.5966299088556318,8828,26.925690983235164,0.885895968627658,-8649.0,-0.9797236067059356
SMA 55_two_confirm_fixed_8_RR4,SMA,55,two_confirm,fixed_8,fixed_RR,4,,17713,17713,3930,13783,0,22.187094224580818,125760.0,110264.0,150322.5,161950.25,17713.0,13284.75,-11627.75,0.9282017162678045,-0.6564528877095919,-0.06564528877095918,32.0,-8.0,38.25,-11.75,11928.75,996.1378173828125,38,-10627.75,2.52046519505448,2.0,-4.2053638812227785,0.0,8886,22.349763673193788,0.9369657724329324,-5110.5,-0.5751181634031061,8827,22.023337487255013,0.9194160141699717,-6517.25,-0.7383312563724935
SMA 55_two_confirm_fixed_8_RR5,SMA,55,two_confirm,fixed_8,fixed_RR,5,,17699,17699,3329,14370,0,18.808972258319677,133160.0,114960.0,160624.25,168847.5,17699.0,13274.25,-8223.25,0.9512977686966049,-0.46461664500819255,-0.046461664500819254,40.0,-8.0,48.25,-11.75,8745.5,668.8718872070312,38,-7223.25,3.0249166619583026,2.0,-2.636218189533164,0.0,8879,19.15756278860232,0.9731063592656047,-2268.25,-0.255462326838608,8820,18.458049886621314,0.9295316308901143,-5955.0,-0.6751700680272109
SMA 55_two_confirm_fixed_8_RR6,SMA,55,two_confirm,fixed_8,fixed_RR,6,,17668,17668,2852,14816,0,16.14217794883405,136896.0,118528.0,166129.0,174088.0,17668.0,13251.0,-7959.0,0.9542817425669776,-0.45047543581616484,-0.045047543581616487,48.0,-8.0,58.25,-11.75,8317.25,682.1611938476562,38,-6959.0,3.547430382612633,2.0,-2.3249515363972293,0.0,8859,16.232080370244947,0.9606263994931004,-3433.25,-0.38754374082853593,8809,16.051765240095357,0.9479147785306345,-4525.75,-0.5137643319332501
SMA 55_two_confirm_fixed_8_MAexit9,SMA,55,two_confirm,fixed_8,ma_close,,9,17714,17714,3563,14151,0,20.11403409732415,137160.0,104280.0,165214.75,155114.25,17714.0,13285.5,10100.5,1.0651165189529652,0.5701987128824658,0.05701987128824658,38.49565124511719,-7.369090557098389,46.36956216671344,-10.961363154547382,3463.75,216.2478485107422,38,11100.5,3.820198712882466,2.0,2.255113223621422,28.15685034443007,8886,20.25658338960162,1.1092972686974532,8469.5,0.9531285167679496,8828,19.970548255550522,1.0210116104929226,1631.0,0.18475305845038514
SMA 55_two_confirm_fixed_8_MAexit21,SMA,55,two_confirm,fixed_8,ma_close,,21,17702,17702,3098,14604,0,17.500847361880016,141968.0,110064.0,172038.5,163137.0,17702.0,13276.5,8901.5,1.0545645684302152,0.5028527849960457,0.05028527849960457,45.8256950378418,-7.53656530380249,55.53211749515817,-11.170706655710765,5129.0,199.74685668945312,38,9901.5,5.549768387752796,1.0,1.7192195163739443,28.6392099836502,8880,17.826576576576578,1.0869088223486834,7090.0,0.7984234234234234,8822,17.172976649285875,1.0222113913845796,1811.5,0.20533892541373838
SMA 55_two_confirm_fixed_8_MAexit34,SMA,55,two_confirm,fixed_8,ma_close,,34,17701,17701,2681,15020,0,15.146036947065136,148552.0,113544.0,180998.25,168215.0,17701.0,13275.75,12783.25,1.0759935201973665,0.7221767131800463,0.07221767131800463,55.409175872802734,-7.559520721435547,67.51146960089518,-11.199400798934754,5233.5,112.2526626586914,49,13783.25,7.043500367210892,1.0,2.244706961377904,42.12330924237513,8878,15.442667267402568,1.1138490506639265,9583.5,1.0794660959675602,8823,14.847557520117874,1.0380751507507042,3199.75,0.36266009293890966
SMA 55_two_confirm_fixed_8_MAexit55,SMA,55,two_confirm,fixed_8,ma_close,,55,17706,17706,2000,15706,0,11.295606009262398,157512.0,121792.0,193390.0,179725.5,17706.0,13279.5,13664.5,1.076029834386328,0.7717440415678302,0.07717440415678302,78.75599670410156,-7.754488945007324,96.695,-11.44311091302687,4732.5,166.76943969726562,66,14664.5,9.305772054670733,2.0,2.0891799681787084,59.540313475667,8882,11.405088943931547,1.1250989795039494,11256.5,1.267338437288899,8824,11.185403445149591,1.0268316531050563,2408.0,0.2728921124206709
SMA 55_two_confirm_fixed_10_RR2,SMA,55,two_confirm,fixed_10,fixed_RR,2,,17689,17689,6326,11363,0,35.76233817626774,126520.0,113630.0,117663.6171875,129538.203125,14151.201171875,10613.3984375,-11874.6083984375,0.9083313983748761,-0.6712990219027362,-0.06712990219027362,20.0,-10.0,18.600002716961747,-11.400000275015401,12262.947265625,960.5942993164062,26,-10875.9716796875,2.284244445700718,3.0,-6.209242037698853,0.0,8871,36.15150490361853,0.9238125307852755,-4919.404296875,-0.5545490132876789,8818,35.37083238829666,0.8929452821020154,-6955.2041015625,-0.788750748646235
SMA 55_two_confirm_fixed_10_RR3,SMA,55,two_confirm,fixed_10,fixed_RR,3,,17666,17666,4777,12889,0,27.040643043133706,143310.0,128890.0,136622.21875,146934.59375,14132.80078125,10599.5986328125,-10312.408203125,0.929816561663172,-0.5837432470918714,-0.058374324709187145,30.0,-10.0,28.600003925057567,-11.399999515090387,10801.3525390625,832.1535034179688,38,-9312.9775390625,3.000226423638628,3.0,-4.3669877888639155,-81356248.85258622,8860,27.291196388261852,0.9416657110097842,-4284.00439453125,-0.48352194069201465,8806,26.788553259141494,0.9179763893811105,-6028.40478515625,-0.6845792397406598
SMA 55_two_confirm_fixed_10_RR4,SMA,55,two_confirm,fixed_10,fixed_RR,4,,17626,17626,3876,13750,0,21.99024168841484,155040.0,137500.0,149613.59375,156750.0,14100.80078125,10575.59765625,-7136.404296875,0.954472687400319,-0.4048793995730739,-0.04048793995730739,40.0,-10.0,38.5999983875129,-11.4,7775.177734375,594.4325561523438,38,-6135.37158203125,3.7265970725065243,3.0,-2.5956317254046217,-56364085.8132634,8838,22.403258655804482,0.9775752301369625,-1753.201171875,-0.1983708046928038,8788,21.574874829312698,0.931484210792174,-5383.201171875,-0.6125627186931042
SMA 55_two_confirm_fixed_10_RR5,SMA,55,two_confirm,fixed_10,fixed_RR,5,,17549,17548,3220,14328,1,18.349669478003193,161000.0,143280.0,156492.0,163339.1875,14038.400390625,10528.798828125,-6847.205078125,0.9580799463692692,-0.39019860258291544,-0.039019860258291544,50.0,-10.0,48.6,-11.399999127582356,7208.076171875,614.9186401367188,38,-5846.19482421875,4.6461705037611125,3.0,-2.2256410301042138,-27100008.33126807,8797,18.472206434011596,0.9659274740281817,-2785.802490234375,-0.3166764226707258,8751,18.226488401325565,0.950214871930124,-4061.402099609375,-0.4641071991325991
SMA 55_two_confirm_fixed_10_RR6,SMA,55,two_confirm,fixed_10,fixed_RR,6,,17441,17440,2758,14682,1,15.814220183486238,165480.0,146820.0,161618.78125,167374.78125,13952.001953125,10463.9990234375,-5756.0048828125,0.9656101118877489,-0.330046151537414,-0.0330046151537414,60.0,-10.0,58.59999320159536,-11.399998722926032,6122.75341796875,545.539306640625,39,-4755.1416015625,5.393979357798165,3.0,-1.706501203417281,-22851663.757394623,8742,15.843056508808054,0.9677022624540605,-2708.80224609375,-0.30986070076570005,8698,15.78523798574385,0.963508914793447,-3047.2021484375,-0.3503336569829271
SMA 55_two_confirm_fixed_10_MAexit9,SMA,55,two_confirm,fixed_10,ma_close,,9,17701,17701,4018,13683,0,22.69928252641094,152728.0,119488.0,147102.796875,138644.203125,14160.80078125,10620.5986328125,8458.58984375,1.061009357472911,0.4778594341421389,0.04778594341421389,38.01095199584961,-8.732587814331055,36.610949944001995,-10.132588111159833,2915.46240234375,139.1271514892578,38,9458.4423828125,4.3060279080277954,3.0,2.2542464568084237,21.73215890243309,8877,22.890616199166384,1.102478005295707,7092.19482421875,0.7989405006442211,8824,22.506799637352675,1.019678189443204,1366.39501953125,0.15484984355521872
SMA 55_two_confirm_fixed_10_MAexit21,SMA,55,two_confirm,fixed_10,ma_close,,21,17679,17678,3531,14147,1,19.97397895689558,161184.0,128388.0,156240.59375,148193.796875,14142.4013671875,10606.798828125,8046.79052734375,1.0542991477692376,0.45518670253104143,0.045518670253104146,45.648258209228516,-9.075281143188477,44.248256513735484,-10.475280757404397,4391.455078125,152.6229248046875,38,9046.27734375,6.4359090394841045,2.0,1.836671506945743,23.7033433519029,8864,20.318140794223826,1.0828409154950833,6132.39501953125,0.6918315680879118,8814,19.627864760608123,1.0258118964524179,1914.395263671875,0.21719937187109994
SMA 55_two_confirm_fixed_10_MAexit34,SMA,55,two_confirm,fixed_10,ma_close,,34,17681,17680,3065,14615,1,17.335972850678733,169240.0,133412.0,164949.0,153873.015625,14144.0009765625,10607.998046875,11075.9912109375,1.071981330384744,0.6264700911163744,0.06264700911163744,55.21696472167969,-9.128429412841797,53.81696574225122,-10.528430764625385,4219.001953125,93.16494750976562,46,12073.873046875,8.202828054298642,2.0,2.2823442549224082,33.52772020319317,8864,17.666967509025273,1.10806161441864,8314.3955078125,0.9379958831015907,8816,17.00317604355717,1.035896544331927,2761.595947265625,0.3132481791363005
SMA 55_two_confirm_fixed_10_MAexit55,SMA,55,two_confirm,fixed_10,ma_close,,55,17701,17700,2333,15367,1,13.180790960451978,181944.0,145188.0,178677.796875,166701.796875,14160.0009765625,10619.998046875,11975.9921875,1.0718408572942983,0.6766097281073447,0.06766097281073447,77.98714447021484,-9.448038101196289,76.58713968066867,-10.84803780015618,4699.20947265625,118.06494903564453,57,12974.51171875,10.984180790960451,3.0,2.140563747298957,46.44593630990508,8879,13.255997296992906,1.1140335167734667,9511.3955078125,1.0712237310296768,8821,13.105090125836071,1.0295894462920054,2464.59619140625,0.27940099664507995
SMA 55_two_confirm_candle_RR2,SMA,55,two_confirm,candle,fixed_RR,2,,17298,17298,6147,11151,0,35.53590010405827,149924.0,138641.0,115068.109375,125851.28125,12693.2421875,9519.9326171875,-10783.1796875,0.914318139887829,-0.6233772509827725,-0.06233772509827725,24.38978385925293,-12.43305492401123,18.719393098259314,-11.286098219890592,11319.544921875,888.7990112304688,20,-9783.560546875,3.127876055035264,2.0,-5.703309792985807,-110.79047325272059,8678,35.849274026273335,0.9264808668086094,-4621.611328125,-0.5325664125518552,8620,35.22041763341067,0.9021795207074901,-6161.56787109375,-0.7147990569714328
SMA 55_two_confirm_candle_RR3,SMA,55,two_confirm,candle,fixed_RR,3,,17098,17098,4631,12467,0,27.085039185869693,168786.0,154857.0,132977.0,140678.265625,12549.302734375,9411.9765625,-7701.28173828125,0.9452561801868603,-0.4504200338215727,-0.04504200338215727,36.44698715209961,-12.42135238647461,28.71453249838048,-11.284051145022861,8120.79150390625,673.7413330078125,25,-6701.498046875,4.425722306702538,3.0,-3.3112406348855234,-82.85964632134316,8568,27.1125116713352,0.9461699716663644,-3794.374267578125,-0.4428541395399306,8530,27.05744431418523,0.944338074032916,-3906.9072265625,-0.4580196045208089
SMA 55_two_confirm_candle_RR4,SMA,55,two_confirm,candle,fixed_RR,4,,16842,16842,3651,13191,0,21.67794798717492,177212.0,163741.0,141340.640625,148838.78125,12358.9365234375,9269.2021484375,-7498.142578125,0.9496223997399871,-0.44520499810741004,-0.04452049981074101,48.537933349609375,-12.413084983825684,38.712856922760885,-11.283358445151997,7885.55322265625,694.5618286132812,38,-6498.35400390625,5.743735898349365,3.0,-2.803216478942425,-82.91753623405579,8437,21.642764015645373,0.9473076302541631,-3931.8828125,-0.46602854243214414,8405,21.713265913146937,0.9519497569277486,-3566.259765625,-0.4243021731856038
SMA 55_two_confirm_candle_RR5,SMA,55,two_confirm,candle,fixed_RR,5,,16525,16524,3009,13515,1,18.209876543209877,182155.0,167763.0,146565.421875,152485.265625,12125.6279296875,9094.220703125,-5919.8515625,0.961177601483422,-0.3582577803497942,-0.035825778034979425,60.53672409057617,-12.41309642791748,48.70901358424726,-11.282668562708102,6474.9873046875,600.2800903320312,46,-4920.00830078125,7.001331396756234,3.0,-1.9883289198488472,-66.64637928774368,8282,18.425501086694034,0.9748136322322222,-1920.2530517578125,-0.23185861528106888,8242,17.99320553263771,0.9475419256364057,-3999.5986328125,-0.48527039951619755
SMA 55_two_confirm_candle_RR6,SMA,55,two_confirm,candle,fixed_RR,6,,16230,16229,2539,13690,1,15.64483332306365,184920.0,169739.0,149064.78125,154472.84375,11913.1669921875,8934.875,-5408.0439453125,0.9649902056004585,-0.33323334434114854,-0.03332333443411485,72.83182525634766,-12.398757934570312,58.7100359393462,-11.283626278305332,6065.21826171875,561.683837890625,46,-4408.15380859375,8.21344506747181,3.0,-1.6689822000875416,-61.72047316302049,8110,15.86929716399507,0.9811388941280004,-1452.36669921875,-0.17908344010095562,8119,15.420618302746645,0.9489390084934585,-3955.6787109375,-0.48721255215389825
SMA 55_two_confirm_candle_MAexit9,SMA,55,two_confirm,candle,ma_close,,9,17561,17561,4272,13289,0,24.326632879676556,161872.0,127891.0,139218.875,126817.0078125,12877.1435546875,9657.857421875,12401.8662109375,1.0977934064320163,0.7062164006000512,0.07062164006000513,37.89138412475586,-9.623824119567871,32.58868796816479,-9.543006081157348,2114.230224609375,107.0408706665039,44,13401.3408203125,4.57451170206708,3.0,3.2951039238172415,27.35205019612508,8812,24.61416250567408,1.1515331783362759,9607.970703125,1.0903280416619383,8749,24.037032803749,1.0440594013052558,2793.896484375,0.3193389512372843
SMA 55_two_confirm_candle_MAexit21,SMA,55,two_confirm,candle,ma_close,,21,17498,17497,3791,13706,1,21.6665714122421,172984.0,140453.0,147063.875,136961.4375,12831.166015625,9623.375,10102.458984375,1.073761181865516,0.5773823503672058,0.05773823503672058,45.63017654418945,-10.24755573272705,38.792897652334474,-9.992808806362177,3406.5908203125,123.32946014404297,39,11101.9013671875,6.9843401726010175,2.0,2.358290825910501,24.98136435988409,8783,22.031196629853124,1.1123253742566885,7692.6923828125,0.8758615943086075,8714,21.29905898554051,1.0351915586808544,2409.765625,0.2765395484278173
SMA 55_two_confirm_candle_MAexit34,SMA,55,two_confirm,candle,ma_close,,34,17507,17506,3306,14200,1,18.88495373014966,185040.0,147322.0,157897.40625,142895.765625,12838.9619140625,9629.2216796875,15001.6328125,1.1049831012093714,0.8569423519079172,0.08569423519079172,55.97096252441406,-10.374788284301758,47.760860934664244,-10.063082086267606,2422.898681640625,85.64737701416016,40,16001.0537109375,8.996801096766823,2.0,3.140680795283888,37.901979576758805,8786,19.166856362394718,1.1539841754598377,11013.0537109375,1.2534775450645914,8720,18.60091743119266,1.0558819073872026,3988.58056640625,0.45740602825759746
SMA 55_two_confirm_candle_MAexit55,SMA,55,two_confirm,candle,ma_close,,55,17628,17627,2563,15064,1,14.540194020536676,200240.0,162221.0,171347.65625,156181.71875,12925.359375,9694.01953125,15165.9228515625,1.0971044346379368,0.8603802604846259,0.08603802604846258,78.127197265625,-10.768786430358887,66.85433330081935,-10.367878302575678,3424.494140625,79.73965454101562,45,16165.2919921875,12.058943665966982,3.0,2.7832478278989945,45.62079877166551,8848,14.63607594936709,1.1518244090874779,11879.2900390625,1.3425960713226153,8779,14.443558491855566,1.0421699041466421,3286.633544921875,0.3743744782915907
SMA 84_one_break_fixed_6_RR2,SMA,84,one_break,fixed_6,fixed_RR,2,,20924,20924,6239,14685,0,29.81743452494743,74868.0,88110.0,110222.296875,181114.984375,27898.6640625,20924.0,-70892.671875,0.608576354161751,-3.3881032247658194,-0.33881032247658194,12.0,-6.0,17.666660823048566,-12.333332269322439,71045.765625,6217.541015625,24,-69885.4375,1.4494360542917224,1.0,-35.71149496743122,-513900340.22065437,10465,29.82322025800287,0.6087446254340817,-35438.33984375,-3.386367878045867,10459,29.81164547279855,0.6084080141230587,-35454.3359375,-3.3898399404818815
SMA 84_one_break_fixed_6_RR3,SMA,84,one_break,fixed_6,fixed_RR,3,,20910,20910,5795,15115,0,27.71401243424199,104310.0,90690.0,160328.28125,186418.328125,27879.99609375,20910.0,-26090.01171875,0.8600456986315975,-1.2477289200741273,-0.12477289200741273,18.0,-6.0,27.66665767903365,-12.333332988752895,26728.326171875,1661.5211181640625,24,-25091.994140625,1.750023912003826,1.0,-10.07767939847407,0.0,10457,27.885626852825858,0.8674308618998643,-12329.671875,-1.1790830902744573,10453,27.5423323447814,0.8526929400961125,-13760.33984375,-1.3164010182483497
SMA 84_one_break_fixed_6_RR4,SMA,84,one_break,fixed_6,fixed_RR,4,,20880,20880,4675,16205,0,22.38984674329502,112200.0,97230.0,176091.65625,199861.65625,27839.99609375,20880.0,-23769.990234375,0.8810677323204661,-1.138409493983477,-0.1138409493983477,24.0,-6.0,37.66666443850267,-12.333332690527614,24507.962890625,1442.7767333984375,34,-22770.302734375,1.8691570881226054,1.0,-7.892397031327512,0.0,10444,22.66373037150517,0.8950038781606617,-10459.328125,-1.0014676488893144,10436,22.115753162131085,0.8672191861809021,-13310.662109375,-1.2754563155782868
SMA 84_one_break_fixed_6_RR5,SMA,84,one_break,fixed_6,fixed_RR,5,,20835,20835,3923,16912,0,18.82889368850492,117690.0,101472.0,186996.34375,208581.34375,27779.99609375,20835.0,-21584.9921875,0.8965151934879123,-1.035996745260379,-0.10359967452603791,30.0,-6.0,47.66666932194749,-12.333333949266793,22352.45703125,1298.806640625,41,-20583.791015625,2.2240460763138947,1.0,-6.375155312903601,-156803256.32462385,10420,19.12667946257198,0.9140472407704964,-8933.330078125,-0.8573253433901151,10415,18.530964954392704,0.8791030554938202,-12651.6630859375,-1.214754016892703
SMA 84_one_break_fixed_6_RR6,SMA,84,one_break,fixed_6,fixed_RR,6,,20789,20789,3364,17425,0,16.181634518254846,121104.0,104550.0,193990.6875,214908.34375,27718.6640625,20789.0,-20917.662109375,0.9026670817661075,-1.0061889513384483,-0.10061889513384484,36.0,-6.0,57.66667285969084,-12.33333393113343,21440.380859375,1469.8619384765625,42,-19915.71875,2.555630381451729,1.0,-5.627526492249968,-152123487.47440186,10400,16.576923076923077,0.9290992532186843,-7586.6640625,-0.7294869290865384,10389,15.785927423236116,0.8764553906107232,-13330.9970703125,-1.2831838550690635
SMA 84_one_break_fixed_6_MAexit9,SMA,84,one_break,fixed_6,ma_close,,9,20877,20877,3442,17435,0,16.48704315754179,123936.0,95838.0,198528.65625,200411.6875,27835.99609375,20877.0,-1883.00146484375,0.9906041844490732,-0.09019502154733679,-0.00901950215473368,36.00697326660156,-5.4968743324279785,57.67828479081929,-11.494791367938056,10742.7841796875,580.376953125,44,-882.5010986328125,3.253101499257556,1.0,-0.3492720056750424,-4.701881101711606,10441,16.904511062158797,1.0112084308196851,1120.999267578125,0.10736512475606982,10436,16.069375239555388,0.9700789096360707,-3004.001953125,-0.2878499380150441
SMA 84_one_break_fixed_6_MAexit21,SMA,84,one_break,fixed_6,ma_close,,21,20827,20826,3864,16962,1,18.553730913281473,125696.0,96582.0,200477.328125,200548.0,27767.99609375,20826.0,-70.671875,0.9996476061840557,-0.0033934444924613462,-0.00033934444924613465,32.53002166748047,-5.694021701812744,51.88336649197723,-11.823369885626695,9860.3564453125,692.2787475585938,45,929.039306640625,4.136896187457985,1.0,-0.011553846225449466,-0.22260775268348507,10414,18.78240829652391,1.0254848928527631,2550.664306640625,0.24492647461500144,10412,18.32500960430273,0.9739072861484155,-2621.3349609375,-0.25176094515342873
SMA 84_one_break_fixed_6_MAexit34,SMA,84,one_break,fixed_6,ma_close,,34,20804,20803,3755,17048,1,18.050281209440946,127456.0,97626.0,203665.0,202488.671875,27737.330078125,20803.0,1176.328125,1.0058093527608605,0.05654608109407297,0.005654608109407297,33.94300842285156,-5.726536750793457,54.23834886817576,-11.877561700786016,10205.908203125,817.5626831054688,46,2175.73779296875,4.947892130942653,1.0,0.17705362612380923,3.9104018580929405,10402,18.506056527590847,1.0484043271422745,4878.6640625,0.4690121190636416,10401,17.594462070954716,0.9635951588757018,-3702.3369140625,-0.35595970714955294
SMA 84_one_break_fixed_6_MAexit55,SMA,84,one_break,fixed_6,ma_close,,55,20833,20832,3227,17605,1,15.490591397849462,127384.0,100452.0,204777.0,208498.34375,27775.99609375,20832.0,-3721.34375,0.9821516867565045,-0.17863593269969277,-0.017863593269969277,39.47443389892578,-5.705879211425781,63.4573907654168,-11.843132277761999,14478.970703125,1007.8169555664062,58,-2720.562744140625,6.16378648233487,1.0,-0.5162107960378493,-11.941568178583447,10423,15.926316799385972,1.0230147282205098,2386.328857421875,0.22894836970372015,10409,15.054279950043231,0.9417269169134332,-6107.67333984375,-0.5867685022426505
SMA 84_one_break_fixed_6_MAexit84,SMA,84,one_break,fixed_6,ma_close,,84,20907,20906,1737,19169,1,8.308619535061705,140312.0,109260.0,229800.328125,226827.671875,27874.6640625,20906.0,2972.6533203125,1.0131053509716317,0.1421913957864967,0.01421913957864967,80.77835083007812,-5.699827671051025,132.29725280656305,-11.833046683447233,10838.3173828125,593.6634521484375,100,3971.65283203125,8.61149909117,1.0,0.332409854275459,9.430699836031623,10454,8.63784197436388,1.0771843370305927,8700.6611328125,0.8322805751685958,10452,7.979334098737084,0.9497993023785736,-5728.009765625,-0.5480300196732683
SMA 84_one_break_fixed_8_RR2,SMA,84,one_break,fixed_8,fixed_RR,2,,20924,20924,7442,13482,0,35.566813228828146,119072.0,107856.0,135816.5,158413.5,20924.0,15693.0,-22597.0,0.8573543290186758,-1.079956031351558,-0.1079956031351558,16.0,-8.0,18.25,-11.75,23057.0,1599.237060546875,24,-21597.0,1.522462244312751,2.0,-10.877520542645506,0.0,10465,35.40372670807454,0.8512684124386252,-11813.75,-1.1288819875776397,10459,35.72999330719954,0.8634746497686225,-10783.25,-1.0310020078401376
SMA 84_one_break_fixed_8_RR3,SMA,84,one_break,fixed_8,fixed_RR,3,,20868,20868,5674,15194,0,27.18995591336017,136176.0,121552.0,160290.5,178529.5,20868.0,15651.0,-18239.0,0.8978376122713613,-0.8740176346559325,-0.08740176346559325,24.0,-8.0,28.25,-11.75,18855.25,1187.3582763671875,34,-17239.0,2.0263082231167338,2.0,-7.094155749642082,0.0,10436,27.270985051743963,0.9015165531354246,-8783.0,-0.8416059793024148,10432,27.108895705521473,0.8941654448386628,-9456.0,-0.906441717791411
SMA 84_one_break_fixed_8_RR4,SMA,84,one_break,fixed_8,fixed_RR,4,,20792,20792,4573,16219,0,21.994036167756832,146336.0,129752.0,174917.25,190573.25,20792.0,15594.0,-15656.0,0.9178478616489985,-0.7529819161215853,-0.07529819161215853,32.0,-8.0,38.25,-11.75,16175.75,1091.8494873046875,36,-14656.0,2.5226048480184686,2.0,-5.24259503054661,0.0,10399,22.252139628810465,0.9317017329175384,-6488.25,-0.6239301855947688,10393,21.73578370056769,0.9040774474362931,-9167.75,-0.8821081497161551
SMA 84_one_break_fixed_8_RR5,SMA,84,one_break,fixed_8,fixed_RR,5,,20693,20693,3791,16902,0,18.320204900207802,151640.0,135216.0,182915.75,198598.5,20693.0,15519.75,-15682.75,0.9210328879623965,-0.7578770598753202,-0.07578770598753201,40.0,-8.0,48.25,-11.75,16179.25,1118.123779296875,38,-14682.75,3.034262794181607,2.0,-4.69717514836182,0.0,10351,18.577915177277557,0.9369452382635389,-6244.25,-0.6032508936334654,10342,18.062270353896732,0.9052069157724002,-9438.5,-0.9126377876619609
SMA 84_one_break_fixed_8_RR6,SMA,84,one_break,fixed_8,fixed_RR,6,,20606,20606,3243,17363,0,15.738134523925071,155664.0,138904.0,188904.75,204015.25,20606.0,15454.5,-15110.5,0.9259344583309336,-0.7333058332524507,-0.07333058332524507,48.0,-8.0,58.25,-11.75,15658.5,1059.080078125,45,-14110.5,3.543385421721829,2.0,-4.1294457786982885,0.0,10310,15.984481086323957,0.9431854468281612,-5782.5,-0.5608632395732299,10296,15.491452991452991,0.9087607929633913,-9328.0,-0.905982905982906
SMA 84_one_break_fixed_8_MAexit9,SMA,84,one_break,fixed_8,ma_close,,9,20867,20867,4175,16692,0,20.007667609143624,148232.0,119216.0,177983.75,178231.0,20867.0,15650.25,-247.25,0.9986127553568123,-0.011848852254756313,-0.0011848852254756313,35.504669189453125,-7.142104148864746,42.630838323353295,-10.677630002396358,9460.5,513.1814575195312,36,752.75,3.693822782383668,2.0,-0.056645490680522645,-0.5531792079482641,10436,20.429283250287465,1.0186008396758044,1657.0,0.15877730931391337,10431,19.585849870578084,0.9786396930980718,-1904.25,-0.18255680184066725
SMA 84_one_break_fixed_8_MAexit21,SMA,84,one_break,fixed_8,ma_close,,21,20805,20804,4626,16178,1,22.236108440684486,150744.0,120816.0,180334.5,179331.5,20804.0,15603.0,1003.0,1.0055929939804218,0.048211882330321094,0.00482118823303211,32.58625030517578,-7.46791934967041,38.98281452658885,-11.08489924588948,6943.75,516.9365234375,38,2003.0,4.808161891943857,1.0,0.2009055044748877,2.790801825493243,10401,22.353619844245745,1.0279710726751643,2508.25,0.24115469666378234,10403,22.118619628953187,0.9832112961961219,-1505.25,-0.14469383831587043
SMA 84_one_break_fixed_8_MAexit34,SMA,84,one_break,fixed_8,ma_close,,34,20775,20774,4504,16270,1,21.680947338018676,153504.0,122560.0,183998.0,181672.5,20774.0,15580.5,2325.5,1.0128005064057577,0.11194281313179937,0.011194281313179937,34.08170700073242,-7.5328826904296875,40.85213143872114,-11.166103257529194,5890.25,509.4270324707031,38,3325.5,5.823529411764706,1.0,0.42767976642450894,6.88101711613292,10387,21.95051506691056,1.0619801285926858,5612.75,0.5403629536921152,10387,21.411379609126794,0.9639220657354285,-3287.25,-0.3164773274285164
SMA 84_one_break_fixed_8_MAexit55,SMA,84,one_break,fixed_8,ma_close,,55,20813,20812,3879,16933,1,18.638285604458964,155584.0,126856.0,187691.75,188202.75,20812.0,15609.0,-511.0,0.9972848430748222,-0.024553142417835863,-0.0024553142417835863,40.10930633544922,-7.49164342880249,48.38663315287445,-11.114554420362605,9081.75,705.3786010742188,44,489.0,7.384874111089756,1.0,-0.08530428617325417,-1.4520488777625706,10416,19.134024577572966,1.0563592179918428,5282.0,0.5071044546850998,10396,18.141592920353983,0.9386870584499775,-5793.0,-0.55723355136591
SMA 84_one_break_fixed_8_MAexit84,SMA,84,one_break,fixed_8,ma_close,,84,20904,20903,2177,18726,1,10.414772999091038,175288.0,140104.0,215300.25,207900.5,20903.0,15677.25,7399.75,1.0355927474921898,0.35400420992202075,0.03540042099220207,80.51814270019531,-7.481790065765381,98.89768029398255,-11.10223753070597,5914.25,287.5982360839844,79,8399.75,10.536765057647228,2.0,0.9899043789783939,20.794433957385472,10453,10.8198603271788,1.116131575002297,12007.25,1.1486893714723045,10450,10.009569377990431,0.9559120441692901,-4607.5,-0.4409090909090909
SMA 84_one_break_fixed_10_RR2,SMA,84,one_break,fixed_10,fixed_RR,2,,19830,19830,7068,12762,0,35.642965204236006,141360.0,127620.0,131464.8125,145486.8125,15864.001953125,11897.998046875,-14022.009765625,0.9036201305187025,-0.7071109311964195,-0.07071109311964195,20.0,-10.0,18.600001768534238,-11.400000979470303,14426.927734375,1042.407470703125,23,-13024.3271484375,2.2965708522440744,3.0,-6.9301511497501584,0.0,9912,35.48224374495561,0.8973047876973512,-7486.8046875,-0.7553273494249395,9918,35.8035894333535,0.9099635485967404,-6535.205078125,-0.6589236820049406
SMA 84_one_break_fixed_10_RR3,SMA,84,one_break,fixed_10,fixed_RR,3,,19360,19360,5232,14128,0,27.024793388429753,156960.0,141280.0,149635.21875,161059.1875,15488.001953125,11616.0,-11424.0107421875,0.9290697480390555,-0.590083199493156,-0.0590083199493156,30.0,-10.0,28.600003583715598,-11.399999115232163,11911.1953125,834.8184814453125,28,-10424.630859375,3.0032024793388428,3.0,-4.622075565119935,-43046300.28684828,9712,27.121087314662272,0.9336120648898062,-5356.80517578125,-0.551565607061496,9648,26.927860696517413,0.9245092035274356,-6067.205078125,-0.6288562477326907
SMA 84_one_break_fixed_10_RR4,SMA,84,one_break,fixed_10,fixed_RR,4,,19017,19017,4127,14890,0,21.701635378871536,165080.0,148900.0,159302.1875,169745.984375,15213.6015625,11410.19921875,-10443.802734375,0.9384739679500886,-0.5491824543500552,-0.05491824543500552,40.0,-10.0,38.599996971165496,-11.399998950638013,10886.869140625,839.6473999023438,32,-9443.50390625,3.7374454435505076,3.0,-3.674473155734595,-39706132.77800553,9554,21.980322378061544,0.9539209603934071,-3915.6015625,-0.4098389745132929,9463,21.420268413822257,0.9229896752348485,-6528.2021484375,-0.689866020124432
SMA 84_one_break_fixed_10_RR5,SMA,84,one_break,fixed_10,fixed_RR,5,,18753,18753,3375,15378,0,17.997120460726286,168750.0,153780.0,164025.0,175309.1875,15002.4013671875,11251.798828125,-11284.2060546875,0.935632651882549,-0.6017280464292379,-0.060172804642923794,50.0,-10.0,48.6,-11.399999187150474,11704.505859375,1004.6786499023438,36,-10283.923828125,4.659147869674185,3.0,-3.5749361703074567,-86404333.96977799,9420,18.2484076433121,0.9516125673627237,-4248.0029296875,-0.45095572501990444,9333,17.743490838958532,0.9196026022564339,-7036.203125,-0.7539058314582664
SMA 84_one_break_fixed_10_RR6,SMA,84,one_break,fixed_10,fixed_RR,6,,18523,18522,2905,15617,1,15.684051398337113,174300.0,156170.0,170233.0,178033.78125,14817.6015625,11113.19921875,-7800.80517578125,0.9561837017939537,-0.421164300603674,-0.0421164300603674,60.0,-10.0,58.6,-11.399998799385285,8299.9443359375,637.3784790039062,37,-6799.33984375,5.393855955080445,3.0,-2.251715131066352,-30051448.683804944,9305,16.03439011284256,0.9816209105243103,-1637.002685546875,-0.1759272096235223,9217,15.33036779863296,0.9307170714521309,-6163.802734375,-0.6687428376234132
SMA 84_one_break_fixed_10_MAexit9,SMA,84,one_break,fixed_10,ma_close,,9,20344,20344,4591,15753,0,22.56685017695635,162096.0,131774.0,155668.625,153828.1875,16275.201171875,12206.3994140625,1840.39013671875,1.0119642409490133,0.09046353405027281,0.00904635340502728,35.30733871459961,-8.365010261535645,33.90734589414071,-9.76500904589602,6368.4658203125,382.1690673828125,34,2841.29345703125,4.115365709791584,2.0,0.5118989279290815,3.943120076659262,10166,23.00806610269526,1.031821809387153,2451.5947265625,0.2411562784342416,10178,22.126154450776184,0.9920403180128642,-611.204345703125,-0.06005151755778394
SMA 84_one_break_fixed_10_MAexit21,SMA,84,one_break,fixed_10,ma_close,,21,20008,20007,5075,14932,1,25.366121857349928,164304.0,133672.0,157199.0,154576.8125,16005.6015625,12004.19921875,2622.1904296875,1.0169636535880826,0.1310636492071525,0.01310636492071525,32.37517166137695,-8.952049255371094,30.975172413793103,-10.352050127243503,5558.697265625,464.46337890625,33,3623.19970703125,5.469335732493628,1.0,0.6339667654721824,6.824730409380548,10026,25.42389786554957,1.0282629328485076,2193.594970703125,0.21879064140266558,9981,25.30808536218816,1.0055689300378103,428.595703125,0.042941158513675984
SMA 84_one_break_fixed_10_MAexit34,SMA,84,one_break,fixed_10,ma_close,,34,19954,19953,4936,15017,1,24.73813461634842,166408.0,136214.0,159497.609375,157237.8125,15962.40234375,11971.798828125,2259.791015625,1.0143718412198084,0.11325570168019847,0.011325570168019846,33.71312713623047,-9.070652961730957,32.31312993820907,-10.470654092029033,5067.8984375,461.1372375488281,37,3260.758544921875,6.658296997945171,1.0,0.5023325914782495,6.2199833644612,9994,24.874924954972986,1.0287656879867466,2262.395263671875,0.22637535157813438,9959,24.600863540516116,0.9999668964398364,-2.6044921875,-0.0002615214567225625
SMA 84_one_break_fixed_10_MAexit55,SMA,84,one_break,fixed_10,ma_close,,55,20058,20057,4248,15809,1,21.17963803160991,170472.0,141828.0,164524.796875,163960.59375,16045.6025390625,12034.19921875,564.1904296875,1.0034410897892958,0.028129352828812883,0.002812935282881288,40.12994384765625,-8.971345901489258,38.72994276718456,-10.371345040799545,7938.4658203125,559.5194702148438,34,1564.7294921875,8.47634242409134,1.0,0.11276698746223417,1.4980686564022776,10052,21.637485077596498,1.0310969020602383,2547.196044921875,0.2534019145365972,10005,20.719640179910044,0.9758314554810467,-1983.00341796875,-0.19820124117628685
SMA 84_one_break_fixed_10_MAexit84,SMA,84,one_break,fixed_10,ma_close,,84,20887,20886,2479,18407,1,11.869194675859427,198472.0,160246.0,195001.375,186015.8125,16708.80078125,12531.599609375,8985.5908203125,1.0483053692008037,0.4302207612904577,0.04302207612904577,80.06131744384766,-8.705709457397461,78.6613049616781,-10.10571046341066,4251.251953125,161.49954223632812,58,9983.8671875,11.981949631331993,2.0,1.4180260463882457,23.76310230825686,10443,12.295317437517955,1.1163337188811362,10769.794921875,1.031293203282103,10443,11.4430719142009,0.9809051139368864,-1784.2041015625,-0.1708516807011874
SMA 84_one_break_candle_RR2,SMA,84,one_break,candle,fixed_RR,2,,17448,17448,6153,11295,0,35.26478679504814,183922.0,171821.0,116460.296875,124810.234375,10548.5341796875,7911.400390625,-8349.9365234375,0.9330989358219447,-0.47856124045377696,-0.047856124045377695,29.891435623168945,-15.212129592895508,18.927400759791972,-11.050042884019478,8715.5283203125,647.4351196289062,17,-7350.189453125,4.304160935350756,3.0,-4.411662054731999,-157.7463997212248,8753,35.49640123386267,0.9419595358815451,-3622.96533203125,-0.4139112683687022,8695,35.0316273720529,0.9242335865504733,-4726.970703125,-0.543642404039678
SMA 84_one_break_candle_RR3,SMA,84,one_break,candle,fixed_RR,3,,16761,16761,4453,12308,0,26.567627229878887,196722.0,185351.0,128734.09375,136145.625,10240.875,7680.65673828125,-7411.53369140625,0.9455617376614195,-0.4421892304400841,-0.044218923044008415,44.17741012573242,-15.059391975402832,28.90952026723557,-11.061555492362691,7686.451171875,617.1178588867188,21,-6411.73486328125,6.11848935027743,4.0,-3.2417342242260534,-142.10086337563462,8417,27.088036117381492,0.9703882520690653,-2011.040771484375,-0.2389260747872609,8344,26.04266538830297,0.9208510019516345,-5400.494140625,-0.6472308413980106
SMA 84_one_break_candle_RR4,SMA,84,one_break,candle,fixed_RR,4,,16248,16247,3498,12749,1,21.530128639133377,204868.0,190414.0,136079.953125,141146.09375,9997.7958984375,7498.34619140625,-5066.14453125,0.9641071141935162,-0.311820307210562,-0.031182030721056197,58.56718063354492,-14.935603141784668,38.90221644511149,-11.071150188250058,5347.42578125,421.73175048828125,35,-4066.203125,7.803102111158983,4.0,-1.934604547497316,-98.18481647631214,8169,21.973313747092668,0.9890459762444431,-773.2906494140625,-0.0946616047758676,8078,21.08195097796484,0.939153904348165,-4292.853515625,-0.5314252928478583
SMA 84_one_break_candle_RR5,SMA,84,one_break,candle,fixed_RR,5,,15761,15760,2830,12930,1,17.956852791878173,206160.0,192145.0,138376.65625,143225.671875,9742.2958984375,7306.72265625,-4849.021484375,0.9661442284646291,-0.30767902819638326,-0.030767902819638326,72.84805297851562,-14.86040210723877,48.89634496466431,-11.077004785382831,5570.80859375,337.73828125,35,-3849.02001953125,9.540545685279188,4.0,-1.677695910731692,-95.16248632446835,7943,18.280246758151833,0.9870220514121663,-933.49462890625,-0.11752418845603047,7817,17.628246130228987,0.9450816383935327,-3915.52685546875,-0.50089891972224
SMA 84_one_break_candle_RR6,SMA,84,one_break,candle,fixed_RR,6,,15237,15236,2350,12886,1,15.423995799422421,204900.0,190784.0,138396.09375,142789.046875,9447.3984375,7085.548828125,-4392.95068359375,0.9692346631542007,-0.2883270335779568,-0.02883270335779568,87.19149017333984,-14.805525779724121,58.89195478723404,-11.08094419331057,6331.99267578125,267.7851867675781,37,-3392.92431640625,11.338409031241795,4.0,-1.408031247059699,-87.6078123101307,7622,15.822618735240093,0.9986062537866075,-99.126708984375,-0.013005340984567699,7614,15.024954032046232,0.9400918424105532,-4293.82421875,-0.5639380376608878
SMA 84_one_break_candle_MAexit9,SMA,84,one_break,candle,ma_close,,9,20233,20233,5157,15076,0,25.48806405377354,182848.0,148959.0,127675.8828125,119514.21875,11741.30078125,8805.9765625,8161.66015625,1.068290318489824,0.40338358900064253,0.04033835890006425,35.45627212524414,-9.880538940429688,24.75778220137677,-7.9274488425311755,2247.48828125,145.06256103515625,33,9161.5390625,4.545149013987051,3.0,2.5140759225831473,14.965253775762163,10118,26.01304605653291,1.1046091444899993,6281.23779296875,0.6207983586646323,10115,24.962926347009393,1.0316200842174932,1880.4229736328125,0.18590439680008033
SMA 84_one_break_candle_MAexit21,SMA,84,one_break,candle,ma_close,,21,19617,19616,5828,13788,1,29.71044045676998,186936.0,153538.0,132103.53125,122802.484375,11482.421875,8611.81640625,9301.0595703125,1.07573989176471,0.474156788861771,0.0474156788861771,32.075496673583984,-11.135624885559082,22.667043797186,-8.906475513127358,2317.936279296875,131.12220764160156,33,10300.69921875,6.231647634584013,2.0,2.4913565837977836,19.437580006651192,9850,29.84771573604061,1.082596155301979,5114.3291015625,0.5192212285850254,9766,29.571984435797667,1.068767052166573,4186.72998046875,0.42870468773999076
SMA 84_one_break_candle_MAexit34,SMA,84,one_break,candle,ma_close,,34,19444,19443,5672,13771,1,29.172452810780232,191240.0,158264.0,133088.203125,125385.25,11409.513671875,8557.1357421875,7702.9482421875,1.0614342845350628,0.39618105447654683,0.039618105447654685,33.71650314331055,-11.49255657196045,23.464069662376588,-9.10502142182848,2551.98779296875,240.55137634277344,33,8702.8408203125,7.720876407961734,2.0,1.93387898723859,16.80921507048898,9768,29.34070434070434,1.0808018831586552,5096.8955078125,0.5217951994075041,9675,29.00258397932817,1.041826437618829,2606.05322265625,0.2693595062177003
SMA 84_one_break_candle_MAexit55,SMA,84,one_break,candle,ma_close,,55,19591,19590,4917,14673,1,25.09954058192956,199632.0,166799.0,138516.859375,130867.34375,11472.8564453125,8604.642578125,7649.52099609375,1.0584524405081004,0.39048090842745026,0.03904809084274503,40.600364685058594,-11.36775016784668,28.171010651820215,-8.918922084781572,3051.462890625,240.75375366210938,34,8649.455078125,10.041960183767229,2.0,1.7396466211256265,16.342831348382425,9836,25.63033753558357,1.0955305655413383,6270.4404296875,0.6374990270117425,9754,24.564281320483904,1.0211420586207134,1379.081787109375,0.1413862812291752
SMA 84_one_break_candle_MAexit84,SMA,84,one_break,candle,ma_close,,84,20876,20875,2894,17981,1,13.863473053892218,235528.0,190567.0,161665.109375,147300.84375,12012.1083984375,9009.08203125,14364.275390625,1.0975165196567314,0.688109000748503,0.0688109000748503,81.38493347167969,-10.59824275970459,55.86216633552177,-8.192027348312108,2672.80078125,124.22013092041016,58,15363.5771484375,14.025964071856288,2.0,2.6869637277434335,30.119800653559473,10437,14.285714285714285,1.1672262214548665,12290.8359375,1.1776215327680368,10438,13.441272274382065,1.028094483487937,2073.43994140625,0.19864341266586033
SMA 84_two_confirm_fixed_6_RR2,SMA,84,two_confirm,fixed_6,fixed_RR,2,,14400,14400,4321,10079,0,30.006944444444443,51852.0,60474.0,76337.65625,124307.671875,19200.0,14400.0,-47970.0078125,0.6141025336454118,-3.3312505425347223,-0.3331250542534722,12.0,-6.0,17.66666425595927,-12.333333850084333,48020.015625,4638.12109375,24,-46967.015625,1.4420833333333334,1.0,-29.07561479944147,-419168310.0,7159,31.009917586255064,0.6438548756033543,-21694.3359375,-3.030358421218047,7241,29.015329374395805,0.5855135354699522,-26275.66796875,-3.62873470083552
SMA 84_two_confirm_fixed_6_RR3,SMA,84,two_confirm,fixed_6,fixed_RR,3,,14400,14400,4055,10345,0,28.15972222222222,72990.0,62070.0,112188.296875,127588.34375,19200.0,14400.0,-15400.0078125,0.8792989514373252,-1.0694449869791667,-0.10694449869791667,18.0,-6.0,27.666657675709,-12.333334340260995,15661.20703125,1332.113037109375,24,-14397.1962890625,1.7413888888888889,1.0,-7.133153448699378,-134567325.0,7159,29.01243190389719,0.9168072506496965,-5214.337890625,-0.728361208356614,7241,27.316668968374536,0.8430806534446615,-10185.6708984375,-1.406666330401533
SMA 84_two_confirm_fixed_6_RR4,SMA,84,two_confirm,fixed_6,fixed_RR,4,,14400,14400,3285,11115,0,22.8125,78840.0,66690.0,123734.9921875,137085.0,19200.0,14400.0,-13349.994140625,0.902615108782872,-0.9270829264322916,-0.09270829264322916,24.0,-6.0,37.666664288432266,-12.333333333333334,13578.673828125,1262.7408447265625,29,-12347.9970703125,1.859513888888889,1.0,-5.302368774659254,0.0,7159,23.969828188294453,0.9628433284458416,-2494.330322265625,-0.3484188185871805,7241,21.66827786217373,0.8448184304166604,-10855.6640625,-1.4991940426046126
SMA 84_two_confirm_fixed_6_RR5,SMA,84,two_confirm,fixed_6,fixed_RR,5,,14400,14400,2752,11648,0,19.11111111111111,82560.0,69888.0,131178.65625,143658.671875,19200.0,14400.0,-12479.994140625,0.9131273075122184,-0.866666259765625,-0.0866666259765625,30.0,-6.0,47.666662881540695,-12.333333780477336,12671.9755859375,1209.542724609375,49,-11478.96484375,2.229375,1.0,-4.408537261269938,-109051852.5,7159,20.156446431065792,0.9756822592697707,-1714.330322265625,-0.23946505409493296,7241,18.07761358928325,0.8528502557116117,-10765.6640625,-1.4867648201215302
SMA 84_two_confirm_fixed_6_RR6,SMA,84,two_confirm,fixed_6,fixed_RR,6,,14397,14397,2348,12049,0,16.308953254150172,84528.0,72294.0,135401.34375,148604.34375,19196.0,14397.0,-13202.9951171875,0.9111533373330482,-0.9170657162733555,-0.09170657162733556,36.0,-6.0,57.66667110306644,-12.333334197858743,13495.0400390625,1366.355712890625,54,-12201.0126953125,2.574633604223102,1.0,-4.254865841138256,-115381554.20982207,7159,17.041486241095125,0.960485625503029,-2894.33056640625,-0.40429257807043584,7238,15.584415584415584,0.8632016035408279,-10308.6640625,-1.424242064451506
SMA 84_two_confirm_fixed_6_MAexit9,SMA,84,two_confirm,fixed_6,ma_close,,9,14400,14400,2352,12048,0,16.333333333333332,90936.0,67536.0,146072.0,140672.0,19200.0,14400.0,5399.99755859375,1.038387170154686,0.3749998304578993,0.03749998304578993,38.663265228271484,-5.60557746887207,62.105442176870746,-11.675962815405047,7570.91650390625,554.1044921875,54,6399.2080078125,3.3340972222222223,1.0,1.1062828520017935,18.15819611363886,7159,17.334823299343483,1.1348384868439678,9302.33203125,1.2993898632839782,7241,15.34318464300511,0.945561462975127,-3902.333984375,-0.5389219699454495
SMA 84_two_confirm_fixed_6_MAexit21,SMA,84,two_confirm,fixed_6,ma_close,,21,14399,14399,2200,12199,0,15.278838808250573,94096.0,70008.0,151693.328125,145144.34375,19198.666015625,14399.0,6548.99609375,1.0451204931986886,0.45482298032849505,0.045482298032849505,42.77090835571289,-5.738831043243408,68.95151278409091,-11.898052606771047,7763.1865234375,442.4308166503906,48,7548.107421875,4.618654073199528,1.0,1.17091961737075,26.747759861150975,7159,16.147506635004888,1.1333528663156274,9522.3310546875,1.3301202758328676,7240,14.419889502762432,0.9596766563410941,-2973.3349609375,-0.41068162443888123
SMA 84_two_confirm_fixed_6_MAexit34,SMA,84,two_confirm,fixed_6,ma_close,,34,14392,14392,2123,12269,0,14.751250694830462,98592.0,70776.0,159366.328125,146587.671875,19189.33203125,14392.0,12778.662109375,1.0871741537780664,0.8879003689115481,0.0887900368911548,46.439945220947266,-5.768685340881348,75.06657000706548,-11.94780926522129,5749.93505859375,306.1734313964844,60,13780.2041015625,5.63715953307393,1.0,2.0654723543986404,55.326862913294796,7155,15.667365478686232,1.1825743557120696,13161.6640625,1.8395058088749126,7237,13.845516097830593,0.9948588407018739,-383.00244140625,-0.05292281904190272
SMA 84_two_confirm_fixed_6_MAexit55,SMA,84,two_confirm,fixed_6,ma_close,,55,14398,14398,1710,12688,0,11.876649534657592,100744.0,72954.0,163916.65625,151195.328125,19197.33203125,14398.0,12721.3291015625,1.0841383677839749,0.8835483471011599,0.08835483471011599,58.91461944580078,-5.749842166900635,95.85769371345029,-11.916403540747163,7550.35009765625,258.1612854003906,71,13722.126953125,7.116891234893735,1.0,1.8477734790791083,53.03930451942652,7157,12.686879977644264,1.2070853115627227,15396.9970703125,2.1513199762906945,7241,11.075818257146802,0.9651806198286024,-2675.6689453125,-0.36951649569292916
SMA 84_two_confirm_fixed_6_MAexit84,SMA,84,two_confirm,fixed_6,ma_close,,84,14393,14393,1173,13220,0,8.149795039255194,108000.0,77964.0,177263.0,160786.671875,19190.666015625,14393.0,16476.328125,1.1024732207767143,1.1447459268394358,0.11447459268394358,92.07160949707031,-5.897428035736084,151.11935208866154,-12.162380625945538,6297.57080078125,197.3955841064453,90,17476.955078125,9.328701452094768,1.0,2.0260238529149572,105.94746759944412,7155,8.930817610062892,1.2279135405093178,18051.6640625,2.522943964011181,7238,7.3777286543243985,0.9806902162702673,-1575.3359375,-0.21764796041724233
SMA 84_two_confirm_fixed_8_RR2,SMA,84,two_confirm,fixed_8,fixed_RR,2,,14400,14400,5098,9302,0,35.40277777777778,81568.0,74416.0,93038.5,109298.5,14400.0,10800.0,-16260.0,0.8512330910305265,-1.1291666666666667,-0.11291666666666667,16.0,-8.0,18.25,-11.75,16472.5,1446.8599853515625,18,-15260.0,1.5141666666666667,2.0,-9.444793064771744,0.0,7159,36.1223634585836,0.8783190884516426,-6538.25,-0.9132909624249197,7241,34.691340975003456,0.8250406050489735,-9721.75,-1.3425977074989641
SMA 84_two_confirm_fixed_8_RR3,SMA,84,two_confirm,fixed_8,fixed_RR,3,,14400,14400,3957,10443,0,27.479166666666664,94968.0,83544.0,111785.25,122705.25,14400.0,10800.0,-10920.0,0.9110062527886948,-0.7583333333333333,-0.07583333333333334,24.0,-8.0,28.25,-11.75,11317.75,1008.038330078125,28,-9920.0,2.011388888888889,2.0,-5.09622079112315,0.0,7159,28.32797876798436,0.9502689119536236,-2998.25,-0.41880849280625787,7241,26.639966855406712,0.8730814214304025,-7921.75,-1.0940132578373152
SMA 84_two_confirm_fixed_8_RR4,SMA,84,two_confirm,fixed_8,fixed_RR,4,,14397,14397,3185,11212,0,22.122664443981385,101920.0,89696.0,121826.25,131741.0,14397.0,10797.75,-9914.75,0.9247405894899842,-0.6886677780093075,-0.06886677780093074,32.0,-8.0,38.25,-11.75,10233.25,894.1240234375,29,-8914.75,2.521219698548309,2.0,-3.9815438260149865,0.0,7157,22.81682269107168,0.9623345710015869,-2444.75,-0.341588654464161,7240,21.43646408839779,0.8882305413412335,-7470.0,-1.031767955801105
SMA 84_two_confirm_fixed_8_RR5,SMA,84,two_confirm,fixed_8,fixed_RR,5,,14388,14388,2638,11750,0,18.334723380594937,105520.0,94000.0,127283.5,138062.5,14388.0,10791.0,-10779.0,0.9219266636487098,-0.7491659716430359,-0.07491659716430359,40.0,-8.0,48.25,-11.75,11177.5,1002.9161376953125,34,-9779.0,3.0419794273005283,2.0,-3.8705358292573324,0.0,7152,18.777964205816556,0.9493669031546793,-3456.0,-0.48322147651006714,7236,17.896627971254837,0.8950961046030649,-7323.0,-1.0120232172470978
SMA 84_two_confirm_fixed_8_RR6,SMA,84,two_confirm,fixed_8,fixed_RR,6,,14377,14377,2263,12114,0,15.740418724351393,108624.0,96912.0,131819.75,142339.5,14377.0,10782.75,-10519.75,0.9260939514330175,-0.7317068929540238,-0.07317068929540238,48.0,-8.0,58.25,-11.75,10958.25,925.13720703125,37,-9519.75,3.5430201015510887,2.0,-3.4415608450230732,0.0,7147,16.39848887645166,0.9724063028576516,-1937.25,-0.2710577864838394,7230,15.089903181189488,0.8810188089403985,-8582.5,-1.1870677731673582
SMA 84_two_confirm_fixed_8_MAexit9,SMA,84,two_confirm,fixed_8,ma_close,,9,14400,14400,2846,11554,0,19.76388888888889,107504.0,84704.0,129399.5,126099.5,14400.0,10800.0,3300.0,1.0261698103481773,0.22916666666666666,0.022916666666666665,37.77371597290039,-7.331140518188477,45.46714687280394,-10.913925913103688,5852.25,445.2073059082031,36,4300.0,3.7749305555555557,2.0,0.8422536486468488,9.935038465497334,7159,20.42184662662383,1.091406492371041,5671.75,0.7922545048191089,7241,19.113382129540117,0.9629701911404807,-2371.75,-0.32754453804723105
SMA 84_two_confirm_fixed_8_MAexit21,SMA,84,two_confirm,fixed_8,ma_close,,21,14395,14395,2644,11751,0,18.36748871135811,112296.0,88696.0,135743.0,131434.25,14395.0,10796.25,4308.75,1.0327825509713031,0.29932268148662733,0.029932268148662733,42.47201156616211,-7.547953128814697,51.34001512859304,-11.184941707088758,5599.25,401.0923767089844,48,5308.75,5.360889197638069,1.0,0.9501259302763544,15.553540275492638,7157,18.974430627357833,1.0949323894460445,6155.25,0.8600321363699874,7238,17.767339043934786,0.9722731094960658,-1846.5,-0.2551119093672285
SMA 84_two_confirm_fixed_8_MAexit34,SMA,84,two_confirm,fixed_8,ma_close,,34,14385,14385,2541,11844,0,17.664233576642335,117104.0,90088.0,141933.25,133337.0,14385.0,10788.75,8596.25,1.064470102072193,0.5975842891901286,0.05975842891901286,46.085792541503906,-7.6062140464782715,55.85724124360488,-11.257767646065519,4521.75,286.9130554199219,48,9596.25,6.61126173096976,1.0,1.7188849901199261,33.1306341883606,7153,18.30001398014819,1.1297542466961692,8532.25,1.1928211939046554,7232,17.035398230088493,1.0009470257472626,64.0,0.008849557522123894
SMA 84_two_confirm_fixed_8_MAexit55,SMA,84,two_confirm,fixed_8,ma_close,,55,14391,14391,2061,12330,0,14.32145090681676,120648.0,93480.0,147203.25,138427.5,14391.0,10793.25,8775.75,1.0633960015170396,0.6098082134667501,0.060980821346675006,58.53857421875,-7.581508636474609,71.42321688500728,-11.226885644768856,6246.75,243.443115234375,63,9775.75,8.458064067820166,1.0,1.565679474249326,32.85546220833173,7156,14.938513135830073,1.162979834412957,11127.0,1.5549189491335942,7235,13.711126468555632,0.9664850456665752,-2351.25,-0.3249827228749136
SMA 84_two_confirm_fixed_8_MAexit84,SMA,84,two_confirm,fixed_8,ma_close,,84,14393,14393,1450,12943,0,10.074341693878969,130048.0,101056.0,160022.5,148970.25,14393.0,10794.75,11052.25,1.0741909877978992,0.7678906412839575,0.07678906412839574,89.68827819824219,-7.807772636413574,110.3603448275862,-11.509715676427412,5408.25,176.15016174316406,85,12052.25,11.205308135899395,2.0,1.6645529647853885,60.158043251859745,7155,10.6638714185884,1.191485674676525,14088.75,1.969077568134172,7238,9.491572257529704,0.9597250453449699,-3036.5,-0.4195219673943078
SMA 84_two_confirm_fixed_10_RR2,SMA,84,two_confirm,fixed_10,fixed_RR,2,,14372,14372,5136,9236,0,35.73615363206235,102720.0,92360.0,95529.609375,105290.40625,11497.6015625,8623.19921875,-9760.806640625,0.907296426876499,-0.6791543724342471,-0.06791543724342472,20.0,-10.0,18.600001825350468,-11.40000067669987,10235.5078125,876.7781982421875,22,-8761.181640625,2.28026718619538,3.0,-5.663287238560372,0.0,7145,36.51504548635409,0.9384457294957653,-3183.003662109375,-0.4454868666353219,7227,34.96609934966099,0.8772340369224438,-6577.8037109375,-0.910170708584129
SMA 84_two_confirm_fixed_10_RR3,SMA,84,two_confirm,fixed_10,fixed_RR,3,,14359,14359,3882,10477,0,27.03530886551988,116460.0,104770.0,111025.21875,119437.8125,11487.2021484375,8615.3994140625,-8412.607421875,0.9295650717816019,-0.5858769706717042,-0.058587697067170416,30.0,-10.0,28.600004829984545,-11.400001193089626,8911.578125,752.92138671875,22,-7411.9609375,3.003273208440699,3.0,-3.95172238960992,-73615356.03798896,7140,27.73109243697479,0.9626683675383634,-2196.00390625,-0.30756357230392156,7219,26.347139493004573,0.8974393080577895,-6216.60400390625,-0.8611447574326431
SMA 84_two_confirm_fixed_10_RR4,SMA,84,two_confirm,fixed_10,fixed_RR,4,,14340,14340,3114,11226,0,21.715481171548117,124560.0,112260.0,120200.40625,127976.40625,11472.001953125,8604.0,-7776.001953125,0.9392388001206277,-0.5422595504271269,-0.054225955042712694,40.0,-10.0,38.600002007064866,-11.400000556743274,8232.3623046875,713.6236572265625,30,-6774.9541015625,3.7432357043235704,3.0,-3.1498441598019418,0.0,7129,22.064805723102822,0.958625394643554,-2620.600830078125,-0.3675972548854152,7211,21.370128969629732,0.9202421079705436,-5155.4013671875,-0.7149357047826238
SMA 84_two_confirm_fixed_10_RR5,SMA,84,two_confirm,fixed_10,fixed_RR,5,,14301,14300,2612,11688,1,18.265734265734267,130600.0,116880.0,126943.203125,133243.203125,11440.001953125,8579.9990234375,-6300.001953125,0.9527180385021985,-0.44055957714160837,-0.044055957714160834,50.0,-10.0,48.60000119640122,-11.400000267368242,6929.63720703125,543.8418579101562,32,-5298.970703125,4.646993006993007,3.0,-2.2724834123157036,0.0,7109,18.947812631875088,0.9966113457446619,-222.60113525390625,-0.03131258056743652,7191,17.591433736615215,0.910039748039225,-6077.4013671875,-0.8451399481556807
SMA 84_two_confirm_fixed_10_RR6,SMA,84,two_confirm,fixed_10,fixed_RR,6,,14260,14259,2246,12013,1,15.751455221263763,134760.0,120130.0,131615.59375,136948.21875,11407.201171875,8555.3994140625,-5332.599609375,0.9610610123397462,-0.3739813177203871,-0.03739813177203871,60.0,-10.0,58.59999721727515,-11.400001560809123,7044.69970703125,355.2187805175781,48,-4331.58203125,5.382144610421488,3.0,-1.7512770518820624,-46826787.64586041,7083,16.34900465904278,1.004645861092605,313.80023193359375,0.04430329407505206,7176,15.16164994425864,0.9186435469364369,-5646.400390625,-0.786845093453874
SMA 84_two_confirm_fixed_10_MAexit9,SMA,84,two_confirm,fixed_10,ma_close,,9,14383,14383,3235,11148,0,22.491830633386638,121536.0,96938.0,117007.0,112545.203125,11506.40234375,8629.7998046875,4461.79345703125,1.039644487291426,0.31021299151993675,0.031021299151993677,37.569087982177734,-8.695550918579102,36.16908809891808,-10.095551051758163,3875.10205078125,303.2635803222656,36,5462.57958984375,4.284502537718139,3.0,1.347220831424562,12.499836752085695,7151,23.03174381205426,1.0907137289339388,5024.59716796875,0.7026425909619284,7232,21.957964601769913,0.9901531831106625,-562.802734375,-0.07782117455406526
SMA 84_two_confirm_fixed_10_MAexit21,SMA,84,two_confirm,fixed_10,ma_close,,21,14370,14369,3012,11357,1,20.961792748277542,129192.0,103274.0,124975.1953125,119173.8125,11495.2021484375,8621.400390625,5801.3955078125,1.0486800135935905,0.40374385884978076,0.040374385884978076,42.89242935180664,-9.093422889709473,41.49242872260956,-10.4934236594171,3963.65478515625,166.30274963378906,48,6802.0107421875,6.2401698100076555,2.0,1.4947432481345766,18.993529050450846,7145,21.567529741077678,1.096748932619687,5688.998046875,0.7962208603044086,7224,20.36267995570321,1.00186175808869,112.3974609375,0.015558895478612956
SMA 84_two_confirm_fixed_10_MAexit34,SMA,84,two_confirm,fixed_10,ma_close,,34,14357,14356,2910,11446,1,20.27027027027027,135512.0,105588.0,131438.0,121612.40625,11484.8017578125,8613.599609375,9825.5947265625,1.080794337132031,0.6844242634830384,0.06844242634830384,46.56769943237305,-9.224882125854492,45.16769759450172,-10.624882600908615,3237.7294921875,123.68778991699219,48,10824.3935546875,7.753413207021454,2.0,2.2851426806582924,34.74870447086227,7141,20.89343229239602,1.1387879792407731,8314.59765625,1.1643464019395042,7215,19.653499653499654,1.0244878285083463,1510.997802734375,0.20942450488348927
SMA 84_two_confirm_fixed_10_MAexit55,SMA,84,two_confirm,fixed_10,ma_close,,55,14374,14373,2374,11999,1,16.517080637306062,140472.0,110294.0,137148.40625,127092.6015625,11498.40234375,8623.7998046875,10055.796875,1.0791218730584793,0.6996310356223474,0.06996310356223474,59.1710205078125,-9.191932678222656,57.77102200926706,-10.591932791274273,3449.859375,119.91322326660156,61,11054.859375,9.978779656300008,2.0,2.0911090758963997,34.77739435489528,7148,17.137660884163402,1.1685563914161268,10562.798828125,1.4777278718697537,7225,15.90311418685121,0.9921305554624194,-507.001953125,-0.07017328070934256
SMA 84_two_confirm_fixed_10_MAexit84,SMA,84,two_confirm,fixed_10,ma_close,,84,14390,14389,1716,12673,1,11.92577663492946,153368.0,120868.0,150965.578125,138610.1875,11511.2021484375,8633.400390625,12355.396484375,1.0891376806268298,0.8586695728942247,0.08586695728942248,89.37528991699219,-9.537442207336426,87.97527862762237,-10.937440819064152,3881.615234375,78.20242309570312,61,13352.9775390625,13.420112586003198,3.0,2.1618743355020174,58.82632185580067,7152,12.486017897091722,1.1943888586016496,13293.19921875,1.858668794567953,7237,11.372115517479617,0.9866457178132485,-937.80126953125,-0.12958425722416056
SMA 84_two_confirm_candle_RR2,SMA,84,two_confirm,candle,fixed_RR,2,,14095,14095,5019,9076,0,35.60837176303654,122138.0,112693.0,93918.28125,102396.9375,10342.08203125,7756.5615234375,-8478.646484375,0.9171981461847919,-0.6015357562522171,-0.06015357562522171,24.335126876831055,-12.416593551635742,18.712548565451286,-11.282165877038343,8844.177734375,849.002197265625,20,-7478.9169921875,3.1056402979780064,2.0,-4.967697244740943,-103.31085812101249,7005,36.24553890078515,0.9424872296346278,-2897.97216796875,-0.4137005236215203,7090,34.97884344146686,0.8926971903269122,-5580.673828125,-0.7871190166607899
SMA 84_two_confirm_candle_RR3,SMA,84,two_confirm,candle,fixed_RR,3,,13978,13978,3778,10200,0,27.02818715123766,137187.0,126607.0,108442.9453125,115054.4609375,10258.0068359375,7693.50439453125,-6611.51318359375,0.9425357733100717,-0.4729942183140471,-0.04729942183140471,36.312068939208984,-12.412450790405273,28.70379706524616,-11.279849111519608,6934.91943359375,638.328369140625,24,-5611.6640625,4.406925168121334,3.0,-3.1473458327474493,-84.17440505357938,6948,27.95048934945308,0.9868431446248368,-743.0184326171875,-0.10693990106752843,7030,26.11664295874822,0.8998222807595917,-5868.49462890625,-0.8347787523337482
SMA 84_two_confirm_candle_RR4,SMA,84,two_confirm,candle,fixed_RR,4,,13829,13829,3004,10825,0,21.722467278906645,145404.0,134106.0,116257.859375,122103.015625,10145.7998046875,7609.349609375,-5845.15234375,0.9521293047507401,-0.4226735370417239,-0.04226735370417239,48.40346145629883,-12.388545036315918,38.701018433754996,-11.279724307159354,6309.2529296875,490.1772155761719,28,-4845.279296875,5.663894714006798,3.0,-2.410638907812848,-77.69472092351211,6868,22.16074548631334,0.9763673762228094,-1425.529541015625,-0.20756108634473283,6961,21.290044533831345,0.9284650649927891,-4419.623046875,-0.6349120883314179
SMA 84_two_confirm_candle_RR5,SMA,84,two_confirm,candle,fixed_RR,5,,13692,13691,2492,11199,1,18.20173836827113,150985.0,138550.0,121358.2421875,126329.625,10046.501953125,7534.8759765625,-4971.380859375,0.9606475297263013,-0.36311305670696076,-0.03631130567069608,60.58788299560547,-12.3716402053833,48.69913410413323,-11.280437985534423,5363.5791015625,490.8196105957031,32,-3971.4853515625,6.882915784091739,3.0,-1.8351605478796735,-67.14573367526269,6810,19.045521292217327,1.0151932466645235,945.17041015625,0.13879154334159324,6881,17.366661822409533,0.9077263608186432,-5916.55126953125,-0.8598388707355399
SMA 84_two_confirm_candle_RR6,SMA,84,two_confirm,candle,fixed_RR,6,,13480,13479,2111,11368,1,15.661399213591512,153690.0,140513.0,123915.671875,128250.4296875,9894.14453125,7420.60888671875,-4334.75634765625,0.9662008320513059,-0.32159331906345057,-0.032159331906345054,72.80435943603516,-12.360397338867188,58.699986676930365,-11.281705637535186,5282.2412109375,337.98016357421875,40,-3334.8037109375,8.098449439869427,3.0,-1.46755540925087,-59.24981032324267,6716,16.631923764145323,1.037535705414612,2371.807373046875,0.3531577386907199,6763,14.6976193996747,0.896921180077416,-6706.564453125,-0.9916552496118587
SMA 84_two_confirm_candle_MAexit9,SMA,84,two_confirm,candle,ma_close,,9,14290,14290,3431,10859,0,24.009797060881734,128400.0,103839.0,110733.609375,103215.296875,10492.390625,7869.2919921875,7518.31689453125,1.072841068403893,0.5261243453135934,0.052612434531359345,37.423492431640625,-9.562482833862305,32.274441671524336,-9.505046217423336,3261.479248046875,250.1139678955078,26,8518.2890625,4.525402379286214,3.0,2.227887722266608,18.212969877855823,7108,24.592009003939225,1.1260265399273155,6393.42041015625,0.8994682625430852,7182,23.43358395989975,1.0214329487806006,1124.895751953125,0.15662708882666737
SMA 84_two_confirm_candle_MAexit21,SMA,84,two_confirm,candle,ma_close,,21,14242,14241,3204,11037,1,22.498420054771433,137344.0,113340.0,117548.34375,110667.7421875,10456.283203125,7842.2119140625,6880.595703125,1.0621735062674584,0.4831539711484446,0.04831539711484446,42.866416931152344,-10.269094467163086,36.687997425093634,-10.026976731675274,4198.39453125,206.61117553710938,38,7880.5283203125,6.7322519485991155,2.0,1.797057287222343,18.973512950600405,7077,23.329094248975554,1.1347246171996164,7316.66943359375,1.0338659648994983,7164,21.67783361250698,0.9922625471964105,-436.074462890625,-0.06087024886803811
SMA 84_two_confirm_candle_MAexit34,SMA,84,two_confirm,candle,ma_close,,34,14229,14228,3114,11114,1,21.8864211414113,145216.0,116689.0,124367.921875,113281.4609375,10446.53515625,7834.90087890625,11086.4677734375,1.0978665074209861,0.7792007150293435,0.07792007150293435,46.633270263671875,-10.499279975891113,39.938317878933844,-10.192681387214325,3154.992431640625,169.28707885742188,38,12086.2080078125,8.444264829912848,2.0,2.6354621097444384,32.59398624383563,7075,22.586572438162545,1.1684228885633918,9362.302734375,1.32329367270318,7153,21.193904655389346,1.0298850252520328,1724.16357421875,0.24104062270638194
SMA 84_two_confirm_candle_MAexit55,SMA,84,two_confirm,candle,ma_close,,55,14254,14253,2566,11687,1,18.00322739072476,151552.0,122601.0,129352.9140625,118638.2890625,10457.6279296875,7843.220703125,10714.625,1.0903133809891292,0.7517452466147477,0.07517452466147477,59.06157302856445,-10.490373611450195,50.41033283807482,-10.151303932788569,4243.7587890625,171.96749877929688,43,11714.4013671875,10.936223952852032,2.0,2.3000580669631434,31.127135023621445,7090,18.702397743300423,1.1911513732238777,11147.62890625,1.572303089739069,7163,17.311182465447438,0.9928214792221165,-433.00341796875,-0.0604500094888664
SMA 84_two_confirm_candle_MAexit84,SMA,84,two_confirm,candle,ma_close,,84,14347,14346,1877,12469,1,13.083786421302104,168704.0,135879.0,144888.15625,130569.5,10533.279296875,7899.958984375,14318.66015625,1.1096631008773106,0.9980942531890422,0.09980942531890422,89.87959289550781,-10.897345542907715,77.19134589770911,-10.471529392894379,3859.76953125,95.35916137695312,56,15318.158203125,14.749546912031228,3.0,2.5454093461020966,51.26468862373079,7133,13.851114538062525,1.2240455634087795,14397.17578125,2.0183899875578297,7213,12.32496880632192,0.9988158035499266,-78.5181884765625,-0.01088564931048974
SMA144_one_break_fixed_6_RR2,SMA,144,one_break,fixed_6,fixed_RR,2,,15912,15912,4763,11149,0,29.933383609854197,57156.0,66894.0,84146.3125,137504.34375,21216.0,15912.0,-53358.0078125,0.61195384963975,-3.353318741358723,-0.3353318741358723,12.0,-6.0,17.666662292672687,-12.333334267647322,53396.3515625,5246.93896484375,23,-52353.6640625,1.4462669683257918,1.0,-30.78807481813581,-443544428.20582205,7956,30.681246857717447,0.6340101498354993,-24894.005859375,-3.128960012490573,7956,29.185520361990953,0.5903634140330426,-28464.005859375,-3.5776779612085217
SMA144_one_break_fixed_6_RR3,SMA,144,one_break,fixed_6,fixed_RR,3,,15908,15908,4425,11483,0,27.816193110384713,79650.0,68898.0,122424.96875,141623.671875,21210.66796875,15908.0,-19198.67578125,0.8644386007591642,-1.2068566621354035,-0.12068566621354035,18.0,-6.0,27.666659604519776,-12.333333786902378,19757.169921875,1391.351318359375,23,-18196.869140625,1.747736987679155,1.0,-8.492484696780508,-159611205.34007975,7955,28.37209302325581,0.8885571518190226,-7831.67138671875,-0.9844967173750786,7953,27.26015340123224,0.8406828207604263,-11367.0048828125,-1.4292725867990066
SMA144_one_break_fixed_6_RR4,SMA,144,one_break,fixed_6,fixed_RR,4,,15882,15882,3591,12291,0,22.610502455610124,86184.0,73746.0,135261.0,151589.0,21176.0,15882.0,-16327.9921875,0.8922876989755193,-1.0280816136191915,-0.10280816136191914,24.0,-6.0,37.666666666666664,-12.333333333333334,17386.736328125,919.2833862304688,34,-15326.3974609375,1.8668303740083112,1.0,-6.194612143452198,0.0,7938,23.217435122197028,0.9234817096782844,-5751.99609375,-0.7246152801398337,7944,22.004028197381672,0.8616020703746635,-10575.99609375,-1.3313187429191844
SMA144_one_break_fixed_6_RR5,SMA,144,one_break,fixed_6,fixed_RR,5,,15856,15856,3006,12850,0,18.958123107971744,90180.0,77100.0,143285.984375,158483.328125,21141.333984375,15856.0,-15197.326171875,0.904107618575416,-0.9584590168942356,-0.09584590168942356,30.0,-6.0,47.66666146872921,-12.333332928015563,16480.66015625,740.8129272460938,36,-14196.9755859375,2.233476286579213,1.0,-5.131764845144044,0.0,7923,19.575918212798182,0.9407415890466738,-4656.99658203125,-0.5877819742561214,7933,18.341106769191985,0.8680732857306855,-10540.330078125,-1.3286688614805244
SMA144_one_break_fixed_6_RR6,SMA,144,one_break,fixed_6,fixed_RR,6,,15826,15826,2568,13258,0,16.226462782762543,92448.0,79548.0,148088.0,163515.328125,21101.333984375,15826.0,-15427.326171875,0.9056520981739001,-0.9748089328873373,-0.09748089328873373,36.0,-6.0,57.666666666666664,-12.333332940488761,16501.419921875,883.8468627929688,52,-14425.638671875,2.578225704536838,1.0,-4.751620351536355,0.0,7906,16.708828737667595,0.9379753970941329,-5037.33056640625,-0.637152866987889,7920,15.744949494949495,0.8737550598313608,-10389.9970703125,-1.311868316958649
SMA144_one_break_fixed_6_MAexit9,SMA,144,one_break,fixed_6,ma_close,,9,15889,15889,2647,13242,0,16.659324060670905,95184.0,72864.0,152463.65625,152338.0,21185.333984375,15889.0,125.6650390625,1.0008248516456826,0.007908933165240103,0.0007908933165240103,35.959197998046875,-5.5024919509887695,57.59866122024934,-11.504153451140311,9004.8076171875,424.0883483886719,37,1125.430419921875,3.2640191327333374,1.0,0.026262303794503745,0.3615244769234826,7945,17.25613593455003,1.0417992043863586,3161.665771484375,0.397944087033905,7944,16.062437059415913,0.9604164226279179,-3036.001708984375,-0.38217544171505224
SMA144_one_break_fixed_6_MAexit21,SMA,144,one_break,fixed_6,ma_close,,21,15864,15864,2999,12865,0,18.904437720625314,93744.0,73410.0,149242.328125,152368.328125,21152.0,15864.0,-3126.0029296875,0.9794839253113318,-0.19705010903224282,-0.019705010903224282,31.258419036865234,-5.706179618835449,49.764030718572855,-11.843632190050524,10794.7685546875,625.0593872070312,41,-2126.1630859375,4.068456883509834,1.0,-0.5977821176856276,-11.500602810416492,7926,19.530658591975776,1.0504627297075124,3805.9990234375,0.48019165069865,7938,18.279163517258755,0.9099112398850213,-6932.00146484375,-0.8732680101843978
SMA144_one_break_fixed_6_MAexit34,SMA,144,one_break,fixed_6,ma_close,,34,15843,15843,3072,12771,0,19.39026699488733,94728.0,73560.0,150712.0,152399.0,21124.0,15843.0,-1687.00341796875,0.9889303735588816,-0.10648257387923689,-0.01064825738792369,30.8359375,-5.75992488861084,49.059895833333336,-11.933208049487119,10531.5126953125,488.2481689453125,41,-686.9456787109375,4.77169727955564,1.0,-0.2965363503924708,-6.838588937630811,7915,20.644346178142765,1.0493253795657353,3701.6640625,0.46767707675300063,7928,18.138244197780022,0.9303370107903809,-5388.66943359375,-0.6797009880920472
SMA144_one_break_fixed_6_MAexit55,SMA,144,one_break,fixed_6,ma_close,,55,15833,15833,3021,12812,0,19.080401692667216,94376.0,74208.0,150244.34375,153574.65625,21110.66796875,15833.0,-3330.33984375,0.9783146999555794,-0.21034168153540075,-0.021034168153540075,31.239986419677734,-5.792069911956787,49.73331471367097,-11.986782411020918,11985.837890625,561.74853515625,41,-2330.7724609375,5.70788858712815,1.0,-0.5531985501490905,-14.470472219312638,7911,20.225003160156742,1.007465189234047,564.3310546875,0.07133498352768297,7922,17.937389548093915,0.9500548625270906,-3894.6708984375,-0.4916272277754986
SMA144_one_break_fixed_6_MAexit84,SMA,144,one_break,fixed_6,ma_close,,84,15835,15835,2706,13129,0,17.088727502368172,96784.0,75702.0,154992.65625,156804.34375,21113.333984375,15835.0,-1811.671875,0.9884461906049716,-0.11440933849068519,-0.011440933849068519,35.76644515991211,-5.766014099121094,57.27740437915743,-11.943357738593953,10955.0693359375,472.33648681640625,46,-811.5994873046875,7.015535206820335,1.0,-0.26092060224007124,-7.436851432589975,7911,18.17722159019087,1.0272603708812758,2104.332275390625,0.2660007932487201,7924,16.002019182231198,0.950810516727598,-3916.00341796875,-0.4941952824291709
SMA144_one_break_fixed_6_MAexit144,SMA,144,one_break,fixed_6,ma_close,,144,15909,15909,1155,14754,0,7.260041485951348,110408.0,84840.0,181318.3125,175825.984375,21212.0,15909.0,5492.3330078125,1.0312372948999735,0.3452343332586901,0.034523433325869005,95.59133911132812,-5.75030517578125,156.98555194805195,-11.917173944354074,10147.6103515625,779.5859985351562,84,6492.1142578125,11.066314664655227,1.0,0.6224444417748329,21.80400691381783,7954,7.581091274830275,1.0523545244802142,4570.666015625,0.5746374171014584,7955,6.9390320553111255,1.0104115884278109,921.6650390625,0.1158598414912005
SMA144_one_break_fixed_8_RR2,SMA,144,one_break,fixed_8,fixed_RR,2,,15912,15912,5674,10238,0,35.6586224233283,90784.0,81904.0,103550.5,120296.5,15912.0,11934.0,-16746.0,0.8607939549363448,-1.0524132730015083,-0.10524132730015083,16.0,-8.0,18.25,-11.75,16927.25,1475.1416015625,19,-15746.0,1.5207390648567118,2.0,-9.238467387518343,0.0,7956,36.40020110608346,0.8889412160457489,-6603.0,-0.8299396681749623,7956,34.91704374057315,0.8332881339217475,-10143.0,-1.2748868778280542
SMA144_one_break_fixed_8_RR3,SMA,144,one_break,fixed_8,fixed_RR,3,,15876,15876,4368,11508,0,27.513227513227513,104832.0,92064.0,123396.0,135219.0,15876.0,11907.0,-11823.0,0.9125640627426619,-0.7447089947089947,-0.07447089947089947,24.0,-8.0,28.25,-11.75,12426.75,805.8851928710938,25,-10823.0,2.0282816830435877,2.0,-5.252874599059526,0.0,7935,28.090737240075615,0.9392017361344162,-4076.25,-0.5137051039697542,7941,26.936154136758596,0.8863671367906885,-7746.75,-0.9755383452965621
SMA144_one_break_fixed_8_RR4,SMA,144,one_break,fixed_8,fixed_RR,4,,15833,15833,3514,12319,0,22.194151455820123,112448.0,98552.0,134410.5,144748.25,15833.0,11874.75,-10337.75,0.9285811745565145,-0.6529242720899388,-0.06529242720899388,32.0,-8.0,38.25,-11.75,11190.0,611.97705078125,35,-9337.75,2.5366639297669424,2.0,-3.954112581110799,0.0,7909,22.73359463901884,0.9577914956287407,-3030.75,-0.38320268049058037,7924,21.65572942958102,0.8998272647510419,-7307.0,-0.9221352852094902
SMA144_one_break_fixed_8_RR5,SMA,144,one_break,fixed_8,fixed_RR,5,,15786,15786,2889,12897,0,18.30102622576967,115560.0,103176.0,139394.25,151539.75,15786.0,11839.5,-12145.5,0.9198527119122211,-0.7693842645381984,-0.07693842645381985,40.0,-8.0,48.25,-11.75,12537.0,944.4067993164062,35,-11145.5,3.067908273153427,2.0,-4.166602812882093,0.0,7886,18.86888156226224,0.955032490206381,-3380.5,-0.42867106264265786,7900,17.734177215189874,0.8852196573613617,-8765.0,-1.1094936708860759
SMA144_one_break_fixed_8_RR6,SMA,144,one_break,fixed_8,fixed_RR,6,,15720,15720,2490,13230,0,15.839694656488549,119520.0,105840.0,145042.5,155452.5,15720.0,11790.0,-10410.0,0.9330342065904376,-0.6622137404580153,-0.06622137404580153,48.0,-8.0,58.25,-11.75,11389.0,672.8104858398438,44,-9410.0,3.5699745547073793,2.0,-3.2486233933662256,0.0,7857,16.3166603029146,0.9666078796213898,-2579.75,-0.3283377879597811,7863,15.363092967060918,0.8998641239189858,-7830.25,-0.9958349230573572
SMA144_one_break_fixed_8_MAexit9,SMA,144,one_break,fixed_8,ma_close,,9,15882,15882,3209,12673,0,20.205263820677498,113640.0,90472.0,136434.25,135267.75,15882.0,11911.5,1166.5,1.0086236371936401,0.07344792847248457,0.007344792847248457,35.41290283203125,-7.1389570236206055,42.51612651916485,-10.673696046713486,5509.5,334.92401123046875,36,2166.5,3.7049489988666413,2.0,0.2996191888949013,2.9867045328212027,7941,20.929353985644124,1.0699146782464908,4693.25,0.5910149855181968,7941,19.48117365571087,0.9482422089977179,-3526.75,-0.44411912857322755
SMA144_one_break_fixed_8_MAexit21,SMA,144,one_break,fixed_8,ma_close,,21,15842,15842,3590,12252,0,22.66128014139629,112480.0,91728.0,134317.5,136101.0,15842.0,11881.5,-1783.5,0.9868957612361408,-0.11258048226234062,-0.011258048226234062,31.33147621154785,-7.4867777824401855,37.41434540389972,-11.10847208619001,6937.0,327.4873046875,32,-783.5,4.743277363969196,1.0,-0.4177866438743951,-5.783062248320076,7915,23.297536323436514,1.0689579725354803,4648.75,0.5873341756159192,7927,22.025987132584838,0.9063538455378949,-6432.25,-0.8114355998486187
SMA144_one_break_fixed_8_MAexit34,SMA,144,one_break,fixed_8,ma_close,,34,15818,15818,3647,12171,0,23.056012138070553,113504.0,92312.0,135497.75,136689.25,15818.0,11863.5,-1191.5,0.9912831477237602,-0.07532557845492477,-0.007532557845492477,31.12256622314453,-7.584586143493652,37.15320811625994,-11.230732889655739,7620.75,341.4696960449219,36,-191.5,5.613667973195094,1.0,-0.25609071152107704,-4.269744724037676,7907,24.38345769571266,1.0695149061246303,4682.75,0.592228405210573,7911,21.729237770193404,0.9152662781640366,-5874.25,-0.7425420300846922
SMA144_one_break_fixed_8_MAexit55,SMA,144,one_break,fixed_8,ma_close,,55,15805,15805,3571,12234,0,22.594115786143625,113728.0,93392.0,135910.75,138149.5,15805.0,11853.75,-2238.75,0.9837947296226189,-0.14164821259095223,-0.014164821259095222,31.8476619720459,-7.63380765914917,38.05957714925791,-11.292259277423573,8150.25,511.38824462890625,41,-1238.75,6.802973742486555,1.0,-0.45138555756452153,-8.520655304759291,7905,23.883617963314357,1.0495257081275127,3366.25,0.4258380771663504,7900,21.30379746835443,0.920133656788461,-5605.0,-0.709493670886076
SMA144_one_break_fixed_8_MAexit84,SMA,144,one_break,fixed_8,ma_close,,84,15809,15809,3209,12600,0,20.298564109051807,117264.0,95752.0,140964.25,141740.0,15809.0,11856.75,-775.75,0.9945269507549034,-0.04907014991460561,-0.004907014991460561,36.5422248840332,-7.599365234375,43.927781240261766,-11.249206349206348,6071.25,367.84307861328125,40,224.25,8.457144664431652,1.0,-0.1356945474880162,-2.828762865502496,7904,21.571356275303643,1.0685329881343837,4778.0,0.604504048582996,7905,19.02593295382669,0.9228878776203022,-5553.75,-0.702561669829222
SMA144_one_break_fixed_8_MAexit144,SMA,144,one_break,fixed_8,ma_close,,144,15906,15906,1437,14469,0,9.034326669181441,136808.0,109520.0,168495.25,162220.75,15906.0,11929.5,6274.5,1.0386787756806697,0.3944737834779329,0.039447378347793285,95.20389556884766,-7.569285869598389,117.25487125956855,-11.211607574815122,7735.25,379.59759521484375,68,7274.5,13.560543191248586,2.0,0.85438663341402,22.042798100303493,7954,9.404073422177522,1.09297108519087,7480.5,0.9404702036711089,7952,8.664486921529175,0.9852495558660841,-1206.0,-0.15165995975855132
SMA144_one_break_fixed_10_RR2,SMA,144,one_break,fixed_10,fixed_RR,2,,15072,15072,5368,9704,0,35.615711252653924,107360.0,97040.0,99844.8125,110625.609375,12057.6015625,9043.2001953125,-10780.80859375,0.9025470057438949,-0.7152871943836253,-0.07152871943836253,20.0,-10.0,18.60000232861401,-11.400000966096455,10999.4931640625,932.6341552734375,17,-9780.5068359375,2.291998407643312,3.0,-6.112711069569163,0.0,7540,36.0079575596817,0.9180802455458594,-4506.00390625,-0.5976132501657825,7532,35.22304832713755,0.8871857423557509,-6274.8037109375,-0.8330859945482607
SMA144_one_break_fixed_10_RR3,SMA,144,one_break,fixed_10,fixed_RR,3,,14711,14711,3977,10734,0,27.0341921011488,119310.0,107340.0,113742.2109375,122367.6171875,11768.802734375,8826.599609375,-8625.408203125,0.9295123460908488,-0.5863237171589287,-0.058632371715892875,30.0,-10.0,28.600002750188583,-11.40000160122042,9485.2626953125,524.3385009765625,22,-7624.4716796875,3.0224321935966283,3.0,-4.002968639593433,-74569029.10079879,7345,27.556160653505785,0.9542858022328565,-2773.004150390625,-0.377536303661079,7366,26.513711648112952,0.9051600650009771,-5852.404296875,-0.7945159240938094
SMA144_one_break_fixed_10_RR4,SMA,144,one_break,fixed_10,fixed_RR,4,,14442,14441,3108,11333,1,21.522055259331072,124320.0,113330.0,119968.8125,129196.203125,11552.8017578125,8664.599609375,-9227.40234375,0.9285784690121868,-0.6389725326327816,-0.06389725326327816,40.0,-10.0,38.60000402187902,-11.400000275743404,9723.8828125,670.703857421875,30,-8226.68359375,3.780901599612215,3.0,-3.7367589747790335,0.0,7203,22.032486463973346,0.9568245028473918,-2764.20068359375,-0.38375686291736083,7238,21.014092290688037,0.9008313947069656,-6463.201171875,-0.8929540165618955
SMA144_one_break_fixed_10_RR5,SMA,144,one_break,fixed_10,fixed_RR,5,,14240,14239,2577,11662,1,18.09818105204017,128850.0,116620.0,125242.2109375,132946.8125,11391.2021484375,8543.400390625,-7704.6025390625,0.942047489386028,-0.5410915470933704,-0.05410915470933704,50.0,-10.0,48.60000424427629,-11.400001071857314,8419.400390625,526.4091186523438,37,-6703.54150390625,4.703841561907438,3.0,-2.7950846731455328,-67703390.65867174,7116,18.676222596964585,0.9790457333211754,-1382.400634765625,-0.19426653102383712,7123,17.52070756703636,0.9056036534154536,-6322.20166015625,-0.8875756928479924
SMA144_one_break_fixed_10_RR6,SMA,144,one_break,fixed_10,fixed_RR,6,,14098,14097,2211,11886,1,15.684188125133005,132660.0,118860.0,129564.609375,135500.40625,11277.6015625,8458.19921875,-5935.7998046875,0.9561935123349492,-0.4210682985519969,-0.04210682985519969,60.0,-10.0,58.600004240162825,-11.400000525828705,7169.181640625,396.78839111328125,39,-4934.9296875,5.44392423919983,3.0,-1.9639583092845398,0.0,7023,16.28933504200484,1.0002655433181817,17.80023193359375,0.0025345624282491455,7074,15.083404014701724,0.9130603156769741,-5953.6005859375,-0.8416172725385214
SMA144_one_break_fixed_10_MAexit9,SMA,144,one_break,fixed_10,ma_close,,9,15460,15459,3474,11985,1,22.472346206093537,122656.0,100340.0,117792.40625,117119.0,12367.203125,9275.3994140625,673.392578125,1.0057497609269206,0.0435599054353451,0.0043559905435345105,35.30685043334961,-8.372132301330566,33.90685269142199,-9.772131831455987,3516.61962890625,272.3104553222656,42,1673.572509765625,4.101429587942299,2.0,0.20813434111390547,1.6537771743626588,7725,23.119741100323623,1.0546327872052175,3172.99609375,0.41074383090614885,7734,21.82570468063098,0.9576628664796831,-2499.60400390625,-0.32319679388495604
SMA144_one_break_fixed_10_MAexit21,SMA,144,one_break,fixed_10,ma_close,,21,15167,15167,3915,11252,0,25.812619502868067,121120.0,101008.0,115639.0078125,116760.8125,12133.6025390625,9100.201171875,-1121.807373046875,0.9903922843334102,-0.07396369572406376,-0.0073963695724063765,30.937419891357422,-8.976893424987793,29.537422174329503,-10.376894107714184,4841.0595703125,200.6977081298828,27,-121.7730712890625,5.372255554822971,1.0,-0.31797357871713966,-3.374942800269588,7581,26.394934705184014,1.055891851406918,3238.59619140625,0.4271990755053753,7586,25.230688109675718,0.9258647513977125,-4360.40380859375,-0.5747961783013116
SMA144_one_break_fixed_10_MAexit34,SMA,144,one_break,fixed_10,ma_close,,34,15076,15076,3996,11080,0,26.505704430883526,122208.0,101774.0,116613.59375,117286.015625,12060.8017578125,9045.599609375,-672.406494140625,0.9942668196935776,-0.0446011205983434,-0.004460112059834339,30.582582473754883,-9.185379028320312,29.18258101851852,-10.585380471570398,5459.12744140625,261.05303955078125,26,327.764892578125,6.4084637834969485,1.0,-0.17457091824227838,-2.2428070228352026,7544,27.67762460233298,1.045782966521331,2650.3974609375,0.35132522016668877,7532,25.33191715347849,0.944056388325762,-3322.803955078125,-0.4411582521346422
SMA144_one_break_fixed_10_MAexit55,SMA,144,one_break,fixed_10,ma_close,,55,15061,15061,3916,11145,0,26.00092955315052,123664.0,103122.0,118181.6015625,118725.0078125,12048.802734375,9036.599609375,-543.406982421875,0.9954229840872431,-0.036080405180391406,-0.0036080405180391405,31.57916259765625,-9.252758979797363,30.179162809627172,-10.652759785778375,5615.81396484375,347.85760498046875,39,456.916748046875,7.814753336431844,1.0,-0.1315656686093837,-1.902781636724577,7546,27.193214948316992,1.0485144995725069,2837.596435546875,0.3760398138811125,7515,24.803725881570195,0.9438701568274058,-3381.0029296875,-0.4499005894461078
SMA144_one_break_fixed_10_MAexit84,SMA,144,one_break,fixed_10,ma_close,,84,15085,15085,3529,11556,0,23.39410009943653,128368.0,106014.0,123427.3984375,122192.40625,12068.001953125,9051.0,1234.9942626953125,1.0101069471123538,0.08186902636362695,0.008186902636362695,36.37517547607422,-9.173935890197754,34.97517666123548,-10.573936158705434,4190.556640625,174.4814453125,34,2235.239013671875,9.760954590652966,1.0,0.255854767158174,4.152301129193187,7550,24.794701986754966,1.0714508031854166,4289.99755859375,0.5682115971647351,7535,21.9907100199071,0.9508456191892907,-3055.00390625,-0.40544179246848044
SMA144_one_break_fixed_10_MAexit144,SMA,144,one_break,fixed_10,ma_close,,144,15898,15897,1632,14265,1,10.266087941120967,155064.0,125584.0,152779.1875,145555.0,12717.6015625,9538.201171875,7224.1982421875,1.0496320119542442,0.45443783369110524,0.04544378336911052,95.01470947265625,-8.803645133972168,93.61469822303921,-10.203645285664214,4469.49072265625,252.77064514160156,67,8225.134765625,15.408441844373153,2.0,1.1459468400775483,23.618081180513432,7948,10.631605435329643,1.091967775747541,6636.79931640625,0.8350275939112041,7949,9.900616429739589,1.0080035997357042,587.3983154296875,0.07389587563588973
SMA144_one_break_candle_RR2,SMA,144,one_break,candle,fixed_RR,2,,13257,13256,4674,8582,1,35.25950512975257,138782.0,130336.0,88421.65625,94859.359375,8055.8291015625,6041.8720703125,-6437.703125,0.932134233591539,-0.48564447231442365,-0.04856444723144236,29.692340850830078,-15.187135696411133,18.91776984381686,-11.053292865882078,6803.1669921875,501.90972900390625,17,-5437.8388671875,4.284097767048883,3.0,-3.9032026378760887,-138.6550106887983,6626,36.145487473588894,0.9686884350499855,-1464.070556640625,-0.22095842991859718,6630,34.374057315233784,0.8966007071350344,-4973.6318359375,-0.7501707143193816
SMA144_one_break_candle_RR3,SMA,144,one_break,candle,fixed_RR,3,,12792,12791,3444,9347,1,26.925181768430928,150957.0,140603.0,99531.4609375,103420.59375,7850.93310546875,5888.2001953125,-3889.13330078125,0.9623949866126156,-0.30405232591519427,-0.030405232591519428,43.83188247680664,-15.042580604553223,28.89995962180604,-11.064576200920081,4937.134765625,289.7566223144531,26,-2889.10888671875,6.094285044171683,4.0,-1.9393104108009143,-84.7486874677605,6376,27.68193224592221,0.9996497418626626,-17.866668701171875,-0.0028021751413381236,6415,26.1730319563523,0.9261337261562652,-3871.26708984375,-0.6034710974035464
SMA144_one_break_candle_RR4,SMA,144,one_break,candle,fixed_RR,4,,12443,12442,2717,9725,1,21.837325188876385,158060.0,145108.0,105679.03125,107693.515625,7682.560546875,5761.9208984375,-2014.4832763671875,0.9812942834737177,-0.16190992415746563,-0.016190992415746563,58.17445755004883,-14.921131134033203,38.895484449760765,-11.073883354755784,3692.0673828125,203.75875854492188,28,-1014.4246826171875,7.806461983603922,4.0,-0.8746411919456514,-44.31750419526017,6197,22.656123930934324,1.028769928231026,1526.955322265625,0.24640234343482734,6245,21.024819855884708,0.9351611074207765,-3541.4384765625,-0.5670838233086469
SMA144_one_break_candle_RR5,SMA,144,one_break,candle,fixed_RR,5,,12158,12157,2229,9928,1,18.33511557127581,161820.0,147278.0,108986.078125,110010.8125,7539.8505859375,5654.88818359375,-1024.7410888671875,0.9906851485621015,-0.08429226691348092,-0.008429226691348091,72.59757995605469,-14.834609031677246,48.89460660610139,-11.080863466962127,2756.630859375,164.88235473632812,29,-24.681884765625,9.599572262893806,4.0,-0.4004054660349211,-22.71598259554242,6059,19.22759531275788,1.050285189378411,2726.823974609375,0.45004521779326206,6098,17.448343719252215,0.9327478672446821,-3751.5654296875,-0.6152124351734175
SMA144_one_break_candle_RR6,SMA,144,one_break,candle,fixed_RR,6,,11871,11870,1889,9981,1,15.914069081718619,164214.0,147637.0,111247.375,110631.375,7379.4248046875,5534.56884765625,616.0028686523438,1.0055680407117782,0.05189577663456982,0.005189577663456982,86.93170928955078,-14.791804313659668,58.89220487030175,-11.084197475202885,2366.81640625,125.91322326660156,37,1616.0537109375,11.328053917438922,4.0,0.22085009303470646,13.799057958196952,5905,16.76545300592718,1.0700608234439428,3816.83203125,0.6463729096104995,5965,15.071248952221291,0.942997568840871,-3200.828857421875,-0.5366016525434828
SMA144_one_break_candle_MAexit9,SMA,144,one_break,candle,ma_close,,9,15374,15373,3944,11429,1,25.65536980420217,139248.0,113138.0,97096.46875,90925.40625,8958.447265625,6718.8359375,6171.06201171875,1.0678695070444075,0.40142210445057896,0.0401422104450579,35.30628967285156,-9.89920425415039,24.618780109026368,-7.95567470907341,1852.3585205078125,115.41021728515625,27,7170.98876953125,4.549469849736551,3.0,2.159880749179467,12.973369272655674,7682,26.334287945847436,1.1225932565307029,5511.58544921875,0.7174675148683611,7691,24.977246131842413,1.0143467099766341,659.476806640625,0.08574656177878365
SMA144_one_break_candle_MAexit21,SMA,144,one_break,candle,ma_close,,21,14909,14909,4514,10395,0,30.277013884231003,139576.0,116693.0,97647.109375,93401.6953125,8761.48828125,6571.1171875,4245.4140625,1.0454532869911606,0.28475511855255214,0.028475511855255216,30.920690536499023,-11.22587776184082,21.632057903190077,-8.985252074314575,2601.40625,100.38420867919922,25,5245.3427734375,6.122342209403716,2.0,1.3288153816425219,10.324762120938095,7459,30.996112079367204,1.1148053945004874,5305.72265625,0.711318227141708,7450,29.55704697986577,0.9775296357843684,-1060.307373046875,-0.1423231373217282
SMA144_one_break_candle_MAexit34,SMA,144,one_break,candle,ma_close,,34,14695,14695,4597,10098,0,31.28274923443348,141328.0,118522.0,97789.109375,94077.828125,8672.724609375,6504.5439453125,3711.286865234375,1.039449053235677,0.25255439708978394,0.025255439708978394,30.743528366088867,-11.737175941467285,21.27237532629976,-9.316481295801148,3196.721923828125,188.6684112548828,24,4711.3076171875,7.462606328683226,2.0,1.1026190353687926,9.723579869877696,7360,32.78532608695652,1.096857367675531,4485.1923828125,0.6094011389690897,7335,29.77505112474438,0.983799528900898,-773.905029296875,-0.10550852478485004
SMA144_one_break_candle_MAexit55,SMA,144,one_break,candle,ma_close,,55,14623,14623,4503,10120,0,30.79395472885181,144000.0,121076.0,98789.3671875,95430.0234375,8641.7216796875,6481.29150390625,3359.345703125,1.0352021683427557,0.22973026760069754,0.022973026760069754,31.978681564331055,-11.964031219482422,21.938566997002,-9.4298442131917,2843.724609375,184.994873046875,36,4359.365234375,9.25329959652602,1.0,0.9299242764997944,9.12998777921711,7337,32.124846667575305,1.0766104250053103,3595.403564453125,0.49003728560080756,7286,29.45374691188581,0.9951327919024091,-236.05743408203125,-0.03239876943206578
SMA144_one_break_candle_MAexit84,SMA,144,one_break,candle,ma_close,,84,14660,14660,4064,10596,0,27.72169167803547,150616.0,125411.0,103614.0859375,98240.21875,8659.802734375,6494.8525390625,5373.8623046875,1.054701295008059,0.3665663236485334,0.036656632364853343,37.0610237121582,-11.835692405700684,25.49559201218012,-9.271443823140809,2818.55322265625,105.91087341308594,32,6373.76953125,11.666234652114598,2.0,1.281820435428358,14.151477385096532,7352,29.066920565832426,1.0946770990040022,4575.017578125,0.622282042726469,7308,26.368363437328956,1.0160031451629816,798.8444213867188,0.10931094983397903
SMA144_one_break_candle_MAexit144,SMA,144,one_break,candle,ma_close,,144,15896,15895,1932,13963,1,12.154765649575339,186400.0,149917.0,127513.640625,115746.625,9176.71484375,6882.53564453125,11767.009765625,1.1016618465117234,0.7402963048521548,0.07402963048521548,96.48033142089844,-10.736732482910156,66.00084918478261,-8.289524099405572,2784.9970703125,70.29521942138672,65,12766.41015625,18.27448883296634,2.0,2.207453258406819,29.11431127847198,7948,12.669854051333667,1.1653046074524052,9502.0849609375,1.1955315753570082,7947,11.639612432364414,1.0388732763011466,2264.925537109375,0.2850038425958695
SMA144_two_confirm_fixed_6_RR2,SMA,144,two_confirm,fixed_6,fixed_RR,2,,10922,10922,3331,7591,0,30.49807727522432,39972.0,45546.0,58847.6484375,93622.328125,14562.6650390625,10922.0,-34774.671875,0.6285642497474477,-3.1839106276323017,-0.31839106276323015,12.0,-6.0,17.66666119408586,-12.333332647213807,34809.4296875,3419.39404296875,27,-33776.7265625,1.4474455227980223,1.0,-24.091070215834684,0.0,5490,30.74681238615665,0.6359667215919788,-17070.00390625,-3.109290329007286,5432,30.24668630338733,0.6211364328831865,-17704.66796875,-3.259327682023196
SMA144_two_confirm_fixed_6_RR3,SMA,144,two_confirm,fixed_6,fixed_RR,3,,10922,10922,3117,7805,0,28.5387291704816,56106.0,46830.0,86236.9765625,96261.65625,14562.6650390625,10922.0,-10024.6728515625,0.8958600955144068,-0.9178422314193829,-0.09178422314193829,18.0,-6.0,27.666659147417388,-12.33333199871877,10575.009765625,804.38720703125,27,-9024.9111328125,1.754257462003296,1.0,-5.310145797676728,-100581712.43532152,5490,28.87067395264117,0.9105095744427176,-4310.0029296875,-0.7850642859175774,5432,28.20324005891016,0.8811917620510462,-5714.669921875,-1.0520379090344256
SMA144_two_confirm_fixed_6_RR4,SMA,144,two_confirm,fixed_6,fixed_RR,4,,10922,10922,2535,8387,0,23.210034792162606,60840.0,50322.0,95485.0,103439.6640625,14562.6650390625,10922.0,-7954.66162109375,0.9230985122139062,-0.7283154752878365,-0.07283154752878365,24.0,-6.0,37.666666666666664,-12.333333022832957,8359.5673828125,643.3734130859375,30,-6955.57177734375,1.876762497711042,1.0,-3.605873060252799,0.0,5490,23.806921675774134,0.9542549949364453,-2359.99755859375,-0.429872050745674,5432,22.60677466863034,0.8920975883473667,-5594.6640625,-1.0299455196060383
SMA144_two_confirm_fixed_6_RR5,SMA,144,two_confirm,fixed_6,fixed_RR,5,,10921,10921,2067,8854,0,18.926838201629888,62010.0,53124.0,98527.0078125,109199.34375,14561.33203125,10921.0,-10672.328125,0.9022673985849846,-0.977229935445472,-0.0977229935445472,30.0,-6.0,47.66667044629899,-12.333334509826066,11044.3369140625,841.7940063476562,32,-9672.587890625,2.263620547568904,1.0,-4.345093585205985,-53542407.01351359,5489,19.457096010202225,0.9336519523630354,-3617.664306640625,-0.6590752972564448,5432,18.39101620029455,0.8709676589651955,-7054.66455078125,-1.2987232236342507
SMA144_two_confirm_fixed_6_RR6,SMA,144,two_confirm,fixed_6,fixed_RR,6,,10919,10919,1791,9128,0,16.40260097078487,64476.0,54768.0,103281.015625,112578.671875,14558.666015625,10919.0,-9297.6640625,0.9174119209691556,-0.8515124152852825,-0.08515124152852825,36.0,-6.0,57.6666753908431,-12.333333903921998,10035.59765625,765.8812255859375,42,-8298.1484375,2.591079769209635,1.0,-3.43266672864958,-93300149.43270043,5489,16.742576061213335,0.9402508030001219,-3367.665283203125,-0.6135298384410868,5430,16.058931860036832,0.8945128407603408,-5929.998046875,-1.092080671616022
SMA144_two_confirm_fixed_6_MAexit9,SMA,144,two_confirm,fixed_6,ma_close,,9,10922,10922,1782,9140,0,16.315693096502475,69208.0,51018.0,111188.671875,106356.671875,14562.6650390625,10922.0,4831.99853515625,1.045432034632289,0.44240968093355154,0.044240968093355156,38.83726119995117,-5.581838130950928,62.39543876262626,-11.636397360503283,4663.4814453125,414.40887451171875,37,5832.23046875,3.3683391320271014,1.0,1.126429713587283,18.15792096161334,5490,16.775956284153004,1.1040860372917491,5516.66552734375,1.0048571088057832,5432,15.850515463917525,0.987167849362302,-684.66845703125,-0.12604353038130522
SMA144_two_confirm_fixed_6_MAexit21,SMA,144,two_confirm,fixed_6,ma_close,,21,10920,10920,1731,9189,0,15.85164835164835,71168.0,52848.0,114574.328125,109521.0,14559.998046875,10920.0,5053.3310546875,1.0461402664785748,0.46275925409226193,0.04627592540922619,41.113807678222656,-5.751224517822266,66.18967540439053,-11.918707149853086,5827.61767578125,415.3682861328125,40,6053.2119140625,4.587728937728937,1.0,1.0496787937154033,24.25680518186267,5489,16.432865731462925,1.0750187135997664,4108.9970703125,0.7485875515235015,5431,15.264223899834285,1.0172487037197706,944.330322265625,0.17387779824445315
SMA144_two_confirm_fixed_6_MAexit34,SMA,144,two_confirm,fixed_6,ma_close,,34,10919,10919,1803,9116,0,16.51250114479348,72512.0,52896.0,116646.328125,109430.671875,14558.666015625,10919.0,7215.662109375,1.0659381517664652,0.6608354345063651,0.06608354345063651,40.21741485595703,-5.802545070648193,64.69568947587355,-12.004242197784116,6830.373046875,343.2923889160156,47,8215.4853515625,5.432182434288855,1.0,1.3897654701126891,38.70728564305013,5488,17.073615160349853,1.0698244427774413,3804.66455078125,0.6932697796613065,5431,15.945498066654393,1.0620839559456063,3410.99658203125,0.628060501202587
SMA144_two_confirm_fixed_6_MAexit55,SMA,144,two_confirm,fixed_6,ma_close,,55,10920,10920,1751,9169,0,16.034798534798536,74400.0,53196.0,119914.328125,110054.3359375,14559.998046875,10920.0,9859.9951171875,1.08959203745593,0.9029299557864011,0.09029299557864011,42.49000549316406,-5.801723003387451,68.48333987721303,-12.002872280237758,6129.0849609375,291.2138977050781,47,10859.806640625,6.6024725274725276,1.0,1.7363175831193935,52.78398931314539,5489,16.760794315904537,1.123618690819361,6775.6640625,1.2344077359263983,5431,15.30104953047321,1.0558316776613468,3084.329345703125,0.5679118662682977
SMA144_two_confirm_fixed_6_MAexit84,SMA,144,two_confirm,fixed_6,ma_close,,84,10917,10917,1565,9352,0,14.33544013923239,79104.0,54336.0,128188.328125,112381.3359375,14555.998046875,10917.0,15806.994140625,1.140654958900746,1.4479247174704588,0.14479247174704588,50.54568862915039,-5.810093879699707,81.9094748402556,-12.016823774326348,5490.3544921875,157.151611328125,51,16808.005859375,8.240359073005404,1.0,2.334596481491781,86.4147822766281,5488,14.759475218658894,1.1840228543324547,10324.6640625,1.8813163379190962,5429,13.906796831829066,1.0974187209023385,5482.330078125,1.0098231862451648
SMA144_two_confirm_fixed_6_MAexit144,SMA,144,two_confirm,fixed_6,ma_close,,144,10921,10921,771,10150,0,7.059793059243659,87432.0,60018.0,143920.984375,123713.34375,14561.33203125,10921.0,20207.66015625,1.1633424496700664,1.8503488834584745,0.18503488834584744,113.4007797241211,-5.9131035804748535,186.66794341763944,-12.188506773399014,4204.330078125,118.63216400146484,80,21207.658203125,12.335866678875561,1.0,2.502848722541384,161.85535605682037,5490,7.413479052823316,1.2648467271716042,16409.99609375,2.989070326730419,5431,6.702264776284293,1.0614975777051332,3797.66259765625,0.6992566005627416
SMA144_two_confirm_fixed_8_RR2,SMA,144,two_confirm,fixed_8,fixed_RR,2,,10922,10922,3924,6998,0,35.92748580845999,62784.0,55984.0,71613.0,82226.5,10922.0,8191.5,-10613.5,0.8709236073528607,-0.9717542574620033,-0.09717542574620033,16.0,-8.0,18.25,-11.75,10853.75,920.3943481445312,17,-9613.5,1.5195934810474272,2.0,-7.055649045808493,0.0,5490,36.42987249544626,0.8900810827287692,-4507.5,-0.8210382513661202,5432,35.41973490427099,0.851864431451515,-6106.0,-1.124079528718704
SMA144_two_confirm_fixed_8_RR3,SMA,144,two_confirm,fixed_8,fixed_RR,3,,10922,10922,3052,7870,0,27.94360007324666,73248.0,62960.0,86219.0,92472.5,10922.0,8191.5,-6253.5,0.932374489713158,-0.5725599707013368,-0.05725599707013368,24.0,-8.0,28.25,-11.75,6726.5,479.7789001464844,27,-5253.5,2.0306720380882624,2.0,-3.3337622648888465,0.0,5490,28.706739526411656,0.9680905424064189,-1467.5,-0.26730418943533696,5432,27.172312223858615,0.8970376266592087,-4786.0,-0.8810751104565537
SMA144_two_confirm_fixed_8_RR4,SMA,144,two_confirm,fixed_8,fixed_RR,4,,10921,10920,2416,8504,1,22.124542124542124,77312.0,68032.0,92412.0,99922.0,10920.0,8190.0,-7510.0,0.9248413762734933,-0.6877289377289377,-0.06877289377289378,32.0,-8.0,38.25,-11.75,8131.5,704.6360473632812,29,-6510.0,2.5618131868131866,2.0,-3.4627503844409007,0.0,5488,22.97740524781341,0.9711278558808873,-1434.0,-0.26129737609329445,5432,21.262886597938145,0.8790960058501933,-6076.0,-1.1185567010309279
SMA144_two_confirm_fixed_8_RR5,SMA,144,two_confirm,fixed_8,fixed_RR,5,,10918,10917,2043,8874,1,18.713932399010716,81720.0,70992.0,98574.75,104269.5,10917.0,8187.75,-5694.75,0.9453843166026499,-0.5216405605935697,-0.052164056059356964,40.0,-8.0,48.25,-11.75,6893.0,575.015625,42,-4694.75,3.061005770816158,2.0,-2.3290623879230554,0.0,5488,19.387755102040817,0.9876110961486668,-644.0,-0.11734693877551021,5429,18.0327868852459,0.9034042553191489,-5050.75,-0.930327868852459
SMA144_two_confirm_fixed_8_RR6,SMA,144,two_confirm,fixed_8,fixed_RR,6,,10914,10913,1763,9150,1,16.155044442408137,84624.0,73200.0,102694.75,107512.5,10913.0,8184.75,-4817.75,0.9551889315195907,-0.44146889031430403,-0.0441468890314304,48.0,-8.0,58.25,-11.75,6621.25,451.8082580566406,42,-3817.75,3.5616237514890496,2.0,-1.790117873523997,0.0,5485,16.791248860528714,1.0003962556175061,21.25,0.0038742023701002735,5428,15.512159174649964,0.9101984763990313,-4839.0,-0.8914885777450258
SMA144_two_confirm_fixed_8_MAexit9,SMA,144,two_confirm,fixed_8,ma_close,,9,10922,10921,2170,8751,1,19.869975276989287,83096.0,63928.0,100072.5,95224.25,10921.0,8190.75,4848.25,1.0509140266266208,0.4439382840399231,0.04439382840399231,38.293087005615234,-7.305222034454346,46.116359447004605,-10.881527825391384,3402.25,281.52667236328125,29,5848.25,3.826389524768794,2.0,1.4006766197591558,16.47419231120646,5489,20.64128256513026,1.1209032435520385,5714.25,1.0410366186919293,5432,19.090574374079527,0.9819437566785686,-866.0,-0.15942562592047127
SMA144_two_confirm_fixed_8_MAexit21,SMA,144,two_confirm,fixed_8,ma_close,,21,10919,10919,2096,8823,0,19.195897060170346,85760.0,66688.0,103532.0,98800.25,10919.0,8189.25,4731.75,1.0478920852933065,0.43335012363769576,0.043335012363769576,40.91603088378906,-7.558426856994629,49.39503816793893,-11.198033548679588,4916.25,267.369140625,35,5731.75,5.345544463778734,1.0,1.2148697075417936,19.829114277696586,5488,19.97084548104956,1.0762701539211306,3756.0,0.684402332361516,5431,18.412815319462343,1.0196905411745714,975.75,0.17966304547965384
SMA144_two_confirm_fixed_8_MAexit34,SMA,144,two_confirm,fixed_8,ma_close,,34,10919,10919,2174,8745,0,19.910248191226305,87456.0,67064.0,105515.5,99133.75,10919.0,8189.25,6381.75,1.0643751497345757,0.584462862899533,0.0584462862899533,40.2281494140625,-7.668839454650879,48.5351885924563,-11.336049170954832,6057.25,315.6872863769531,40,7381.75,6.433373019507281,1.0,1.5158339331427675,30.65872930519128,5488,20.46282798833819,1.0828992417133727,4086.0,0.744533527696793,5431,19.351868900754926,1.0460577791152572,2295.75,0.4227122076965568
SMA144_two_confirm_fixed_8_MAexit55,SMA,144,two_confirm,fixed_8,ma_close,,55,10918,10918,2073,8845,0,18.9869939549368,88016.0,67608.0,106392.25,99988.75,10918.0,8188.5,6403.5,1.0640422047480342,0.5865085180435977,0.05865085180435977,42.458274841308594,-7.643640518188477,51.32284129281235,-11.304550593555682,5768.25,303.83197021484375,45,7403.5,7.810954387250412,1.0,1.4012439009528026,29.705818620255,5487,19.737561509021322,1.0997600257043596,4967.75,0.905367231638418,5431,18.228687166267722,1.028605298679564,1435.75,0.26436199594918064
SMA144_two_confirm_fixed_8_MAexit84,SMA,144,two_confirm,fixed_8,ma_close,,84,10911,10911,1863,9048,0,17.07451196040693,93144.0,69432.0,113169.75,102624.0,10911.0,8183.25,10545.75,1.1027610500467726,0.9665246081935661,0.0966524608193566,49.99678039550781,-7.673739910125732,60.74597423510467,-11.342175066312997,4316.25,170.58590698242188,51,11545.75,9.825772156539273,1.0,1.9476045379749045,51.044593957946084,5483,17.453948568302025,1.1444273005146435,7394.75,1.3486686120736824,5428,16.69123065585851,1.0612754868882903,3151.0,0.5805084745762712
SMA144_two_confirm_fixed_8_MAexit144,SMA,144,two_confirm,fixed_8,ma_close,,144,10920,10919,969,9950,1,8.874439051195164,106264.0,78096.0,131134.25,115032.5,10919.0,8189.25,16101.75,1.1399756590528765,1.4746542723692646,0.14746542723692646,109.66357421875,-7.848844051361084,135.32946336429308,-11.561055276381909,3500.75,131.5767364501953,79,17101.75,15.04524223830021,2.0,2.4236885435235163,113.17654682871411,5488,9.256559766763848,1.2203180672634049,12676.0,2.3097667638483963,5431,8.488307862272142,1.0595808513413627,3425.75,0.6307770208064813
SMA144_two_confirm_fixed_10_RR2,SMA,144,two_confirm,fixed_10,fixed_RR,2,,10912,10912,3925,6987,0,35.96957478005865,78500.0,69870.0,73005.0078125,79651.796875,8729.6015625,6547.19921875,-6646.8046875,0.9165519257157373,-0.6091279955553519,-0.06091279955553519,20.0,-10.0,18.60000199044586,-11.399999552740804,7063.0380859375,520.4889526367188,16,-5646.03271484375,2.2950879765395893,3.0,-4.419555877984775,-66720709.22317275,5482,36.64720904779278,0.9438073831233704,-2224.802734375,-0.40583778445366653,5430,35.285451197053405,0.8896145762495687,-4422.00244140625,-0.8143650904983886
SMA144_two_confirm_fixed_10_RR3,SMA,144,two_confirm,fixed_10,fixed_RR,3,,10900,10899,2955,7944,1,27.11257913570052,88650.0,79440.0,84513.0078125,90561.59375,8719.201171875,6539.3994140625,-6048.60595703125,0.9332102529666446,-0.554968892286563,-0.055496889228656296,30.0,-10.0,28.600002643824027,-11.3999992132427,6432.45458984375,540.27001953125,22,-5047.81640625,3.0433984769244886,3.0,-3.2582940042782416,-60752181.99419351,5473,27.991960533528232,0.9752446959999875,-1112.202880859375,-0.20321631296535264,5426,26.22558053814965,0.8918269383037014,-4936.4033203125,-0.9097683966665131
SMA144_two_confirm_fixed_10_RR4,SMA,144,two_confirm,fixed_10,fixed_RR,4,,10884,10883,2403,8480,1,22.08030873839934,96120.0,84800.0,92755.796875,96672.0,8706.40234375,6529.798828125,-3916.20166015625,0.9594897889254386,-0.35984578334615913,-0.035984578334615915,40.0,-10.0,38.59999869954224,-11.4,5035.931640625,371.7099304199219,30,-2915.48681640625,3.7733161812000366,3.0,-1.810066502781457,-39363223.00521489,5464,22.913616398243043,1.006464452831085,310.3993835449219,0.05680808630031513,5419,21.24008119579258,0.913131560634092,-4226.60107421875,-0.7799596003356246
SMA144_two_confirm_fixed_10_RR5,SMA,144,two_confirm,fixed_10,fixed_RR,5,,10869,10868,2018,8850,1,18.568273831431725,100900.0,88500.0,98074.796875,100890.015625,8694.40234375,6520.798828125,-2815.202880859375,0.972096161026836,-0.2590359662181979,-0.02590359662181979,50.0,-10.0,48.59999845143707,-11.400001765536723,4629.75048828125,236.72044372558594,34,-1814.725830078125,4.695804195804196,3.0,-1.1574467587011077,-28316189.555909995,5454,19.343601026769345,1.0224212522111042,1124.399169921875,0.20616046386539696,5414,17.78721832286664,0.9223591527474752,-3939.601318359375,-0.7276692497893194
SMA144_two_confirm_fixed_10_RR6,SMA,144,two_confirm,fixed_10,fixed_RR,6,,10846,10845,1757,9088,1,16.2010142923006,105420.0,90880.0,102960.1875,103603.203125,8676.001953125,6506.9990234375,-643.002685546875,0.9937934773674498,-0.05929024301953665,-0.005929024301953665,60.0,-10.0,58.59999288560046,-11.400000343860036,4680.888671875,226.7224578857422,40,357.2080078125,5.45154449054864,3.0,-0.23939189758527052,0.0,5437,16.755563729998162,1.0346572102587086,1788.198974609375,0.32889442240378425,5408,15.643491124260356,0.9532521325148205,-2431.201171875,-0.4495564297106139
SMA144_two_confirm_fixed_10_MAexit9,SMA,144,two_confirm,fixed_10,ma_close,,9,10917,10916,2449,8467,1,22.43495786002199,92920.0,73204.0,89491.40625,85057.796875,8732.8017578125,6549.59912109375,4433.5947265625,1.052124667436609,0.4061556180434683,0.04061556180434683,37.9420166015625,-8.645801544189453,36.54201970191915,-10.045800977323728,2641.68505859375,212.9017333984375,29,5433.91650390625,4.319072920483694,3.0,1.5111014197612964,13.955659077521288,5485,23.318140382862353,1.119362582178919,5034.9970703125,0.9179575333295351,5431,21.542993923770943,0.9859733459133903,-601.403076171875,-0.1107352377410928
SMA144_two_confirm_fixed_10_MAexit21,SMA,144,two_confirm,fixed_10,ma_close,,21,10907,10907,2395,8512,0,21.958375355276427,98424.0,77700.0,95071.0,89616.8046875,8725.6015625,6544.19921875,5454.19384765625,1.0608613008633723,0.5000636148946778,0.05000636148946778,41.09561538696289,-9.128289222717285,39.69561586638831,-10.52829002437735,3235.6357421875,141.84136962890625,34,6454.57763671875,6.219125332355368,2.0,1.6305670639957972,20.942807079707336,5478,22.873311427528296,1.094570514869138,4216.796875,0.7697694185834246,5429,21.03518143304476,1.027480763188162,1237.3973388671875,0.2279236210843963
SMA144_two_confirm_fixed_10_MAexit34,SMA,144,two_confirm,fixed_10,ma_close,,34,10902,10902,2468,8434,0,22.638048064575308,101120.0,78606.0,97664.8046875,90413.609375,8721.6015625,6541.19921875,7251.193359375,1.0802002636840313,0.6651250558957073,0.06651250558957073,40.97244644165039,-9.320133209228516,39.57244922508104,-10.720133907398624,3840.841064453125,144.29660034179688,34,8251.5380859375,7.544670702623372,1.0,1.9942488706568267,31.28131858987885,5476,23.466033601168736,1.1174108112462233,5249.59716796875,0.9586554360790267,5426,21.80243273129377,1.0437966099145248,2001.59716796875,0.3688900051545798
SMA144_two_confirm_fixed_10_MAexit55,SMA,144,two_confirm,fixed_10,ma_close,,55,10905,10905,2349,8556,0,21.540577716643742,100832.0,79792.0,97543.40625,91770.40625,8724.001953125,6542.9990234375,5772.9951171875,1.0629069896920065,0.5293897402281064,0.052938974022810635,42.925498962402344,-9.32585334777832,41.52550287356322,-10.725853932912576,4344.41064453125,191.0814208984375,39,6773.25390625,9.1663457129757,1.0,1.4738366365099222,24.65764100108058,5479,22.39459755429823,1.093142213873892,4241.39697265625,0.7741188123117814,5426,20.678215997051236,1.03312745515682,1531.59765625,0.28227011725949136
SMA144_two_confirm_fixed_10_MAexit84,SMA,144,two_confirm,fixed_10,ma_close,,84,10901,10901,2110,8791,0,19.35602238326759,106040.0,82274.0,103086.0,94581.40625,8720.8017578125,6540.59912109375,8504.59375,1.0899182417262907,0.7801663838179983,0.07801663838179983,50.255924224853516,-9.35888957977295,48.85592417061611,-10.758890484586509,3407.62841796875,136.40347290039062,41,9504.9130859375,11.501788826713145,1.0,1.8579286704791957,37.96937954807038,5476,19.886778670562457,1.1316043868128938,6199.59765625,1.132139820352447,5425,18.820276497695854,1.04855313104494,2304.99755859375,0.4248843425979263
SMA144_two_confirm_fixed_10_MAexit144,SMA,144,two_confirm,fixed_10,ma_close,,144,10920,10919,1133,9786,1,10.376408095979485,122784.0,94000.0,121197.7890625,107700.40625,8735.201171875,6551.3994140625,13497.3955078125,1.1253234159690089,1.2361384291430075,0.12361384291430075,108.37069702148438,-9.605559349060059,106.97068761032656,-11.005559600449622,3230.8125,121.1046371459961,79,14496.009765625,17.78688524590164,3.0,2.364435466856149,80.05400016668442,5488,10.677842565597667,1.2128952819182186,11454.798828125,2.087244684425109,5431,10.071809979745904,1.037899153122566,2042.5985107421875,0.3760998915010472
SMA144_two_confirm_candle_RR2,SMA,144,two_confirm,candle,fixed_RR,2,,10709,10708,3817,6891,1,35.646245797534554,92908.0,85755.0,71442.5625,77646.7734375,7790.9775390625,5843.2333984375,-6204.212890625,0.9200969897030694,-0.5793997843318079,-0.05793997843318079,24.3405818939209,-12.44449234008789,18.716940660204347,-11.267852769917283,6514.83056640625,514.3124389648438,17,-5204.30224609375,3.167725065371685,2.0,-4.1724838807547115,-114.03674441062604,5389,36.12915197624791,0.9385009209629848,-2387.7939453125,-0.44308664785906476,5319,35.15698439556307,0.9016900621031764,-3816.4189453125,-0.7175068519106035
SMA144_two_confirm_candle_RR3,SMA,144,two_confirm,candle,fixed_RR,3,,10626,10625,2881,7744,1,27.11529411764706,104976.0,96207.0,82721.96875,87259.5703125,7730.05908203125,5797.54443359375,-4537.60546875,0.947998809228035,-0.42706875,-0.042706875,36.437347412109375,-12.42342472076416,28.71293604651163,-11.268023025891013,5121.71533203125,362.5005798339844,24,-3537.6484375,4.464752941176471,3.0,-2.4758518635948117,-86.09018313444969,5349,27.74350345859039,0.977381607791355,-986.005859375,-0.18433461569919612,5276,26.478392721758908,0.9186651738134509,-3551.59912109375,-0.6731613193885045
SMA144_two_confirm_candle_RR4,SMA,144,two_confirm,candle,fixed_RR,4,,10544,10543,2346,8197,1,22.251731006354927,114448.0,101561.0,90830.3515625,92387.15625,7672.45947265625,5754.3447265625,-1556.806640625,0.9831491221216152,-0.14766258566110216,-0.014766258566110215,48.7843132019043,-12.390020370483398,38.71711490302643,-11.270849853604977,3851.659423828125,273.7379150390625,29,-556.77685546875,5.71791710139429,3.0,-0.7290261766402318,-30.005117337756413,5307,22.80007537214999,1.0134659181657388,622.451904296875,0.11728884573146316,5236,21.695951107715814,0.9527919265385547,-2179.2587890625,-0.4162067969943659
SMA144_two_confirm_candle_RR5,SMA,144,two_confirm,candle,fixed_RR,5,,10447,10446,1970,8476,1,18.858893356308634,119640.0,104999.0,95963.5390625,95530.84375,7604.1748046875,5703.13134765625,432.691650390625,1.004529378109884,0.04142175477605064,0.004142175477605064,60.73096466064453,-12.387801170349121,48.71245637690355,-11.270746077159037,3750.036865234375,191.6036376953125,30,1432.6903076171875,7.070936243538196,3.0,0.18038626451616727,8.434909516167762,5263,19.380581417442524,1.0379681793512636,1817.293701171875,0.34529616210751946,5183,18.32915300019294,0.9709528416567742,-1384.6025390625,-0.2671430713992861
SMA144_two_confirm_candle_RR6,SMA,144,two_confirm,candle,fixed_RR,6,,10319,10318,1679,8639,1,16.272533436712543,122058.0,107050.0,98574.21875,97367.640625,7510.52197265625,5632.8916015625,1206.58447265625,1.0123919827701997,0.11693976280832041,0.011693976280832042,72.69684600830078,-12.391480445861816,58.710076682549136,-11.270707330130803,4004.665283203125,155.06863403320312,40,2206.60009765625,8.397460748207017,3.0,0.4597728987570156,23.738292907198698,5205,16.753121998078772,1.0473140020330791,2312.6650390625,0.44431604977185396,5113,15.783297477019362,0.9771888109916358,-1106.08056640625,-0.2163271203610894
SMA144_two_confirm_candle_MAexit9,SMA,144,two_confirm,candle,ma_close,,9,10845,10844,2593,8251,1,23.911840649206933,97320.0,78068.0,84311.21875,77762.796875,7898.52490234375,5923.8935546875,6548.4267578125,1.0842102154006406,0.6038755770760328,0.060387557707603276,37.53181457519531,-9.461641311645508,32.514932028538375,-9.424651178645012,2110.029541015625,165.73507690429688,29,7548.41064453125,4.549151604573958,3.0,2.203219629190892,17.97700484118058,5452,24.63316214233309,1.1477064323746178,5724.62939453125,1.0500053915134355,5392,23.182492581602375,1.0211198688982432,823.7974853515625,0.1527814327432423
SMA144_two_confirm_candle_MAexit21,SMA,144,two_confirm,candle,ma_close,,21,10808,10808,2541,8267,0,23.510362694300518,104408.0,85157.0,89936.046875,82951.5078125,7861.736328125,5896.30224609375,6984.53271484375,1.0842002664772237,0.6462372978204802,0.06462372978204803,41.08933639526367,-10.300834655761719,35.393957841401026,-10.034051991351156,2949.79443359375,111.90644836425781,34,7984.47900390625,6.724185788304959,2.0,2.079919578550686,22.570908054360718,5433,24.498435486839686,1.1280202671743402,5297.6767578125,0.9750923537295233,5375,22.511627906976745,1.0405787347827982,1686.8555908203125,0.3138335982921512
SMA144_two_confirm_candle_MAexit34,SMA,144,two_confirm,candle,ma_close,,34,10795,10795,2626,8169,0,24.326076887447893,108032.0,87052.0,91485.265625,84065.484375,7858.23876953125,5893.67919921875,7419.77734375,1.0882619222997845,0.6873346311949977,0.06873346311949977,41.139373779296875,-10.656383514404297,34.83825804455446,-10.290792554168197,3992.91162109375,134.398193359375,40,8419.7587890625,8.253080129689671,2.0,2.083581967258299,26.466419004528497,5427,25.115164916159944,1.1269978384297057,5286.35546875,0.9740842949603833,5368,23.528315946348734,1.0502692132317166,2133.42236328125,0.3974333761701285
SMA144_two_confirm_candle_MAexit55,SMA,144,two_confirm,candle,ma_close,,55,10781,10781,2510,8271,0,23.28169928578054,107872.0,88914.0,90003.9296875,85604.0625,7847.08544921875,5885.314453125,4399.87060546875,1.0513978783133102,0.4081134037166079,0.040811340371660794,42.976890563964844,-10.750090599060059,35.85813931772908,-10.34990478781284,3793.27197265625,197.3538818359375,37,5399.88232421875,10.085984602541508,2.0,1.1780032044883162,16.012563678921282,5420,24.225092250922508,1.0835538244700786,3548.774658203125,0.6547554719931965,5361,22.32792389479575,1.0197326194248733,851.096923828125,0.15875712065437886
SMA144_two_confirm_candle_MAexit84,SMA,144,two_confirm,candle,ma_close,,84,10793,10793,2247,8546,0,20.81904938385991,114488.0,92096.0,96062.921875,88539.03125,7849.7001953125,5887.275390625,7523.88818359375,1.0849782352345312,0.6971081426474335,0.06971081426474335,50.95149230957031,-10.776503562927246,42.75163412327548,-10.360289170372104,2811.08251953125,145.57350158691406,37,8523.8466796875,12.7427036041879,2.0,1.7036252998838097,27.955465490284677,5419,21.350802731131203,1.1118810561734314,4932.2919921875,0.9101849035223288,5374,20.282843319687384,1.0582984737959236,2591.59716796875,0.48224733307941015
SMA144_two_confirm_candle_MAexit144,SMA,144,two_confirm,candle,ma_close,,144,10894,10893,1245,9648,1,11.42935830349766,136264.0,106069.0,115293.5390625,101539.640625,7934.03515625,5950.5263671875,13753.890625,1.1354534874541762,1.2626356949417057,0.12626356949417056,109.4489974975586,-10.993885040283203,92.60525225903615,-10.5244237795398,3267.070556640625,96.72338104248047,78,14753.51953125,19.68429266501423,3.0,2.4998556717583065,60.08230739396191,5474,11.746437705516989,1.204528340703788,10376.53125,1.8956030781877968,5419,11.109060712308544,1.0664760096987174,3377.3583984375,0.6232438454396567
SMA200_one_break_fixed_6_RR2,SMA,200,one_break,fixed_6,fixed_RR,2,,13117,13117,3944,9173,0,30.067850880536707,47328.0,55038.0,69677.3125,113133.671875,17489.33203125,13117.0,-43456.34375,0.6158848320329036,-3.312978863307159,-0.3312978863307159,12.0,-6.0,17.66666138438134,-12.333333901122861,43495.1328125,4255.88427734375,23,-42455.46484375,1.4468247312647708,1.0,-27.581955806053287,-397865078.73374325,6561,30.315500685871054,0.6231642520929035,-21249.00390625,-3.238683722946197,6556,29.82001220256254,0.6086511829233672,-22207.337890625,-3.387330367697529
SMA200_one_break_fixed_6_RR3,SMA,200,one_break,fixed_6,fixed_RR,3,,13113,13113,3672,9441,0,28.002745367192862,66096.0,56646.0,101591.96875,116439.0078125,17483.998046875,13113.0,-14847.0078125,0.8724908487161969,-1.1322357822389995,-0.11322357822389995,18.0,-6.0,27.666658156318082,-12.333334160841012,15034.65234375,1293.8599853515625,23,-13844.9853515625,1.7532982536414246,1.0,-7.218877038398977,-135952692.56929973,6559,28.007318188748286,0.8726887759677439,-7414.3369140625,-1.1304066037601006,6554,27.998169057064388,0.8722928042080457,-7432.6708984375,-1.134066356185154
SMA200_one_break_fixed_6_RR4,SMA,200,one_break,fixed_6,fixed_RR,4,,13094,13094,2987,10107,0,22.811974950358945,71688.0,60642.0,112510.328125,124653.0078125,17458.6640625,13094.0,-12142.66015625,0.9025881533018062,-0.9273453609477623,-0.09273453609477623,24.0,-6.0,37.666664922999665,-12.333334106312456,12333.2998046875,1069.979248046875,40,-11142.9658203125,1.8745990530013747,1.0,-5.057678518770692,-111269868.14115973,6551,22.92779728285758,0.9085340620198619,-5695.6630859375,-0.8694341453117844,6543,22.696011004126547,0.8966527618736198,-6446.99609375,-0.9853272342579856
SMA200_one_break_fixed_6_RR5,SMA,200,one_break,fixed_6,fixed_RR,5,,13074,13074,2491,10583,0,19.05308245372495,74730.0,63498.0,118737.65625,130523.671875,17431.998046875,13074.0,-11785.994140625,0.9097020834941938,-0.901483412928331,-0.0901483412928331,30.0,-6.0,47.6666624849458,-12.333333825474819,12162.44140625,914.6986083984375,41,-10785.107421875,2.2472846871653664,1.0,-4.374495347232675,-108084121.1443927,6545,19.25133689839572,0.9214246576590296,-5121.6630859375,-0.7825306472020627,6529,18.854342165722162,0.898008387599094,-6664.33056640625,-1.020727610109703
SMA200_one_break_fixed_6_RR6,SMA,200,one_break,fixed_6,fixed_RR,6,,13055,13055,2163,10892,0,16.56836461126005,77868.0,65352.0,124733.0,134334.671875,17406.6640625,13055.0,-9601.662109375,0.9285242466372757,-0.7354777563672922,-0.07354777563672922,36.0,-6.0,57.666666666666664,-12.333333811513038,9999.390625,746.4086303710938,64,-8602.056640625,2.5820758330141707,1.0,-3.228901268485707,-88116631.66554196,6533,16.80697994795653,0.9445982507802398,-3713.663818359375,-0.5684469337761174,6522,16.329346826126955,0.912515043905918,-5887.998046875,-0.9027902555772769
SMA200_one_break_fixed_6_MAexit9,SMA,200,one_break,fixed_6,ma_close,,9,13098,13098,2156,10942,0,16.460528324935105,78416.0,59928.0,125662.6640625,125411.34375,17463.998046875,13098.0,251.33154296875,1.0020039679424932,0.019188543515708506,0.0019188543515708506,36.37105941772461,-5.4768781661987305,58.28509464865492,-11.461464426064705,7397.47998046875,373.0449523925781,64,1251.2454833984375,3.268285234386929,1.0,0.05914879135523099,0.7784446802220665,6552,16.788766788766786,1.0382116943539366,2388.666015625,0.36457051520528083,6546,16.13198900091659,0.9660200363908463,-2137.33447265625,-0.3265100019334326
SMA200_one_break_fixed_6_MAexit21,SMA,200,one_break,fixed_6,ma_close,,21,13079,13079,2564,10515,0,19.603945255753498,74784.0,59970.0,118657.3359375,124485.0,17438.6640625,13079.0,-5827.66845703125,0.953185813049765,-0.4455744672399457,-0.04455744672399457,29.166927337646484,-5.703280925750732,46.27821214411077,-11.838801711840228,9731.3671875,462.81011962890625,48,-4828.06689453125,3.9951831179753805,1.0,-1.3065601373356197,-23.503026324783352,6545,19.572192513368982,0.9758389811781523,-1501.6673583984375,-0.2294373351258117,6534,19.635751453933274,0.9305977573087002,-4326.001953125,-0.6620755973561371
SMA200_one_break_fixed_6_MAexit34,SMA,200,one_break,fixed_6,ma_close,,34,13076,13076,2592,10484,0,19.822575711226676,77448.0,60570.0,123032.0,125412.671875,17434.6640625,13076.0,-2380.67041015625,0.9810172940309186,-0.18206411824382457,-0.018206411824382457,29.879629135131836,-5.777375221252441,47.46604938271605,-11.962292242941626,9756.7060546875,558.696533203125,36,-1380.393310546875,4.780055062710309,1.0,-0.4823128896853854,-11.01439994800878,6545,20.427807486631018,1.0134855493105825,841.665771484375,0.12859675652931626,6531,19.216046547236257,0.9488522939859521,-3222.3359375,-0.49339089534527636
SMA200_one_break_fixed_6_MAexit55,SMA,200,one_break,fixed_6,ma_close,,55,13050,13050,2544,10506,0,19.494252873563216,78136.0,60924.0,124290.65625,126054.0078125,17399.998046875,13050.0,-1763.33837890625,0.9860111424214063,-0.13512171485871646,-0.013512171485871647,30.713836669921875,-5.798972129821777,48.85639003537736,-11.998287436940796,9959.3388671875,475.6117248535156,38,-763.110107421875,5.7667432950191575,1.0,-0.3297184970424414,-8.577839274448364,6530,20.18376722817764,0.9991991858358051,-50.002685546875,-0.007657379103656202,6520,18.803680981595093,0.9730659992812949,-1713.3349609375,-0.26278143572661045
SMA200_one_break_fixed_6_MAexit84,SMA,200,one_break,fixed_6,ma_close,,84,13047,13047,2516,10531,0,19.284126619146164,80160.0,61200.0,127729.328125,126572.34375,17395.998046875,13047.0,1156.99462890625,1.009140893979851,0.08867897822535832,0.008867897822535832,31.860095977783203,-5.811413764953613,50.7668235790938,-12.019024190485235,8587.369140625,232.3843994140625,51,2156.9228515625,6.850846937993408,1.0,0.1880958754807302,5.805392446001969,6528,19.715073529411764,1.0499160297983383,3144.6650390625,0.4817195219152114,6519,18.852584752262615,0.9687341894885914,-1987.6700439453125,-0.30490413314086706
SMA200_one_break_fixed_6_MAexit144,SMA,200,one_break,fixed_6,ma_close,,144,13073,13073,2076,10997,0,15.880058135087586,80632.0,63150.0,129542.65625,130909.671875,17430.6640625,13073.0,-1367.0048828125,0.9895575658740837,-0.10456703762047732,-0.010456703762047732,38.8400764465332,-5.7424750328063965,62.4001234344894,-11.904125841138493,9078.908203125,411.4310302734375,55,-367.3702392578125,9.031591830490324,1.0,-0.1934337505137292,-5.898947960690731,6543,16.01711753018493,1.0098390749854094,642.9990234375,0.09827281421939477,6530,15.742725880551301,0.9693400667157326,-2010.003173828125,-0.3078105932355475
SMA200_one_break_fixed_6_MAexit200,SMA,200,one_break,fixed_6,ma_close,,200,13112,13111,880,12231,1,6.711921287468538,90680.0,70548.0,149080.0,146119.0,17481.33203125,13111.0,2960.99462890625,1.0202643051211684,0.22584048729358935,0.022584048729358937,103.04545593261719,-5.7679667472839355,169.4090909090909,-11.946611070231379,9739.232421875,329.2823791503906,92,3960.80517578125,13.081992220273053,1.0,0.33452260322794186,13.411719205305348,6557,7.1069086472472165,1.1158870989973868,8440.33203125,1.2872246501830105,6554,6.316753127860848,0.9252341031484451,-5479.33642578125,-0.8360293600520674
SMA200_one_break_fixed_8_RR2,SMA,200,one_break,fixed_8,fixed_RR,2,,13117,13117,4693,8424,0,35.777998017839444,75088.0,67392.0,85647.25,98982.0,13117.0,9837.75,-13334.75,0.865281061203047,-1.0166005946481664,-0.10166005946481664,16.0,-8.0,18.25,-11.75,13459.5,1216.403076171875,23,-12334.75,1.5226804909659222,2.0,-8.096484068813709,0.0,6561,36.13778387440939,0.8789062103285431,-5961.75,-0.9086648376771833,6556,35.417937766931054,0.8517975055025678,-7373.0,-1.1246186699206833
SMA200_one_break_fixed_8_RR3,SMA,200,one_break,fixed_8,fixed_RR,3,,13088,13088,3629,9459,0,27.727689486552563,87096.0,75672.0,102519.25,111143.25,13088.0,9816.0,-8624.0,0.9224064439360915,-0.6589242053789731,-0.06589242053789732,24.0,-8.0,28.25,-11.75,8758.75,791.572509765625,38,-7624.0,2.0344590464547676,2.0,-4.209876177655738,0.0,6547,27.982281961203604,0.9341666478644435,-3647.25,-0.5570872155185581,6541,27.472863476532638,0.9107181299558681,-4976.75,-0.7608546093869439
SMA200_one_break_fixed_8_RR4,SMA,200,one_break,fixed_8,fixed_RR,4,,13055,13055,2883,10172,0,22.08349291459211,92256.0,81376.0,110274.75,119521.0,13055.0,9791.25,-9246.25,0.9226391178119326,-0.7082535427039448,-0.07082535427039448,32.0,-8.0,38.25,-11.75,9462.5,803.2682495117188,50,-8246.25,2.5559555725775565,2.0,-3.9017427620276313,0.0,6535,22.448355011476664,0.9422954205780114,-3436.25,-0.5258224942616679,6520,21.717791411042946,0.9031214566797839,-5810.0,-0.8911042944785276
SMA200_one_break_fixed_8_RR5,SMA,200,one_break,fixed_8,fixed_RR,5,,13030,13030,2425,10605,0,18.610897927858787,97000.0,84840.0,117006.25,124608.75,13030.0,9772.5,-7602.5,0.9389890356816837,-0.5834612432847276,-0.05834612432847276,40.0,-8.0,48.25,-11.75,7775.75,748.2078857421875,51,-6602.5,3.065157329240215,2.0,-2.8521090954316275,0.0,6518,18.870819269714637,0.9551533781826376,-2786.5,-0.42750843817121814,6512,18.3507371007371,0.9229128567941448,-4816.0,-0.7395577395577395
SMA200_one_break_fixed_8_RR6,SMA,200,one_break,fixed_8,fixed_RR,6,,13004,13004,2084,10920,0,16.025838203629654,100032.0,87360.0,121393.0,128310.0,13004.0,9753.0,-6917.0,0.9460914971553269,-0.5319132574592433,-0.053191325745924334,48.0,-8.0,58.25,-11.75,7807.0,696.8980102539062,51,-5917.0,3.583897262380806,2.0,-2.362098648148624,0.0,6504,16.359163591635916,0.9696182728410513,-1942.0,-0.29858548585485856,6500,15.692307692307692,0.9227364497592794,-4975.0,-0.7653846153846153
SMA200_one_break_fixed_8_MAexit9,SMA,200,one_break,fixed_8,ma_close,,9,13093,13093,2600,10493,0,19.857939356908272,94000.0,74496.0,112950.0,111482.75,13093.0,9819.75,1467.25,1.0131612289793712,0.11206369815932178,0.011206369815932178,36.153846740722656,-7.099590301513672,43.44230769230769,-10.624487753740588,4795.75,374.44854736328125,50,2467.25,3.7107614755976477,2.0,0.40823456255674495,4.057306122665827,6550,20.244274809160306,1.06058063584858,3357.5,0.5125954198473283,6543,19.471190585358396,0.9662821135999786,-1890.25,-0.28889653064343573
SMA200_one_break_fixed_8_MAexit21,SMA,200,one_break,fixed_8,ma_close,,21,13069,13069,3058,10011,0,23.39888285255184,91272.0,74992.0,108738.5,111259.25,13069.0,9801.75,-2520.75,0.9773434568361732,-0.19288009794169408,-0.01928800979416941,29.84695816040039,-7.490960121154785,35.55869849574886,-11.113699930076915,6657.25,364.9808044433594,35,-1520.75,4.664549697758053,1.0,-0.6608245307825236,-9.033454814519,6539,23.33690166692155,1.0028257117233237,156.75,0.02397155528368252,6530,23.460949464012252,0.9520045172219085,-2677.5,-0.41003062787136296
SMA200_one_break_fixed_8_MAexit34,SMA,200,one_break,fixed_8,ma_close,,34,13066,13066,3075,9991,0,23.534363998163172,94632.0,76016.0,112908.75,112504.25,13066.0,9799.5,404.5,1.0035954197285881,0.03095821215368131,0.003095821215368131,30.774633407592773,-7.608447551727295,36.71829268292683,-11.260559503553198,5816.25,440.1248474121094,27,1404.5,5.639675493647635,1.0,0.0965461024947632,1.640190121328467,6538,24.227592535943714,1.0529632381242224,2958.5,0.4525084123585194,6528,22.840073529411764,0.9549119733073232,-2554.0,-0.3912377450980392
SMA200_one_break_fixed_8_MAexit55,SMA,200,one_break,fixed_8,ma_close,,55,13036,13036,3010,10026,0,23.089904878797178,94536.0,76680.0,112902.5,113395.5,13036.0,9777.0,-493.0,0.9956523847948111,-0.037818349186867134,-0.0037818349186867135,31.40730857849121,-7.6481146812438965,37.50913621262458,-11.310143626570916,6628.25,407.955078125,36,507.0,6.8333844737649585,1.0,-0.11074882610084041,-2.105654546150789,6519,23.83801196502531,1.014661343919356,821.75,0.1260546096026998,6517,22.341568206229862,0.9770736789791924,-1314.75,-0.2017415988951972
SMA200_one_break_fixed_8_MAexit84,SMA,200,one_break,fixed_8,ma_close,,84,13029,13029,2969,10060,0,22.787627599969298,97264.0,77256.0,116384.25,114175.0,13029.0,9771.75,2209.25,1.0193496825049266,0.16956404942819864,0.016956404942819865,32.75985336303711,-7.67952299118042,39.1998147524419,-11.349403578528827,5385.5,157.3097686767578,51,3209.25,8.222426893852177,1.0,0.43430571663549183,9.869921520368957,6517,23.200859291084853,1.0479723634123264,2725.25,0.4181755408930489,6512,22.374078624078624,0.9910051641862594,-516.0,-0.07923832923832924
SMA200_one_break_fixed_8_MAexit144,SMA,200,one_break,fixed_8,ma_close,,144,13059,13059,2446,10613,0,18.730377517420933,100456.0,80456.0,121289.5,119142.75,13059.0,9794.25,2146.75,1.0180183015752113,0.16438854429895092,0.01643885442989509,41.06949996948242,-7.580891132354736,49.58687653311529,-11.226114199566569,5167.25,252.36874389648438,55,3146.75,11.062026188835286,1.0,0.360056412852022,8.431270249861921,6534,19.00826446280992,1.0304053485121503,1805.5,0.27632384450566266,6525,18.452107279693486,1.0057101741498533,341.25,0.052298850574712646
SMA200_one_break_fixed_8_MAexit200,SMA,200,one_break,fixed_8,ma_close,,200,13111,13110,1094,12016,1,8.344774980930588,113448.0,91296.0,139895.5,135148.0,13110.0,9832.5,4747.5,1.035128155799568,0.3621281464530893,0.03621281464530893,103.70018005371094,-7.597869396209717,127.87522851919562,-11.24733688415446,8120.0,210.5945587158203,61,5747.5,16.061250953470633,2.0,0.6493803937462418,18.976852307783084,6556,8.755338621110432,1.1153883246659793,7777.0,1.186241610738255,6554,7.934086054317974,0.9552838028324933,-3029.5,-0.4622368019530058
SMA200_one_break_fixed_10_RR2,SMA,200,one_break,fixed_10,fixed_RR,2,,12437,12437,4487,7950,0,36.07783227466431,89740.0,79500.0,83458.203125,90629.9921875,9949.6005859375,7462.19970703125,-7171.806640625,0.9208673763574575,-0.5766508515417705,-0.05766508515417705,20.0,-10.0,18.60000069645643,-11.399999017295597,7340.6416015625,637.6513061523438,23,-6170.84130859375,2.290262925142719,3.0,-4.463787501176227,-33716359.611040644,6221,36.55360874457483,0.9400078514277896,-2699.403076171875,-0.43391787110944785,6216,35.6016731016731,0.9019946664858812,-4472.4033203125,-0.7194986036538771
SMA200_one_break_fixed_10_RR3,SMA,200,one_break,fixed_10,fixed_RR,3,,12147,12147,3294,8853,0,27.117806865892813,98820.0,88530.0,94208.4140625,100924.2109375,9717.6015625,7288.19921875,-6715.806640625,0.9334570286691769,-0.5528778003313576,-0.05528778003313576,30.0,-10.0,28.600004269125684,-11.400001235456907,6876.05322265625,607.1034545898438,25,-5714.85302734375,3.029554622540545,3.0,-3.4266175670968657,-63894513.556928456,6078,27.624218492925305,0.9575422048360486,-2129.203125,-0.3503131169792695,6069,26.610644257703083,0.9096693370662614,-4586.60302734375,-0.7557427957396193
SMA200_one_break_fixed_10_RR4,SMA,200,one_break,fixed_10,fixed_RR,4,,11953,11953,2623,9330,0,21.94428177026688,104920.0,93300.0,101247.8125,106362.015625,9562.4013671875,7171.79931640625,-5114.201171875,0.9519170157226888,-0.4278592129068016,-0.042785921290680165,40.0,-10.0,38.600004765535644,-11.400001674705251,6001.322265625,562.5535888671875,30,-4113.2509765625,3.7719400987199867,3.0,-2.2605093626516353,-49050028.60801325,5983,22.46364699983286,0.9809737563908681,-1006.200439453125,-0.16817657353386678,5970,21.423785594639867,0.9231825122408587,-4108.00048828125,-0.6881072844692211
SMA200_one_break_fixed_10_RR5,SMA,200,one_break,fixed_10,fixed_RR,5,,11809,11809,2189,9620,0,18.53670928952494,109450.0,96200.0,106385.40625,109668.0,9447.2001953125,7085.39990234375,-3282.60205078125,0.9700678981106613,-0.27797459994760354,-0.027797459994760354,50.0,-10.0,48.60000285518502,-11.4,5332.0625,456.9817199707031,45,-2281.8310546875,4.6995511897705144,3.0,-1.2955766399287605,-31674633.410203915,5913,19.008963301200744,1.000582561033321,31.79901123046875,0.00537781350084031,5896,18.063093622795115,0.9398185234335712,-3314.401123046875,-0.5621440167989951
SMA200_one_break_fixed_10_RR6,SMA,200,one_break,fixed_10,fixed_RR,6,,11711,11711,1887,9824,0,16.113056101101527,113220.0,98240.0,110578.1875,111993.609375,9368.80078125,7026.599609375,-1415.40185546875,0.9873615835501774,-0.12086088766704381,-0.01208608876670438,60.0,-10.0,58.59999337572867,-11.400000954295603,4857.74609375,305.290283203125,45,-415.3077392578125,5.4725471778669625,3.0,-0.5082162926113571,0.0,5854,16.60403143149983,1.0234372329599541,1304.3992919921875,0.22282188110560086,5857,15.622332252006146,0.9517239935230033,-2719.80126953125,-0.46436764035022193
SMA200_one_break_fixed_10_MAexit9,SMA,200,one_break,fixed_10,ma_close,,9,12749,12749,2854,9895,0,22.38606949564672,103056.0,82462.0,99060.4140625,96315.0,10199.201171875,7649.3994140625,2745.39306640625,1.0285045326532731,0.21534183594056397,0.021534183594056396,36.10932159423828,-8.333703994750977,34.70932517957253,-9.733703890853967,3000.97314453125,216.20855712890625,50,3745.95166015625,4.132245666326771,2.0,0.9102412923386896,7.319789167953199,6378,23.000940733772342,1.0832251873593621,3962.796875,0.6213228088742553,6371,21.77052268089782,0.975001802744969,-1217.403076171875,-0.19108508494300344
SMA200_one_break_fixed_10_MAexit21,SMA,200,one_break,fixed_10,ma_close,,21,12533,12533,3352,9181,0,26.745392164685235,98296.0,82646.0,93603.21875,95499.40625,10026.4013671875,7519.79931640625,-1896.20703125,0.9801445100607629,-0.15129713805553338,-0.015129713805553339,29.324583053588867,-9.001852035522461,27.924587932577566,-10.401852330900773,5755.2265625,401.3956604003906,29,-895.7403564453125,5.269129498124951,1.0,-0.6019369240509653,-6.314380583557493,6277,26.85996495140991,0.9982798123688563,-81.80325317382812,-0.013032221311745758,6256,26.6304347826087,0.9621575411661035,-1814.40380859375,-0.29002618423813137
SMA200_one_break_fixed_10_MAexit34,SMA,200,one_break,fixed_10,ma_close,,34,12494,12494,3374,9120,0,27.004962381943333,102176.0,84012.0,97452.40625,96780.0,9995.201171875,7496.3994140625,672.39404296875,1.0069477810498038,0.05381735576826877,0.005381735576826877,30.283342361450195,-9.21184253692627,28.883345065204505,-10.611842105263158,5360.865234375,510.1695556640625,25,1672.6646728515625,6.437730110453018,1.0,0.19377854152648524,2.5175247339570435,6269,27.691816876694848,1.0421113997759048,2025.396728515625,0.32308130938197877,6225,26.313253012048193,0.9722084169738814,-1353.003173828125,-0.21734990744226906
SMA200_one_break_fixed_10_MAexit55,SMA,200,one_break,fixed_10,ma_close,,55,12445,12445,3314,9131,0,26.629168340699078,102712.0,84828.0,98072.3984375,97611.40625,9956.0,7467.0,460.993408203125,1.0047227286770084,0.037042459477952996,0.0037042459477953,30.993362426757812,-9.29011058807373,29.59336102519614,-10.690111296681634,4748.1240234375,400.549560546875,33,1461.18701171875,7.831578947368421,1.0,0.1236522487361332,1.8121310724951925,6236,27.373316228351506,1.0313939320870444,1517.5972900390625,0.24336069436162003,6209,25.881784506361733,0.9785552200902442,-1056.603515625,-0.17017289670236754
SMA200_one_break_fixed_10_MAexit84,SMA,200,one_break,fixed_10,ma_close,,84,12431,12431,3270,9161,0,26.30520473011021,103712.0,85654.0,99134.0,98479.40625,9944.80078125,7458.599609375,654.5947265625,1.0066470115420705,0.05265825167424181,0.005265825167424181,31.71620750427246,-9.349852561950684,30.316207951070336,-10.74985331841502,4536.3818359375,228.48736572265625,34,1654.597900390625,9.324833078593837,1.0,0.15633404253287034,2.677740970594354,6220,26.768488745980708,1.0576660345425257,2827.99755859375,0.45466198691217846,6211,25.84124939623249,0.9560381004393724,-2173.4033203125,-0.3499280824847046
SMA200_one_break_fixed_10_MAexit144,SMA,200,one_break,fixed_10,ma_close,,144,12541,12541,2708,9833,0,21.593174388007334,109496.0,89840.0,105704.796875,103606.2109375,10032.80078125,7524.599609375,2098.593017578125,1.020255406683736,0.1673385708937186,0.01673385708937186,40.434268951416016,-9.136580467224121,39.03426767909897,-10.536582013373335,4547.5322265625,275.8083801269531,54,3098.753662109375,12.667650107646917,1.0,0.4212545580717708,7.598358637460953,6263,21.810633881526424,1.0470842253550527,2431.797119140625,0.3882799168354822,6278,21.376234469576296,0.9935871175792594,-333.203369140625,-0.053074764119245776
SMA200_one_break_fixed_10_MAexit200,SMA,200,one_break,fixed_10,ma_close,,200,13109,13108,1253,11855,1,9.559047909673483,129152.0,104778.0,127397.7890625,121375.0078125,10486.40234375,7864.798828125,6022.791015625,1.0496212635413709,0.45947444428021056,0.04594744442802105,103.07421875,-8.838295936584473,101.67421313846768,-10.238296736609026,6160.1484375,193.68109130859375,61,7023.486328125,18.333765639304243,2.0,0.9731037900729808,22.156990670964237,6554,9.963381141287764,1.1317812898680206,7986.396484375,1.2185530186718034,6554,9.1547146780592,0.9676887033038855,-1963.604248046875,-0.2996039438582354
SMA200_one_break_candle_RR2,SMA,200,one_break,candle,fixed_RR,2,,10956,10956,3906,7050,0,35.65169769989047,116118.0,106359.0,73896.109375,77973.34375,6684.1337890625,5013.10009765625,-4077.2353515625,0.9477098944471007,-0.37214634461140017,-0.03721463446114002,29.728111267089844,-15.086382865905762,18.918614791346645,-11.060048758865248,4309.18310546875,360.7933349609375,15,-3077.269775390625,4.308324205914567,3.0,-2.7117158038708746,-96.52524305338763,5476,36.37691745799854,0.9782092476822793,-839.4421997070312,-0.15329477715614157,5480,34.92700729927007,0.9179277482978331,-3237.792724609375,-0.5908380884323677
SMA200_one_break_candle_RR3,SMA,200,one_break,candle,fixed_RR,3,,10614,10614,2908,7706,0,27.397776521575278,128079.0,115235.0,84050.625,85306.5078125,6534.7890625,4901.091796875,-1255.881591796875,0.9852779952584582,-0.11832311963415065,-0.011832311963415065,44.04367446899414,-14.95393180847168,28.90324105914718,-11.070141164352453,3351.74658203125,254.9156494140625,20,-255.8525390625,6.122385528547202,4.0,-0.6835834813046384,-30.100794728348003,5295,28.120868744098203,1.0215219673856977,906.5374755859375,0.17120632211254722,5319,26.67794698251551,0.9499265649197859,-2162.41943359375,-0.4065462368102557
SMA200_one_break_candle_RR4,SMA,200,one_break,candle,fixed_RR,4,,10362,10362,2296,8066,0,22.157884578266742,134268.0,119837.0,89312.234375,89358.4375,6414.9677734375,4811.22607421875,-46.19580078125,0.9994829461403687,-0.004458193474353406,-0.00044581934743534066,58.479095458984375,-14.857054710388184,38.89905678353659,-11.078407822960575,3602.391845703125,343.44525146484375,29,953.8192749023438,7.903493534066783,4.0,-0.021860011095637583,-1.1142731015624499,5152,22.80667701863354,1.0374291398249524,1648.908447265625,0.3200521054475204,5210,21.516314779270633,0.962584136890122,-1695.104248046875,-0.32535590173644435
SMA200_one_break_candle_RR5,SMA,200,one_break,candle,fixed_RR,5,,10165,10165,1925,8240,0,18.937530742744713,140190.0,121875.0,94120.8046875,91326.546875,6317.56591796875,4738.1748046875,2794.257568359375,1.0305963370795628,0.2748900706698844,0.027489007066988442,72.82597351074219,-14.790655136108398,48.89392451298701,-11.083318795509708,2726.80126953125,246.1312713623047,42,3794.253173828125,9.598130841121495,4.0,1.1792027376916445,67.93257158718079,5059,19.66791856098043,1.0802413955975751,3613.359619140625,0.7142438464401315,5106,18.213866039952997,0.9823070750605613,-819.10205078125,-0.16041951640839208
SMA200_one_break_candle_RR6,SMA,200,one_break,candle,fixed_RR,6,,9949,9949,1613,8336,0,16.212684691928835,141468.0,122683.0,95000.71875,92436.6953125,6203.41552734375,4652.5615234375,2564.02001953125,1.0277381555975345,0.257716355365489,0.025771635536548897,87.70489501953125,-14.71725082397461,58.896911810291385,-11.088855003898752,3013.55615234375,181.1932373046875,42,3564.020751953125,11.390893557141421,4.0,0.9964381441090667,62.90673752436416,4956,17.009685230024214,1.0887336640132554,4046.572265625,0.8164996500453995,4993,15.421590226316845,0.9683439204468065,-1482.55224609375,-0.29692614582290205
SMA200_one_break_candle_MAexit9,SMA,200,one_break,candle,ma_close,,9,12666,12666,3212,9454,0,25.35922943312806,114384.0,92957.0,80706.8515625,75246.1328125,7414.36572265625,5560.7744140625,5460.7158203125,1.0725714205619994,0.43113183485808465,0.04311318348580846,35.61145782470703,-9.832557678222656,25.12666611534869,-7.959184769674212,2170.14208984375,141.95419311523438,50,6460.67578125,4.545949786830886,3.0,2.0593778363551656,12.558208343417505,6337,25.92709483982957,1.120662034329846,4470.31201171875,0.7054303316583163,6329,24.79064623163217,1.025928173448572,990.4041748046875,0.15648667637931546
SMA200_one_break_candle_MAexit21,SMA,200,one_break,candle,ma_close,,21,12291,12291,3834,8457,0,31.193556260678545,112128.0,95207.0,79539.234375,76541.21875,7254.98828125,5441.2412109375,2998.00537109375,1.039168642385904,0.24391875120769263,0.024391875120769263,29.245697021484375,-11.257774353027344,20.745757531298903,-9.050634829135626,3147.317626953125,166.578857421875,28,3998.0234375,6.022211374176226,2.0,1.0449173903007982,8.04478171430219,6145,31.391375101708707,1.066637681943323,2531.362548828125,0.41193857588740845,6146,30.995769606247965,1.01210357844884,466.642578125,0.0759262248820371
SMA200_one_break_candle_MAexit34,SMA,200,one_break,candle,ma_close,,34,12149,12149,3849,8300,0,31.681619886410406,116000.0,97067.0,81321.5859375,77494.7109375,7196.87060546875,5397.65283203125,3826.875,1.0493824024079064,0.3149950613219195,0.03149950613219195,30.137697219848633,-11.694819450378418,21.12797764029618,-9.336712161144579,2979.0341796875,218.17994689941406,24,4826.880859375,7.4514774878590835,1.0,1.2506378099979516,11.071328475307181,6079,32.604046718210235,1.0735353394649292,2812.736328125,0.462697208113999,6070,30.75782537067545,1.0258414907918414,1014.138671875,0.16707391628912685
SMA200_one_break_candle_MAexit55,SMA,200,one_break,candle,ma_close,,55,12023,12023,3800,8223,0,31.606088330699496,118400.0,98907.0,82831.3515625,78388.5,7141.7509765625,5356.3134765625,4442.85546875,1.0566773386721267,0.36952969048906265,0.03695296904890626,31.157894134521484,-12.028092384338379,21.797724095394738,-9.53283473184969,3014.8544921875,158.67454528808594,32,5442.84619140625,9.309656491724196,1.0,1.3456432162034497,13.606873396606728,6020,32.62458471760797,1.0659169181221706,2541.62890625,0.42219749273255813,6003,30.584707646176913,1.0477330166261465,1901.2264404296875,0.31671271704642473
SMA200_one_break_candle_MAexit84,SMA,200,one_break,candle,ma_close,,84,11969,11969,3732,8237,0,31.180549753529952,120656.0,100671.0,84961.609375,79251.15625,7120.22802734375,5340.1708984375,5710.46044921875,1.0720551395740678,0.4771042233452043,0.04771042233452043,32.330116271972656,-12.221803665161133,22.765704548499464,-9.62136169114969,2858.10595703125,94.17845916748047,34,6710.4013671875,11.266772495613669,1.0,1.5259325184282488,17.993991408106137,5979,31.878240508446225,1.091047643176055,3571.30859375,0.5973086793360094,5990,30.484140233722872,1.0534432525919815,2139.151611328125,0.3571204693369157
SMA200_one_break_candle_MAexit144,SMA,200,one_break,candle,ma_close,,144,12127,12127,3093,9034,0,25.50507132844067,127016.0,106741.0,89372.921875,83565.109375,7188.57177734375,5391.4287109375,5807.806640625,1.069500447536511,0.47891536576441,0.047891536576441004,41.06563186645508,-11.815474510192871,28.895222074038152,-9.250067453508967,3533.261474609375,170.76609802246094,53,6807.77587890625,15.267749649542344,2.0,1.3396579181339368,16.702982642325132,6051,25.880019831432822,1.0673199169900962,2792.3232421875,0.46146475660014874,6076,25.131665569453588,1.0716494832921764,3015.48193359375,0.49629393245453424
SMA200_one_break_candle_MAexit200,SMA,200,one_break,candle,ma_close,,200,13106,13105,1473,11632,1,11.23998473864937,158752.0,126366.0,110376.984375,97644.1875,7597.97705078125,5698.48291015625,12732.794921875,1.1303999470014536,0.9715982389832125,0.09715982389832126,107.77461242675781,-10.863652229309082,74.933458503055,-8.394445280261348,4337.8466796875,128.04750061035156,57,13732.509765625,21.94963754292255,2.0,2.3662526154958403,35.347063452229044,6553,11.689302609491836,1.2014958741123003,9804.98046875,1.4962582738821915,6552,10.790598290598291,1.0597717683558383,2927.8154296875,0.4468582768143315
SMA200_two_confirm_fixed_6_RR2,SMA,200,two_confirm,fixed_6,fixed_RR,2,,9029,9029,2747,6282,0,30.424188725218738,32964.0,37692.0,48530.3203125,77478.0,12038.666015625,9029.0,-28947.671875,0.6263754912684891,-3.2060772926126924,-0.32060772926126924,12.0,-6.0,17.66666192664725,-12.333333333333334,28997.044921875,2781.046630859375,25,-27949.046875,1.4491084283973863,1.0,-22.071607863865893,0.0,4573,30.658211239886292,0.6333237913587665,-14340.3349609375,-3.135870317283512,4456,30.18402154398564,0.6192931834619093,-14607.3359375,-3.2781274545556554
SMA200_two_confirm_fixed_6_RR3,SMA,200,two_confirm,fixed_6,fixed_RR,3,,9029,9029,2564,6465,0,28.39738620002215,46152.0,38790.0,70937.3125,79735.0,12038.666015625,9029.0,-8797.6708984375,0.8896634163165485,-0.9743793220110201,-0.097437932201102,18.0,-6.0,27.666658541341654,-12.333333333333334,9014.705078125,765.6884765625,25,-7798.359375,1.7543471037767195,1.0,-5.133153953606089,0.0,4573,28.88694511261754,0.9112310823277152,-3560.33544921875,-0.7785557509772032,4456,27.894973070017954,0.8678339579074873,-5237.33544921875,-1.1753445801657878
SMA200_two_confirm_fixed_6_RR4,SMA,200,two_confirm,fixed_6,fixed_RR,4,,9029,9029,2045,6984,0,22.649241333481005,49080.0,41904.0,77028.3359375,86136.0,12038.666015625,9029.0,-9107.662109375,0.8942641397034922,-1.0087121618534722,-0.10087121618534722,24.0,-6.0,37.6666679400978,-12.333333333333334,9320.826171875,785.0218505859375,28,-8108.1591796875,1.881492967105992,1.0,-4.579920580538071,0.0,4573,23.42007434944238,0.9340068505137161,-2850.33056640625,-0.6232955535548327,4456,21.858168761220824,0.8542932338254334,-6257.3310546875,-1.404248441357159
SMA200_two_confirm_fixed_6_RR5,SMA,200,two_confirm,fixed_6,fixed_RR,5,,9029,9029,1738,7291,0,19.249086277550116,52140.0,43746.0,82844.671875,89922.328125,12038.666015625,9029.0,-7077.66357421875,0.9212914478797587,-0.783881224301556,-0.07838812243015561,30.0,-6.0,47.66666966340621,-12.333332618982308,7340.578125,598.0916137695312,41,-6077.91162109375,2.247646472477572,1.0,-3.14876339322423,0.0,4573,19.899409577957577,0.9601493673495363,-1800.3316650390625,-0.3936872217448201,4456,18.58168761220826,0.8820585668685383,-5277.33203125,-1.1843204737993716
SMA200_two_confirm_fixed_6_RR6,SMA,200,two_confirm,fixed_6,fixed_RR,6,,9029,9029,1488,7541,0,16.480230368811608,53568.0,45246.0,85808.0078125,93005.65625,12038.666015625,9029.0,-7197.6640625,0.9226106375922701,-0.7971717867427179,-0.07971717867427179,36.0,-6.0,57.66667191700269,-12.333331951995756,7599.1767578125,560.5490112304688,41,-6198.1767578125,2.5804629527079412,1.0,-2.9167377049023817,-79427638.65645903,4573,16.837961950579487,0.9466922643470185,-2500.33251953125,-0.5467597899696589,4456,16.11310592459605,0.8981100923385655,-4697.33251953125,-1.054159003485469
SMA200_two_confirm_fixed_6_MAexit9,SMA,200,two_confirm,fixed_6,ma_close,,9,9029,9029,1481,7548,0,16.402702403366927,56072.0,42366.0,89997.6640625,88222.0,12038.666015625,9029.0,1775.665771484375,1.020127225210265,0.1966625065327694,0.01966625065327694,37.860904693603516,-5.612877368927002,60.768172898379476,-11.688129305776364,4024.63916015625,357.1519470214844,41,2775.78466796875,3.3434488869199246,1.0,0.4859502143739381,7.606339627250733,4573,16.750492018368686,1.0700125146816344,3099.66650390625,0.6778190474319374,4456,16.045780969479353,0.9698741723361168,-1324.000244140625,-0.29712752337087633
SMA200_two_confirm_fixed_6_MAexit21,SMA,200,two_confirm,fixed_6,ma_close,,21,9029,9029,1438,7591,0,15.926459187063905,56240.0,43656.0,90378.0,90472.328125,12038.666015625,9029.0,-94.334716796875,0.9989573814783491,-0.01044796952008805,-0.001044796952008805,39.1098747253418,-5.751020908355713,62.84979137691238,-11.918367556975365,6272.6015625,280.02691650390625,55,905.7789306640625,4.53239561413224,1.0,-0.02322182512844852,-0.49779343773109413,4573,16.466214738683576,1.057217085538112,2603.0,0.5692105838617975,4456,15.372531418312388,0.9400312159563352,-2697.33447265625,-0.6053264076876683
SMA200_two_confirm_fixed_6_MAexit34,SMA,200,two_confirm,fixed_6,ma_close,,34,9028,9028,1507,7521,0,16.692512184315465,56608.0,43626.0,90830.328125,90258.9921875,12037.33203125,9028.0,571.33154296875,1.0063299614105277,0.06328439775905516,0.006328439775905516,37.56336975097656,-5.800558567047119,60.272281436629065,-12.000929688538758,7365.470703125,479.4186706542969,36,1571.125244140625,5.304054054054054,1.0,0.12971340786621638,3.3542929765013847,4572,17.541557305336834,1.038483065542334,1741.9990234375,0.3810146595445101,4456,15.821364452423698,0.9739807225831971,-1170.66845703125,-0.2627173377538712
SMA200_two_confirm_fixed_6_MAexit55,SMA,200,two_confirm,fixed_6,ma_close,,55,9019,9019,1486,7533,0,16.47632775252245,58040.0,43824.0,93265.9921875,90616.9921875,12025.3330078125,9019.0,2648.99755859375,1.0292329279095782,0.29371300128548067,0.029371300128548068,39.0578727722168,-5.817602634429932,62.76311721904442,-12.029336544205496,7698.43310546875,262.83526611328125,39,3648.94677734375,6.423661159773811,1.0,0.5519354621947948,16.246964654801925,4564,17.33128834355828,1.0928611339545957,4210.6650390625,0.9225821733265775,4455,15.600448933782268,0.9655058700745782,-1561.6689453125,-0.350542973134119
SMA200_two_confirm_fixed_6_MAexit84,SMA,200,two_confirm,fixed_6,ma_close,,84,9019,9019,1461,7558,0,16.19913515910855,58632.0,44232.0,94311.0,91355.328125,12025.3330078125,9019.0,2955.6630859375,1.0323535795411496,0.32771516641950327,0.03277151664195033,40.13141632080078,-5.852341651916504,64.55236139630391,-12.087235793199259,8022.76318359375,253.45718383789062,39,3955.6943359375,7.671582215323206,1.0,0.555127010459376,20.08785193556974,4566,16.973280770915462,1.1074896658504048,4919.33203125,1.0773832744743759,4453,15.405344711430496,0.9569274285546837,-1963.66796875,-0.44097641337300697
SMA200_two_confirm_fixed_6_MAexit144,SMA,200,two_confirm,fixed_6,ma_close,,144,9022,9022,1090,7932,0,12.081578363999114,59176.0,45966.0,96083.328125,95118.0,12029.3330078125,9022.0,965.33056640625,1.0101487428772682,0.10699740261652073,0.010699740261652073,54.28990936279297,-5.795007705688477,88.14984231651376,-11.991679273827534,6495.63671875,208.0603790283203,54,1965.476318359375,10.255043227665706,1.0,0.15719631586826438,5.59474025524605,4569,12.716130444298535,1.149704852253115,7165.666015625,1.568322612305756,4453,11.430496294632832,0.8687834399548571,-6200.33447265625,-1.392394896172524
SMA200_two_confirm_fixed_6_MAexit200,SMA,200,two_confirm,fixed_6,ma_close,,200,9026,9026,549,8477,0,6.082428539773986,67456.0,50190.0,111145.6640625,103429.671875,12034.666015625,9026.0,7715.9951171875,1.0746013406754802,0.8548631860389431,0.0854863186038943,122.87067413330078,-5.920726776123047,202.45111851092895,-12.201211734693878,6828.65625,129.5502166748047,110,8715.6845703125,13.956348327055174,1.0,0.9761258777184657,71.12864090454322,4572,6.605424321959755,1.2802943359852832,14598.6640625,3.193058631342957,4454,5.545577009429726,0.865955995365723,-6882.6689453125,-1.5452781646413336
SMA200_two_confirm_fixed_8_RR2,SMA,200,two_confirm,fixed_8,fixed_RR,2,,9029,9029,3260,5769,0,36.10588104995016,52160.0,46152.0,59495.0,67785.75,9029.0,6771.75,-8290.75,0.877691845262463,-0.9182356850149518,-0.09182356850149517,16.0,-8.0,18.25,-11.75,8496.0,717.8707275390625,18,-7290.75,1.5254180972422196,2.0,-6.055266847393829,0.0,4573,36.45309424885196,0.8909739204287535,-3722.75,-0.8140717253444129,4456,35.74955116696589,0.8642102838118029,-4568.0,-1.0251346499102334
SMA200_two_confirm_fixed_8_RR3,SMA,200,two_confirm,fixed_8,fixed_RR,3,,9029,9029,2481,6548,0,27.478126038320966,59544.0,52384.0,70088.25,76939.0,9029.0,6771.75,-6850.75,0.9109586815529186,-0.7587495846716137,-0.07587495846716137,24.0,-8.0,28.25,-11.75,7060.75,591.600341796875,23,-5850.75,2.0476243216303023,2.0,-4.037664732879373,0.0,4573,28.187185654931117,0.9436921761214917,-2172.75,-0.47512573802755304,4456,26.750448833034113,0.8780246141009596,-4678.0,-1.0498204667863555
SMA200_two_confirm_fixed_8_RR4,SMA,200,two_confirm,fixed_8,fixed_RR,4,,9029,9029,2026,7003,0,22.43880828441688,64832.0,56024.0,77494.5,82285.25,9029.0,6771.75,-4790.75,0.9417787513558019,-0.5305958577915605,-0.05305958577915605,32.0,-8.0,38.25,-11.75,5137.75,434.0232238769531,41,-3790.75,2.557647580019936,2.0,-2.417082691066441,0.0,4573,22.938989722282965,0.9690209384886613,-1282.75,-0.2805051388585174,4456,21.92549371633752,0.9141841933057311,-3508.0,-0.7872531418312387
SMA200_two_confirm_fixed_8_RR5,SMA,200,two_confirm,fixed_8,fixed_RR,5,,9029,9029,1696,7333,0,18.783918484882047,67840.0,58664.0,81832.0,86162.75,9029.0,6771.75,-4330.75,0.9497375606047858,-0.47964890907077196,-0.047964890907077194,40.0,-8.0,48.25,-11.75,5578.0,286.3082275390625,41,-3330.75,3.0730977959906967,2.0,-1.9448133339236362,0.0,4573,19.308987535534662,0.9826385285129448,-752.75,-0.16460747867920403,4456,18.245062836624776,0.9164121223448058,-3578.0,-0.8029622980251346
SMA200_two_confirm_fixed_8_RR6,SMA,200,two_confirm,fixed_8,fixed_RR,6,,9027,9027,1471,7556,0,16.29555777113105,70608.0,60448.0,85685.75,88783.0,9027.0,6770.25,-3097.25,0.9651143800051811,-0.3431095602082641,-0.034310956020826414,48.0,-8.0,58.25,-11.75,5037.0,238.26869201660156,44,-2097.25,3.566190317935084,2.0,-1.2609492429816775,0.0,4571,16.801575147670096,1.0011357215188457,50.75,0.01110260336906585,4456,15.776481149012566,0.9286131378585075,-3148.0,-0.7064631956912029
SMA200_two_confirm_fixed_8_MAexit9,SMA,200,two_confirm,fixed_8,ma_close,,9,9029,9029,1801,7228,0,19.94683796655222,67200.0,53016.0,80848.25,78919.0,9029.0,6771.75,1929.25,1.0244459509116943,0.21367261047735076,0.021367261047735075,37.31260299682617,-7.334809303283691,44.89075513603554,-10.918511344770337,3319.25,232.4404754638672,41,2929.25,3.8066231033337026,2.0,0.6459793364647116,7.353448765685758,4573,20.271156789853485,1.0671183743574848,2657.25,0.5810736934178876,4456,19.61400359066427,0.9814892507977675,-728.0,-0.16337522441651706
SMA200_two_confirm_fixed_8_MAexit21,SMA,200,two_confirm,fixed_8,ma_close,,21,9028,9028,1742,7286,0,19.29552503322995,68336.0,54992.0,82371.5,81490.5,9028.0,6771.0,881.0,1.0108110761377094,0.09758529020824103,0.009758529020824103,39.22847366333008,-7.547625541687012,47.28559127439724,-11.184531979138074,5447.75,172.39715576171875,44,1881.0,5.289765175011077,1.0,0.2628623329700386,4.014356623966562,4572,19.94750656167979,1.0619948724209498,2539.0,0.555336832895888,4456,18.62657091561939,0.9590975811325875,-1658.0,-0.3720825852782765
SMA200_two_confirm_fixed_8_MAexit34,SMA,200,two_confirm,fixed_8,ma_close,,34,9026,9026,1805,7221,0,19.997784179038334,68600.0,55240.0,82591.25,81686.75,9026.0,6769.5,904.5,1.0110727872023308,0.1002105029913583,0.010021050299135829,38.00553894042969,-7.649909973144531,45.75692520775623,-11.312387480958316,5692.5,358.01885986328125,34,1904.5,6.27642366496787,1.0,0.2503869098356869,4.654069498677129,4571,20.914460730693502,1.058242867190606,2380.75,0.5208378910522862,4455,19.057239057239055,0.9638267112630328,-1476.25,-0.3313692480359147
SMA200_two_confirm_fixed_8_MAexit55,SMA,200,two_confirm,fixed_8,ma_close,,55,9016,9016,1772,7244,0,19.653948535936113,70184.0,55688.0,84629.0,82287.0,9016.0,6762.0,2342.0,1.0284613608467923,0.2597604259094942,0.025976042590949423,39.60722351074219,-7.687465667724609,47.75902934537246,-11.359331860850359,6042.5,236.79827880859375,39,3342.0,7.659272404614019,1.0,0.5938277975547552,12.730029381484828,4563,20.578566732412888,1.1126525205386224,4634.75,1.0157243041858426,4453,18.70649000673703,0.9442763397739701,-2292.75,-0.5148776105995958
SMA200_two_confirm_fixed_8_MAexit84,SMA,200,two_confirm,fixed_8,ma_close,,84,9009,9009,1739,7270,0,19.302919302919303,70600.0,56312.0,85206.75,83112.5,9009.0,6756.75,2094.25,1.0251977741013687,0.23246198246198246,0.023246198246198245,40.598045349121094,-7.745804786682129,48.997556066705,-11.432255845942228,6782.25,197.2587890625,39,3094.25,9.191697191697191,1.0,0.47934773879714265,12.579494088248785,4559,20.157929370475983,1.1247712496990128,5181.75,1.1365979381443299,4450,18.426966292134832,0.9257500150303614,-3087.5,-0.6938202247191011
SMA200_two_confirm_fixed_8_MAexit144,SMA,200,two_confirm,fixed_8,ma_close,,144,9018,9018,1302,7716,0,14.437791084497672,73144.0,59032.0,89151.5,87293.0,9018.0,6763.5,1858.5,1.021290366925183,0.2060878243512974,0.02060878243512974,56.17818832397461,-7.6505961418151855,68.47273425499232,-11.313245204769311,6004.0,146.73428344726562,45,2858.5,12.5395874916833,1.0,0.3632857072375662,9.576040169327749,4567,15.06459382526823,1.13532330938449,5937.75,1.3001423253777096,4451,13.794652886991688,0.9060399979269719,-4079.25,-0.9164794428218378
SMA200_two_confirm_fixed_8_MAexit200,SMA,200,two_confirm,fixed_8,ma_close,,200,9026,9026,686,8340,0,7.6002658985154,81552.0,65512.0,100739.5,96485.0,9026.0,6769.5,4254.5,1.044094937036845,0.4713605140704631,0.04713605140704631,118.8804702758789,-7.855155944824219,146.85058309037902,-11.568944844124701,7329.5,135.8950653076172,80,5254.5,16.973077775315755,2.0,0.6717191916083467,33.58636159857509,4572,8.223972003499561,1.2307502111965054,11199.0,2.449475065616798,4454,6.960035922766053,0.8551780947614281,-6944.5,-1.5591603053435115
SMA200_two_confirm_fixed_10_RR2,SMA,200,two_confirm,fixed_10,fixed_RR,2,,9022,9022,3256,5766,0,36.089558856129464,65120.0,57660.0,60561.60546875,65732.3984375,7217.60107421875,5413.19921875,-5170.80419921875,0.9213357021550564,-0.5731328086032753,-0.05731328086032753,20.0,-10.0,18.600001679591525,-11.399999729014915,5284.23193359375,477.433349609375,17,-4170.23193359375,2.3129017956107294,3.0,-3.7784067264381735,-57082974.84650238,4569,36.61632742394397,0.9425525273892097,-1896.602294921875,-0.41510227509780584,4453,35.54906804401527,0.8999267354309736,-3274.2021484375,-0.7352800692651021
SMA200_two_confirm_fixed_10_RR3,SMA,200,two_confirm,fixed_10,fixed_RR,3,,9016,9016,2480,6536,0,27.50665483584738,74400.0,65360.0,70928.0078125,74510.40625,7212.80126953125,5409.599609375,-3582.404541015625,0.9519208306893374,-0.39733856932293976,-0.039733856932293976,30.0,-10.0,28.600003150201612,-11.40000095624235,3905.120361328125,299.0596618652344,30,-2582.120361328125,3.045918367346939,3.0,-2.112222617859685,0.0,4565,27.864184008762322,0.9690732569908653,-1161.002197265625,-0.2543268778237952,4451,27.139968546394066,0.9345039480696659,-2421.40234375,-0.544013108009436
SMA200_two_confirm_fixed_10_RR4,SMA,200,two_confirm,fixed_10,fixed_RR,4,,9012,9012,1992,7020,0,22.103861517976032,79680.0,70200.0,76891.203125,80028.0,7209.60107421875,5407.19921875,-3136.802001953125,0.9608037577472884,-0.3480694631550294,-0.03480694631550294,40.0,-10.0,38.6000015687751,-11.4,4104.3369140625,235.1244659423828,30,-2136.38818359375,3.8015978695073236,3.0,-1.5926284188127622,-34647860.589763954,4562,22.57781674704077,0.9874133046378811,-506.8006591796875,-0.11109177097318884,4450,21.617977528089888,0.9338584406769804,-2630.0009765625,-0.5910114554073034
SMA200_two_confirm_fixed_10_RR5,SMA,200,two_confirm,fixed_10,fixed_RR,5,,9004,9004,1689,7315,0,18.75832963127499,84450.0,73150.0,82085.3984375,83390.984375,7203.201171875,5402.3994140625,-1305.6024169921875,0.9843437999049283,-0.14500248967038956,-0.014500248967038956,50.0,-10.0,48.59999907489639,-11.399997863978127,3544.824462890625,163.04052734375,33,-305.697509765625,4.707796534873389,3.0,-0.5874290239104302,-4809188.996588264,4557,19.13539609392144,1.0088124725516847,370.19891357421875,0.08123741794474847,4447,18.371936136721384,0.9595042077473298,-1675.8011474609375,-0.37683857599751236
SMA200_two_confirm_fixed_10_RR6,SMA,200,two_confirm,fixed_10,fixed_RR,6,,8982,8982,1460,7522,0,16.25473168559341,87600.0,75220.0,85556.0,85750.796875,7185.6005859375,5389.19970703125,-194.8021240234375,0.9977283374370974,-0.02168805656016895,-0.002168805656016895,60.0,-10.0,58.6,-11.399999584551981,4155.623046875,203.0896453857422,44,805.1983032226562,5.455355154753953,3.0,-0.0795864472422948,-2155296.813403823,4543,16.77305745102355,1.0359553290733492,1549.799072265625,0.34114001150465,4439,15.724262221220997,0.9590924270549182,-1744.601318359375,-0.39301674213998083
SMA200_two_confirm_fixed_10_MAexit9,SMA,200,two_confirm,fixed_10,ma_close,,9,9025,9025,2036,6989,0,22.559556786703602,75208.0,60678.0,72357.59375,70462.609375,7220.0009765625,5414.99951171875,1894.9952392578125,1.026893474309402,0.2099717716629155,0.02099717716629155,36.93909454345703,-8.681928634643555,35.53909319744597,-10.0819300865646,2661.412109375,196.67652893066406,30,2895.126953125,4.30027700831025,3.0,0.7513741651374872,6.703630520862512,4570,22.954048140043763,1.0713085143329981,2519.997802734375,0.5514218386727298,4455,22.154882154882156,0.9822054953878868,-625.0023803710938,-0.14029234127297277
SMA200_two_confirm_fixed_10_MAexit21,SMA,200,two_confirm,fixed_10,ma_close,,21,9022,9022,1985,7037,0,22.001773442695633,78776.0,63984.0,75996.9921875,73835.796875,7217.60107421875,5413.19921875,2161.19580078125,1.0292702917009047,0.2395473066704999,0.02395473066704999,39.68564224243164,-9.092511177062988,38.28563838161209,-10.492510569134575,3963.837158203125,113.58294677734375,29,3161.46923828125,6.158058080248282,2.0,0.7502970892396874,8.976079080184938,4568,22.504378283712782,1.0714768771170493,2658.797607421875,0.5820485130082914,4454,21.4863044454423,0.9864182509570566,-497.6019287109375,-0.11172023545373541
SMA200_two_confirm_fixed_10_MAexit34,SMA,200,two_confirm,fixed_10,ma_close,,34,9019,9019,2048,6971,0,22.707617252467013,79848.0,64868.0,76980.796875,74627.40625,7215.201171875,5411.3994140625,2353.3955078125,1.0315352059418519,0.26093752165567136,0.026093752165567134,38.98828125,-9.305408477783203,37.588279724121094,-10.70540901592311,4377.1787109375,198.24276733398438,31,3353.4609375,7.376427541856081,1.0,0.7505222503182036,11.002776609429066,4566,23.52168199737188,1.0765810399690519,2859.597412109375,0.6262806421614926,4453,21.872894677745343,0.986423890700529,-506.2021484375,-0.1136766558359533
SMA200_two_confirm_fixed_10_MAexit55,SMA,200,two_confirm,fixed_10,ma_close,,55,9005,9005,2015,6990,0,22.376457523598,81896.0,65648.0,79075.0,75434.0078125,7204.0009765625,5402.9990234375,3640.99560546875,1.0482672509798248,0.4043304392524986,0.040433043925249865,40.6431770324707,-9.391702651977539,39.24317617866005,-10.791703549713876,5010.82275390625,147.49044799804688,34,4641.318359375,9.093614658523043,1.0,1.0643450629459095,18.046392554252076,4557,23.085363177529075,1.1204578368021516,4546.1982421875,0.9976296340108625,4448,21.650179856115106,0.9759849516156847,-905.2021484375,-0.20350767725663219
SMA200_two_confirm_fixed_10_MAexit84,SMA,200,two_confirm,fixed_10,ma_close,,84,8998,8998,1966,7032,0,21.84929984440987,80856.0,66578.0,78103.59375,76422.796875,7198.4013671875,5398.79931640625,1680.79638671875,1.0219933965221029,0.18679666444973883,0.01867966644497388,41.12716293334961,-9.46786117553711,39.72715857070193,-10.867860761518772,5726.7705078125,163.26771545410156,39,2681.0830078125,10.839408757501667,1.0,0.45262757706377876,9.01394300804192,4552,22.693321616871707,1.1177842938867404,4499.19873046875,0.9884004240924319,4446,20.98515519568151,0.9262664484912005,-2818.40185546875,-0.6339185459893725
SMA200_two_confirm_fixed_10_MAexit144,SMA,200,two_confirm,fixed_10,ma_close,,144,9011,9011,1474,7537,0,16.357784929530574,82696.0,70060.0,80632.390625,80611.796875,7208.80126953125,5406.599609375,20.5958251953125,1.000255468191981,0.002285631472124348,0.0002285631472124348,56.103118896484375,-9.295475959777832,54.70311439959294,-10.695475238821812,5917.77490234375,137.53265380859375,45,1020.5877685546875,14.692819886805015,2.0,0.00476163204048638,0.09662867624788139,4564,16.98071866783523,1.1016958151916927,4122.3974609375,0.9032422131764899,4447,15.71846188441646,0.8976473138587492,-4101.8017578125,-0.9223750298656398
SMA200_two_confirm_fixed_10_MAexit200,SMA,200,two_confirm,fixed_10,ma_close,,200,9025,9025,819,8206,0,9.074792243767313,93864.0,79044.0,92717.390625,90532.3984375,7220.0009765625,5414.99951171875,2184.996337890625,1.0241349199315473,0.24210485738400278,0.02421048573840028,114.6080551147461,-9.632464408874512,113.20804716117216,-11.032463860285157,6933.9501953125,135.25067138671875,69,3185.47998046875,20.301052631578948,3.0,0.4073499791479211,14.629222453543088,4571,9.735287683220301,1.1921400575517398,8748.59765625,1.9139351687267556,4454,8.396946564885496,0.8541421006944444,-6563.6025390625,-1.4736422404720475
SMA200_two_confirm_candle_RR2,SMA,200,two_confirm,candle,fixed_RR,2,,8884,8884,3114,5770,0,35.05177847816299,75702.0,71806.0,58269.3359375,65007.00390625,6467.2392578125,4850.4296875,-6737.6708984375,0.8963547377376945,-0.758405098878602,-0.0758405098878602,24.310211181640625,-12.444713592529297,18.71205392983301,-11.266378493284229,6948.8359375,592.4036254882812,18,-5737.74658203125,3.1576992345790185,2.0,-4.994712588297556,-142.7180152072057,4485,35.67447045707915,0.9229487690147183,-2501.1591796875,-0.5576720579013378,4399,34.416912934757896,0.8698300988119712,-4236.51171875,-0.9630624502727892
SMA200_two_confirm_candle_RR3,SMA,200,two_confirm,candle,fixed_RR,3,,8839,8839,2400,6439,0,27.152392804615904,87612.0,79875.0,68908.03125,72560.953125,6435.95849609375,4826.96875,-3652.9287109375,0.9496571955345301,-0.41327398019430933,-0.04132739801943093,36.505001068115234,-12.404876708984375,28.7116796875,-11.268978587513589,3841.21337890625,338.4497375488281,33,-2652.930908203125,4.394727910397104,3.0,-2.184326692317244,-79.32366645251979,4460,27.847533632286996,0.9850304878180317,-542.1348266601562,-0.12155489386999019,4379,26.44439369719114,0.9144096869005162,-3110.794189453125,-0.7103891732023578
SMA200_two_confirm_candle_RR4,SMA,200,two_confirm,candle,fixed_RR,4,,8800,8800,1951,6849,0,22.170454545454547,94644.0,84922.0,75519.375,77183.9296875,6408.318359375,4806.23876953125,-1664.558837890625,0.9784339214880688,-0.18915441339666192,-0.018915441339666193,48.51050567626953,-12.399182319641113,38.7080343413634,-11.269372125492772,3252.41650390625,207.00967407226562,33,-664.5296630859375,5.613863636363637,3.0,-0.8544893840948318,-36.62268970877106,4436,22.903516681695223,1.0220129322120384,847.3102416992188,0.1910077190485164,4364,21.425297891842344,0.935081040927622,-2511.869140625,-0.575588712333868
SMA200_two_confirm_candle_RR5,SMA,200,two_confirm,candle,fixed_RR,5,,8753,8753,1645,7108,0,18.79355649491603,99430.0,88077.0,80116.2578125,80105.2890625,6376.5869140625,4782.4404296875,10.9700927734375,1.000136929160713,0.001253295187185822,0.0001253295187185822,60.44376754760742,-12.391249656677246,48.70289228723404,-11.269736784257175,3186.15576171875,194.91847229003906,44,1010.9904174804688,6.903118930652348,3.0,0.005003642893233969,0.24369688939200274,4409,19.43751417555001,1.0442562231909764,1769.5301513671875,0.4013450105164862,4344,18.139963167587478,0.9561693710758935,-1758.56005859375,-0.404825059528948
SMA200_two_confirm_candle_RR6,SMA,200,two_confirm,candle,fixed_RR,6,,8665,8665,1413,7252,0,16.306982111944603,102162.0,89788.0,82941.0546875,81733.7265625,6315.80810546875,4736.8564453125,1207.3330078125,1.014771480217249,0.1393344498341027,0.01393344498341027,72.30148315429688,-12.381135940551758,58.69855250353857,-11.270508351144512,3450.57763671875,172.61721801757812,55,2207.3642578125,8.19734564339296,3.0,0.5016825168379132,27.05431454269386,4356,17.033976124885218,1.0708626165568307,2883.0859375,0.6618654585629018,4309,15.572058482246462,0.9591758448763374,-1675.7529296875,-0.3888960152442562
SMA200_two_confirm_candle_MAexit9,SMA,200,two_confirm,candle,ma_close,,9,8973,8973,2134,6839,0,23.782458486570825,79824.0,65321.0,68586.0625,64896.42578125,6541.8564453125,4906.392578125,3689.632080078125,1.056854236182234,0.41119269810298953,0.04111926981029895,37.40581130981445,-9.551250457763672,32.139673149015934,-9.489168852354146,2498.01416015625,116.18449401855469,30,4689.62255859375,4.523570712136409,3.0,1.4358475854540205,11.356461400534617,4539,24.278475435117866,1.108794914297252,3515.025634765625,0.7744052951675755,4434,23.27469553450609,1.005358134343172,174.6068115234375,0.03937907341529939
SMA200_two_confirm_candle_MAexit21,SMA,200,two_confirm,candle,ma_close,,21,8950,8950,2113,6837,0,23.608938547486034,85256.0,70748.0,72532.7265625,68749.765625,6519.31787109375,4889.48828125,3782.956298828125,1.0550250739491158,0.42267668143331005,0.04226766814333101,40.34832000732422,-10.347813606262207,34.32689378253668,-10.055545652332894,3273.2998046875,97.37516021728516,29,4782.94873046875,6.64513966480447,2.0,1.3073015515100246,13.533359250043748,4525,24.375690607734807,1.102620651536821,3527.654296875,0.7795921098066299,4425,22.824858757062145,1.0074272463277985,255.302490234375,0.0576954780190678
SMA200_two_confirm_candle_MAexit34,SMA,200,two_confirm,candle,ma_close,,34,8932,8932,2174,6758,0,24.33945364979848,86768.0,72055.0,73241.546875,69485.9140625,6507.21484375,4880.4111328125,3755.630126953125,1.0540488365616367,0.42046911407894366,0.04204691140789436,39.91168212890625,-10.662178039550781,33.68976397194112,-10.282023388946433,3020.967529296875,176.68710327148438,34,4755.62890625,8.062136139722346,2.0,1.211584495812307,14.656172886045173,4516,25.33215234720992,1.1090680030020441,3762.554443359375,0.8331608599112876,4416,23.32427536231884,0.9998021676265407,-6.9246826171875,-0.001568089360776155
SMA200_two_confirm_candle_MAexit55,SMA,200,two_confirm,candle,ma_close,,55,8920,8920,2150,6770,0,24.103139013452914,90016.0,73652.0,75209.3203125,70764.0625,6496.52783203125,4872.39599609375,4445.26025390625,1.0628180132040892,0.49834756209711323,0.049834756209711326,41.8679084777832,-10.879173278808594,34.98107921511628,-10.452594165435746,3512.9091796875,124.12680053710938,34,5445.25341796875,10.022085201793722,2.0,1.335248275602638,18.77897812425248,4506,25.099866844207725,1.1669202099126403,5852.70703125,1.2988697361850865,4414,23.08563661078387,0.9605769866220019,-1407.4471435546875,-0.3188597969086288
SMA200_two_confirm_candle_MAexit84,SMA,200,two_confirm,candle,ma_close,,84,8907,8907,2091,6816,0,23.475917817446952,89496.0,75014.0,75355.8046875,71817.0390625,6488.05224609375,4866.0390625,3538.76171875,1.0492747357896548,0.3973011921803076,0.03973011921803076,42.800575256347656,-11.005575180053711,36.03816579985653,-10.536537421141432,3859.1240234375,113.26011657714844,39,4538.7451171875,12.049174806332099,1.0,0.9629660663321441,15.86789784354612,4503,24.405951587830334,1.1579211223729942,5638.138671875,1.2520849815400843,4404,22.524977293369663,0.9418692677481793,-2099.376708984375,-0.47669770867038486
SMA200_two_confirm_candle_MAexit144,SMA,200,two_confirm,candle,ma_close,,144,8939,8939,1588,7351,0,17.76485065443562,94472.0,78922.0,79633.2734375,75733.6953125,6519.24609375,4889.4345703125,3899.578369140625,1.0514906622330942,0.4362432452333175,0.043624324523331745,59.49118423461914,-10.736226081848145,50.1468976306675,-10.302502423139709,3853.79248046875,108.42707061767578,45,4899.5703125,16.55889920572771,2.0,0.9245361562934953,15.427003931580535,4517,18.574274961257473,1.1640898747325779,6202.1982421875,1.3730790883744741,4422,16.93803708729082,0.9393025776881534,-2302.620849609375,-0.5207193237470319
SMA200_two_confirm_candle_MAexit200,SMA,200,two_confirm,candle,ma_close,,200,9003,9002,927,8075,1,10.297711619640081,111672.0,89483.0,94823.90625,85418.453125,6563.443359375,4922.5830078125,9405.4443359375,1.1101103190341812,1.044817189062153,0.1044817189062153,120.46601867675781,-11.081485748291016,102.29116100323624,-10.578136609907121,3231.849609375,68.7289810180664,63,10405.169921875,23.146522994890024,3.0,1.70795586939835,46.77690437725323,4554,11.133069828722004,1.2993219032723191,12786.201171875,2.807685808492534,4448,9.442446043165468,0.9208277386544119,-3380.7568359375,-0.7600622382953013
EMA  9_one_break_fixed_6_RR2,EMA,9,one_break,fixed_6,fixed_RR,2,,72217,72217,21295,50922,0,29.48751678967556,255540.0,305532.0,376211.5625,628038.0,96289.328125,72217.0,-251826.359375,0.5990267507698579,-3.4870786570336625,-0.34870786570336626,12.0,-6.0,17.66666177506457,-12.333333333333334,251776.046875,23127.01171875,30,-250685.3125,1.4467369179002174,1.0,-68.50277047729173,0.0,36107,29.96094940039328,0.6127585420898782,-120779.6875,-3.3450490902041157,36110,29.014123511492663,0.5854793510397381,-131046.671875,-3.629096424120742
EMA  9_one_break_fixed_6_RR3,EMA,9,one_break,fixed_6,fixed_RR,3,,71800,71800,19758,52042,0,27.518105849582174,355644.0,312252.0,546637.875,641851.3125,95733.328125,71800.0,-95213.359375,0.8516581089019741,-1.3260913561977716,-0.13260913561977716,18.0,-6.0,27.666660340115396,-12.333332933015642,95697.65625,6714.05859375,30,-94217.7265625,1.7454735376044568,1.0,-19.890773845304622,0.0,35899,27.90328421404496,0.8681927195171067,-42074.3515625,-1.1720201555057244,35901,27.132948942926383,0.8352992111951401,-53139.015625,-1.4801541913874265
EMA  9_one_break_fixed_6_RR4,EMA,9,one_break,fixed_6,fixed_RR,4,,70522,70522,15670,54852,0,22.22001644876776,376080.0,329112.0,590236.6875,676508.0,94029.328125,70522.0,-86271.296875,0.8724755472219101,-1.2233245919712998,-0.12233245919712998,24.0,-6.0,37.66666799617103,-12.333333333333334,87153.703125,4815.11767578125,39,-85265.09375,1.8639431666713933,1.0,-15.628880417656939,0.0,35236,22.59053241003519,0.8912696861511754,-36577.3125,-1.038066537064366,35286,21.85002550586635,0.8538858702044081,-49693.984375,-1.408320137589979
EMA  9_one_break_fixed_6_RR5,EMA,9,one_break,fixed_6,fixed_RR,5,,69193,69193,12857,56336,0,18.581359386065063,385710.0,338016.0,612850.375,694810.625,92257.328125,69193.0,-81960.3125,0.88203944060297,-1.1845174006041073,-0.11845174006041073,30.0,-6.0,47.66666990744341,-12.333332593723375,82447.4140625,5688.646484375,40,-80943.1171875,2.223404101570968,1.0,-13.351210533265412,0.0,34569,18.82611588417368,0.8963523390750177,-35870.984375,-1.0376633508345627,34624,18.33699168207024,0.8678347910244462,-46089.3203125,-1.33113794802738
EMA  9_one_break_fixed_6_RR6,EMA,9,one_break,fixed_6,fixed_RR,6,,67707,67707,10848,56859,0,16.02197704816341,390528.0,341154.0,625568.0,701261.0,90276.0,67707.0,-75692.9765625,0.8920615861997173,-1.1179490534582834,-0.11179490534582834,36.0,-6.0,57.666666666666664,-12.333333333333334,76278.890625,4901.1943359375,45,-74672.921875,2.5546546147370286,1.0,-11.329215929110134,0.0,33836,16.28738621586476,0.9097140129563349,-31540.658203125,-0.9321627320937759,33871,15.756842136340824,0.8745385350228542,-44152.3203125,-1.3035434534705206
EMA  9_one_break_fixed_6_MAexit9,EMA,9,one_break,fixed_6,ma_close,,9,72214,72214,11794,60420,0,16.3320131830393,396600.0,314994.0,633480.625,665970.0,96285.328125,72214.0,-32489.33203125,0.9512149571302011,-0.44990350944761404,-0.044990350944761406,33.62726974487305,-5.213406085968018,53.712109971171785,-11.022343594836148,39474.0859375,1048.348876953125,57,-31499.873046875,3.1369955964217464,1.0,-3.5369182414031872,-35.821626297393465,36106,16.606658173156816,0.9908169637721147,-3040.666015625,-0.08421497855273362,36108,16.057383405339536,0.9120550547039907,-29448.6640625,-0.8155717309875927
EMA  9_one_break_fixed_8_RR2,EMA,9,one_break,fixed_8,fixed_RR,2,,72217,72217,25361,46856,0,35.117770054142376,405776.0,374848.0,462838.25,550558.0,72217.0,54162.75,-87719.75,0.8406711917727105,-1.214668983757287,-0.1214668983757287,16.0,-8.0,18.25,-11.75,88059.25,6771.1845703125,22,-86719.75,1.5180359195203346,2.0,-22.794500878983587,0.0,36107,35.48065472069128,0.8541353095043255,-39927.25,-1.1058035837926163,36110,34.754915535862644,0.8273579453093957,-47792.5,-1.3235253392412074
EMA  9_one_break_fixed_8_RR3,EMA,9,one_break,fixed_8,fixed_RR,3,,70166,70166,18993,51173,0,27.06866573554143,455832.0,409384.0,536552.25,601282.75,70166.0,52624.5,-64730.5,0.8923459886384567,-0.9225337057834279,-0.09225337057834279,24.0,-8.0,28.25,-11.75,65937.0,3805.8876953125,31,-63730.5,2.018270957443776,2.0,-13.749759136769493,0.0,35069,27.371752830134877,0.9061031334319057,-28100.75,-0.8012988679460492,35097,26.76582044049349,0.8787135535962769,-36629.75,-1.0436718238026041
EMA  9_one_break_fixed_8_RR4,EMA,9,one_break,fixed_8,fixed_RR,4,,68012,68011,14812,53199,1,21.778829895164016,473984.0,425592.0,566559.0,625088.25,68011.0,51008.25,-58529.25,0.9063664210613461,-0.8605850524179912,-0.08605850524179912,32.0,-8.0,38.25,-11.75,59518.0,3619.765869140625,36,-57529.25,2.5216509094117128,2.0,-10.875116888573427,0.0,33977,22.047267269034933,0.9206975664381504,-24679.75,-0.7263663654825323,34034,21.510842099077394,0.8921570579628534,-33849.5,-0.9945789504613034
EMA  9_one_break_fixed_8_RR5,EMA,9,one_break,fixed_8,fixed_RR,5,,65481,65480,11903,53577,1,18.178069639584606,476120.0,428616.0,574319.75,629529.75,65480.0,49110.0,-55210.0,0.9122996172937021,-0.8431582162492364,-0.08431582162492364,40.0,-8.0,48.25,-11.75,56674.0,3301.23779296875,39,-54210.0,3.019334147831399,2.0,-9.324025410671673,0.0,32729,18.332365791805433,0.9217815059426251,-24565.75,-0.7505805249167405,32751,18.02387713352264,0.9028597557882991,-30644.25,-0.9356737198864157
EMA  9_one_break_fixed_8_RR6,EMA,9,one_break,fixed_8,fixed_RR,6,,62686,62685,9835,52850,1,15.68955890563931,472080.0,422800.0,572888.75,620987.5,62685.0,47013.75,-48098.75,0.9225447372129069,-0.7673087660524847,-0.07673087660524847,48.0,-8.0,58.25,-11.75,50135.5,2472.469482421875,55,-47098.75,3.523299034856824,2.0,-7.545845522517159,0.0,31336,15.815675261679857,0.931353539915797,-21278.0,-0.6790273168241001,31349,15.56349484832052,0.9137658851047754,-26820.75,-0.8555536061756356
EMA  9_one_break_fixed_8_MAexit9,EMA,9,one_break,fixed_8,ma_close,,9,72214,72214,14173,58041,0,19.62638823496829,470032.0,387688.0,562737.25,586181.75,72214.0,54160.5,-23444.5,0.9600047254968276,-0.3246531143545573,-0.03246531143545573,33.163902282714844,-6.679553985595703,39.7048789952727,-10.09944263537844,30566.75,768.1906127929688,42,-22444.5,3.5288309746032627,2.0,-3.1323666848160054,-23.500995493886627,36106,19.855425691020884,0.9933636150896752,-1935.5,-0.05360604885614579,36108,19.397363465160076,0.9269722814498934,-21509.0,-0.5956851667220561
EMA  9_one_break_fixed_10_RR2,EMA,9,one_break,fixed_10,fixed_RR,2,,66381,66381,23496,42885,0,35.39567044786912,469920.0,428850.0,437025.625,488889.0625,53104.8046875,39828.59765625,-51863.43359375,0.8939157336946968,-0.7812993717140447,-0.07812993717140447,20.0,-10.0,18.600001064010897,-11.400001457386033,52275.17578125,3964.443115234375,22,-50852.18359375,2.2907609105014988,3.0,-14.031761953986972,-211076202.9427658,33209,35.74332259327291,0.9075796830303625,-22482.6171875,-0.6770037395736096,33172,35.047630531773784,0.880383242632314,-29380.81640625,-0.8857113350491378
EMA  9_one_break_fixed_10_RR3,EMA,9,one_break,fixed_10,fixed_RR,3,,62014,62013,16576,45437,1,26.729879218873464,497280.0,454370.0,474073.65625,517981.8125,49610.40625,37207.80078125,-43908.234375,0.9152322433135623,-0.7080488667698709,-0.07080488667698709,30.0,-10.0,28.600003393460426,-11.40000027510619,44559.5625,3435.5849609375,30,-42907.75,3.005450470062729,3.0,-9.960533728926581,0.0,30973,26.94604978529687,0.9253640210653076,-19252.216796875,-0.6215806281882608,31040,26.51417525773196,0.9051817502711184,-24656.017578125,-0.79433046321279
EMA  9_one_break_fixed_10_RR4,EMA,9,one_break,fixed_10,fixed_RR,4,,58246,58245,12475,45770,1,21.418147480470427,499000.0,457700.0,481535.03125,521778.03125,46596.0078125,34946.99609375,-40243.0078125,0.9228733338895245,-0.6909263938964718,-0.06909263938964719,40.0,-10.0,38.60000250501002,-11.400000682761634,41011.21875,3151.3134765625,30,-39248.58984375,3.7262082582195895,3.0,-8.129035346037147,0.0,29143,21.572933466012422,0.9313773740402149,-17880.203125,-0.6135333742236557,29102,21.26314342656862,0.9143908786040003,-22362.8046875,-0.7684284477870936
EMA  9_one_break_fixed_10_RR5,EMA,9,one_break,fixed_10,fixed_RR,5,,54749,54748,9858,44890,1,18.00613721049171,492900.0,448900.0,479098.8125,511746.03125,43798.40625,32848.80078125,-32647.20703125,0.9362042561028655,-0.5963178021343245,-0.05963178021343245,50.0,-10.0,48.600001268005684,-11.400000696146135,33907.4921875,2174.669921875,40,-31662.931640625,4.639749397238255,3.0,-6.05215058242102,0.0,27401,18.189117185504177,0.9478333330480053,-13331.404296875,-0.4865298455120251,27347,17.822795919113613,0.9246042186829688,-19315.802734375,-0.7063225485199474
EMA  9_one_break_fixed_10_RR6,EMA,9,one_break,fixed_10,fixed_RR,6,,51635,51634,8084,43550,1,15.65635046674672,485040.0,435500.0,473722.3125,496470.0625,41307.2109375,30980.39453125,-22747.599609375,0.954181023755083,-0.44055466571203084,-0.044055466571203086,60.0,-10.0,58.59998917615042,-11.400001435132031,24077.630859375,1394.995361328125,40,-21759.083984375,5.370376108765542,3.0,-3.9354843836922666,-104970584.64356627,25747,15.82320270322756,0.9662615093183154,-8335.80078125,-0.32375813808404863,25887,15.490400587167304,0.9422134316033747,-14411.80078125,-0.5567196191621278
EMA  9_one_break_fixed_10_MAexit9,EMA,9,one_break,fixed_10,ma_close,,9,72214,72214,15752,56462,0,21.81294485833772,520896.0,431656.0,498843.21875,510702.84375,57771.2109375,43328.3984375,-11859.63671875,0.9767778363775755,-0.16422905141316088,-0.01642290514131609,33.06856155395508,-7.645071029663086,31.668563912519044,-9.045071796075236,21902.953125,574.3313598632812,41,-10863.2978515625,3.8058686681252945,2.0,-1.8708891170935873,-11.69290485256602,36106,22.1403644823575,1.0101035129576266,2567.5791015625,0.07111225562406526,36108,21.48554336989033,0.9437698773063522,-14427.2197265625,-0.39955743122195914
EMA  9_one_break_candle_RR2,EMA,9,one_break,candle,fixed_RR,2,,51331,51329,17970,33359,2,35.00944884957821,581026.0,545313.0,341813.5,365746.75,28424.70703125,21318.53125,-23933.2421875,0.9345633283139221,-0.4662713512341951,-0.04662713512341951,32.33311080932617,-16.346803665161133,19.021341124095716,-10.963960250607032,24256.69921875,2165.688720703125,16,-22933.8828125,4.798788209394299,3.0,-7.383199293120139,-284.0234364461038,25688,35.25381501090003,0.9443672145306483,-10144.9560546875,-0.39492977478540564,25641,34.76463476463476,0.9248146866668717,-13788.287109375,-0.53774373500936
EMA  9_one_break_candle_RR3,EMA,9,one_break,candle,fixed_RR,3,,44771,44769,11891,32878,2,26.56078983224999,564975.0,527608.0,344782.9375,361207.1875,25356.6953125,19017.521484375,-16424.22265625,0.9545295592989826,-0.3668659710123076,-0.03668659710123076,47.51282501220703,-16.047447204589844,28.995285299806575,-10.986288323498997,16798.90234375,1437.40576171875,19,-15425.64453125,6.775469633004981,4.0,-4.3949009536420265,-203.90435838981452,22400,26.852678571428573,0.9685812055575688,-5655.99853515625,-0.2524999346051897,22369,26.268496580088513,0.940568818615054,-10768.224609375,-0.4813905230173454
EMA  9_one_break_candle_RR4,EMA,9,one_break,candle,fixed_RR,4,,39660,39658,8443,31215,2,21.289525442533662,530136.0,494557.0,329144.46875,343419.875,22768.80078125,17076.6015625,-14275.40625,0.9584316246984832,-0.35996283851934036,-0.035996283851934034,62.79000473022461,-15.843568801879883,38.9843028248253,-11.001757968925196,14868.9541015625,1423.3077392578125,23,-13276.5478515625,8.710272832719754,4.0,-3.5026488593533456,-185.45882393713805,19805,21.595556677606666,0.9755779437967729,-4173.1533203125,-0.21071210907914667,19853,20.98423412078779,0.9414508634423083,-10102.25390625,-0.5088527631214426
EMA  9_one_break_candle_RR5,EMA,9,one_break,candle,fixed_RR,5,,35816,35814,6389,29425,2,17.839392416373485,495575.0,462628.0,312868.9375,323997.125,20758.98828125,15569.240234375,-11128.2333984375,0.9656534375112125,-0.3107229965498827,-0.031072299654988273,77.56690979003906,-15.72227668762207,48.969938566285805,-11.010947323704332,12131.5634765625,995.6395263671875,28,-10128.9404296875,10.554643435528005,4.0,-2.5603656545697415,-150.97663852130984,17911,18.307185528446208,0.9961371219430475,-622.577392578125,-0.0347594993343825,17903,17.371390269787188,0.9354798963512894,-10505.65625,-0.5868098223761381
EMA  9_one_break_candle_RR6,EMA,9,one_break,candle,fixed_RR,6,,32407,32405,5053,27352,2,15.59327264311063,462408.0,428213.0,297877.125,301317.625,18914.5625,14185.921875,-3440.491943359375,0.9885818162810754,-0.10617163843108703,-0.010617163843108703,91.5115737915039,-15.655637741088867,58.95054917870572,-11.016292227259433,7510.3427734375,279.3653869628906,30,-2440.546875,12.496806048449313,4.0,-0.7528576799118017,-48.822159575704646,16228,16.13261030317969,1.0288997209406217,4334.36474609375,0.2670917393451904,16177,15.05223465413859,0.9486260814189729,-7774.85595703125,-0.4806117300507665
EMA  9_one_break_candle_MAexit9,EMA,9,one_break,candle,ma_close,,9,72212,72211,18059,54152,1,25.008655191037377,597776.0,495586.0,361266.0,357019.90625,37248.125,27936.09375,4246.06640625,1.0118931568679161,0.058800825445569235,0.005880082544556924,33.101280212402344,-9.151758193969727,20.004762168447865,-6.5929218911582215,11663.9326171875,234.5560760498047,30,5244.35205078125,4.226766005179266,2.0,0.8976866917810402,4.111384253045512,36106,25.21741538802415,1.0413562113345185,7367.2080078125,0.20404387104117044,36105,24.799889212020496,0.9825517863909314,-3121.142822265625,-0.08644627675572981
EMA  9_two_confirm_fixed_6_RR2,EMA,9,two_confirm,fixed_6,fixed_RR,2,,49388,49387,14510,34877,1,29.38020126754004,174120.0,209262.0,256343.25,430149.6875,65849.328125,49387.0,-173806.359375,0.5959396401979253,-3.519273480369328,-0.3519273480369328,12.0,-6.0,17.666660923501034,-12.333333930670642,173866.1875,16239.0595703125,29,-172790.171875,1.4423633749772207,1.0,-57.23312996558987,-820085735.5712619,24631,29.901343835004667,0.611019376122178,-82832.34375,-3.362930605740733,24756,28.861690095330424,0.5811553167229578,-90974.015625,-3.6748269358943286
EMA  9_two_confirm_fixed_6_RR3,EMA,9,two_confirm,fixed_6,fixed_RR,3,,49373,49372,13516,35856,1,27.375840557400956,243288.0,215136.0,373942.5625,442224.03125,65829.328125,49372.0,-68281.359375,0.845595300289326,-1.3829976378311593,-0.13829976378311593,18.0,-6.0,27.666658959751405,-12.333334204875056,68692.0,5514.4775390625,37,-67256.359375,1.7364498096086851,1.0,-17.22969376757174,-322226838.25257367,24622,27.885630736739504,0.8674308639265768,-29031.345703125,-1.1790815410253026,24750,26.86868686868687,0.8241747319613851,-39250.01171875,-1.5858590593434343
EMA  9_two_confirm_fixed_6_RR4,EMA,9,two_confirm,fixed_6,fixed_RR,4,,49285,49284,10925,38359,1,22.167437707978248,262200.0,230154.0,411508.3125,473094.375,65711.984375,49284.0,-61585.9765625,0.8698228815339434,-1.2496140037841896,-0.12496140037841896,24.0,-6.0,37.6666647597254,-12.333334419562554,61920.8359375,5259.4140625,41,-60570.66015625,1.8551456862267672,1.0,-13.357354999289633,-290889985.5,24577,22.736705049436466,0.8987335885842169,-23716.3203125,-0.9649802788175937,24707,21.601165661553406,0.8414809016554489,-37869.65625,-1.532750080948719
EMA  9_two_confirm_fixed_6_RR5,EMA,9,two_confirm,fixed_6,fixed_RR,5,,48885,48884,9137,39747,1,18.691187300548236,274110.0,238482.0,435530.3125,490213.03125,65178.66015625,48884.0,-54682.6484375,0.8884511115288717,-1.1186205800977824,-0.11186205800977825,30.0,-6.0,47.66666438656014,-12.333334119556193,55345.23046875,4243.18017578125,44,-53676.39453125,2.213566811226577,1.0,-10.573717335198495,-259337970.01651952,24407,19.12566067111894,0.913986911459161,-20939.65625,-0.8579365038718401,24477,18.257956448911223,0.863258629687541,-33742.9921875,-1.378559144809413
EMA  9_two_confirm_fixed_6_RR6,EMA,9,two_confirm,fixed_6,fixed_RR,6,,48269,48268,7754,40514,1,16.064473357089586,279144.0,243084.0,447147.40625,499672.6875,64357.328125,48268.0,-52525.3203125,0.8948806237283081,-1.0882017136094306,-0.10882017136094306,36.0,-6.0,57.66667607041527,-12.333333847558869,53051.94921875,4310.830078125,52,-51522.11328125,2.5435070854396287,1.0,-9.30111134239511,-250691142.6070884,24082,16.4562743958143,0.921005241742156,-19601.326171875,-0.813940958885267,24186,15.674357066071282,0.8691094809476736,-32923.9921875,-1.3612830640659885
EMA  9_two_confirm_fixed_6_MAexit9,EMA,9,two_confirm,fixed_6,ma_close,,9,49387,49386,8296,41090,1,16.798282914186206,290184.0,229164.0,464282.625,477816.6875,65847.9921875,49386.0,-13534.0068359375,0.9716751991839967,-0.27404541440767627,-0.02740454144076763,34.97878646850586,-5.577123165130615,55.96463657184185,-11.628539486493064,21784.7421875,920.323486328125,52,-12532.6435546875,3.361195480500547,1.0,-1.6757833687023507,-23.793796446043906,24631,17.24655921399862,1.0129194735662779,3057.66455078125,0.12413887177870367,24755,16.35225207028883,0.9311966035147485,-16591.66796875,-0.6702350219652595
EMA  9_two_confirm_fixed_8_RR2,EMA,9,two_confirm,fixed_8,fixed_RR,2,,49388,49387,17253,32134,1,34.93429444995647,276048.0,257072.0,314867.25,377574.5,49387.0,37040.25,-62707.25,0.8339208553543738,-1.2697116650130602,-0.12697116650130602,16.0,-8.0,18.25,-11.75,62980.75,5368.05859375,19,-61707.25,1.5144673699556563,2.0,-19.728228296120353,0.0,24631,35.39442166375705,0.8509221016939181,-27874.25,-1.1316735008728838,24756,34.476490547746,0.8172424241231815,-34833.0,-1.4070528356761998
EMA  9_two_confirm_fixed_8_RR3,EMA,9,two_confirm,fixed_8,fixed_RR,3,,49213,49212,13273,35939,1,26.971063968137855,318552.0,287512.0,374962.25,422283.25,49212.0,36909.0,-47321.0,0.8879401444409647,-0.961574412744859,-0.0961574412744859,24.0,-8.0,28.25,-11.75,47556.0,4272.7763671875,36,-46321.0,2.010851011948305,2.0,-12.016053909383373,0.0,24544,27.395697522816164,0.9071948802445257,-19432.0,-0.7917209908735332,24668,26.548564942435544,0.8690031505660568,-27889.0,-1.1305740230257824
EMA  9_two_confirm_fixed_8_RR4,EMA,9,two_confirm,fixed_8,fixed_RR,4,,48402,48401,10531,37870,1,21.757814921179314,336992.0,302960.0,402810.75,444972.5,48401.0,36300.75,-42161.75,0.9052486389608346,-0.8710925394103428,-0.08710925394103428,32.0,-8.0,38.25,-11.75,42681.25,3422.714599609375,37,-41161.75,2.5095555876944693,2.0,-9.289521506390845,0.0,24160,21.999172185430464,0.918122646675285,-18130.0,-0.7504139072847682,24241,21.517264139268182,0.892496435261554,-24031.75,-0.991367930365909
EMA  9_two_confirm_fixed_8_RR5,EMA,9,two_confirm,fixed_8,fixed_RR,5,,47166,47165,8577,38588,1,18.185094879677727,343080.0,308704.0,413840.25,453409.0,47165.0,35373.75,-39568.75,0.9127305589434704,-0.8389430721933637,-0.08389430721933637,40.0,-8.0,48.25,-11.75,40081.25,3359.702392578125,42,-38568.75,3.0134633732640728,2.0,-7.8725803770725244,0.0,23508,18.393738301854686,0.9255629691409508,-16779.0,-0.7137570188871873,23657,17.977765566217187,0.9000436409250999,-22789.75,-0.9633406602696876
EMA  9_two_confirm_fixed_8_RR6,EMA,9,two_confirm,fixed_8,fixed_RR,6,,45813,45812,7199,38613,1,15.714223347594517,345552.0,308904.0,419341.75,453702.75,45812.0,34359.0,-34361.0,0.9242653918231706,-0.7500436566838383,-0.07500436566838384,48.0,-8.0,58.25,-11.75,34945.75,2974.7392578125,52,-33361.0,3.509757268837859,2.0,-6.301653804724199,0.0,22827,15.889078722565383,0.9364926861702128,-14327.25,-0.6276448942042319,22985,15.54056993691538,0.91217225570494,-20033.75,-0.8716010441592342
EMA  9_two_confirm_fixed_8_MAexit9,EMA,9,two_confirm,fixed_8,ma_close,,9,49387,49386,10045,39341,1,20.339772405135058,349648.0,285760.0,419481.25,426046.75,49386.0,37039.5,-6565.5,0.9845897193207084,-0.13294253432146763,-0.013294253432146763,34.808162689208984,-7.263669013977051,41.76020408163265,-10.829586182354287,16980.75,554.2178344726562,37,-5565.5,3.8249706394524763,2.0,-0.9769108412563079,-10.219773173628274,24631,20.697495026592506,1.0237924753618934,5025.75,0.20404165482522024,24755,19.983841648151888,0.9460405280847617,-11591.25,-0.46823873964855584
EMA  9_two_confirm_fixed_10_RR2,EMA,9,two_confirm,fixed_10,fixed_RR,2,,48770,48769,17155,31614,1,35.17603395599664,343100.0,316140.0,319083.0,360399.5625,39015.20703125,29261.396484375,-41316.625,0.8853590103900306,-0.847190325821731,-0.0847190325821731,20.0,-10.0,18.6,-11.399998813816664,41570.03515625,3631.840576171875,33,-40314.14453125,2.2823514937767846,3.0,-13.059916159267555,-98089569.3944764,24305,35.58938490022629,0.9015113616087571,-17577.013671875,-0.7231850924449702,24464,34.765369522563766,0.8695145909563854,-23739.611328125,-0.9703896062837231
EMA  9_two_confirm_fixed_10_RR3,EMA,9,two_confirm,fixed_10,fixed_RR,3,,47642,47641,12716,34925,1,26.69129531286077,381480.0,349250.0,363677.625,398145.0,38112.8046875,28584.59765625,-34467.421875,0.9134300945635384,-0.7234823340190172,-0.07234823340190172,30.0,-10.0,28.60000196602705,-11.4,34988.8515625,2722.868408203125,36,-33476.2109375,2.988329380155748,3.0,-8.924743435964638,-165583960.025602,23768,26.985863345674854,0.927236626365954,-14395.2119140625,-0.6056551629948881,23873,26.398022871025844,0.8997940139953788,-20072.212890625,-0.8407913915563607
EMA  9_two_confirm_fixed_10_RR4,EMA,9,two_confirm,fixed_10,fixed_RR,4,,45813,45812,9780,36032,1,21.34811839692657,391200.0,360320.0,377508.0,410764.84375,36649.6015625,27487.19921875,-33256.8125,0.9190367816135677,-0.7259410743909892,-0.07259410743909891,40.0,-10.0,38.6,-11.40000121419849,33927.671875,2385.2373046875,42,-32268.67578125,3.7137431240722956,3.0,-7.583795146037612,-162926190.0032738,22821,21.59852767188116,0.9327867526316064,-13709.404296875,-0.6007363523454274,22991,21.099560697664305,0.9054749377500246,-19547.40625,-0.850219923013353
EMA  9_two_confirm_fixed_10_RR5,EMA,9,two_confirm,fixed_10,fixed_RR,5,,43784,43783,7853,35930,1,17.936185277390766,392650.0,359300.0,381655.75,409602.03125,35026.40625,26269.796875,-27946.2109375,0.9317721126413482,-0.6382890833771099,-0.06382890833771099,50.0,-10.0,48.59999363300649,-11.40000086974673,28831.09765625,1842.007080078125,52,-26956.94140625,4.608181257565722,3.0,-5.8020040068427035,0.0,21817,18.045560801210065,0.9387052711680705,-12493.806640625,-0.572663823652427,21966,17.82755167076391,0.9249043284899153,-15452.4052734375,-0.7034692376143813
EMA  9_two_confirm_fixed_10_RR6,EMA,9,two_confirm,fixed_10,fixed_RR,6,,41932,41931,6590,35341,1,15.716295819322221,395400.0,353410.0,386173.96875,402887.4375,33544.8046875,25158.59765625,-16713.412109375,0.9585157858142449,-0.398593215267344,-0.039859321526734395,60.0,-10.0,58.59999525796662,-11.400001061090519,17754.041015625,943.9660034179688,52,-15717.705078125,5.331330042212206,3.0,-3.2037052692410497,-85584955.11863396,20859,15.854067788484588,0.9685014922762406,-6302.6064453125,-0.3021528570551081,21072,15.579916476841307,0.9486631910133829,-10410.806640625,-0.49405878135084474
EMA  9_two_confirm_fixed_10_MAexit9,EMA,9,two_confirm,fixed_10,ma_close,,9,49386,49385,11215,38170,1,22.709324693732917,388360.0,321542.0,372659.03125,374980.03125,39508.00390625,29630.998046875,-2321.0244140625,0.9938103370671155,-0.04699857070087071,-0.0046998570700870716,34.628623962402344,-8.423945426940918,33.228625167186806,-9.823946325648414,13135.9287109375,287.93634033203125,37,-1318.602294921875,4.19030069859269,2.0,-0.40908065416012174,-3.4288891408912012,24631,22.987292436360683,1.0249618966123883,4644.58837890625,0.1885667808414701,24754,22.432738143330372,0.9631277227337881,-6965.61328125,-0.2813934427264281
EMA  9_two_confirm_candle_RR2,EMA,9,two_confirm,candle,fixed_RR,2,,45386,45385,15965,29420,1,35.17682053541919,391544.0,367271.0,298952.6875,331086.25,32704.888671875,24528.66796875,-32133.5703125,0.9029450407559964,-0.7080218202599978,-0.07080218202599978,24.525148391723633,-12.483718872070312,18.725505010961477,-11.253781441196464,32393.197265625,2805.53955078125,21,-31131.853515625,3.1650986008593147,2.0,-10.532483667534734,-391.7702341526643,22615,35.64890559363255,0.9215401949233248,-12852.34375,-0.568310579261552,22770,34.707949055775146,0.8847356500322068,-19281.22265625,-0.846781847002635
EMA  9_two_confirm_candle_RR3,EMA,9,two_confirm,candle,fixed_RR,3,,42610,42609,11411,31198,1,26.78072707643925,418779.0,388583.0,327741.53125,351174.625,30733.1796875,23049.88671875,-23433.072265625,0.9332722466778458,-0.5499559310386304,-0.05499559310386304,36.699588775634766,-12.455381393432617,28.72154335728683,-11.256318514007308,23616.40625,2105.639892578125,29,-22433.98046875,4.453237578915252,3.0,-6.411092422936286,-294.85683434058984,21210,27.04384724186704,0.9454658871129811,-9501.86328125,-0.4479897822371523,21399,26.51993083788962,0.9212648844176801,-13931.208984375,-0.65102149560143
EMA  9_two_confirm_candle_RR4,EMA,9,two_confirm,candle,fixed_RR,4,,39555,39554,8545,31009,1,21.60337766091925,417052.0,385803.0,330846.375,349086.3125,28542.82421875,21407.12109375,-18239.955078125,0.9477494910374064,-0.46114059458272233,-0.04611405945827223,48.80655288696289,-12.441645622253418,38.718124634289055,-11.257580460511464,18632.494140625,1562.9117431640625,31,-17241.47265625,5.765586287101178,3.0,-4.458448680484777,-238.19661014253376,19673,21.887866619224315,0.9633142219624198,-6348.419921875,-0.32269709357367965,19881,21.321865097329106,0.9324491263524012,-11891.533203125,-0.5981355667785826
EMA  9_two_confirm_candle_RR5,EMA,9,two_confirm,candle,fixed_RR,5,,37022,37021,6712,30309,1,18.13025039842252,409625.0,376831.0,326987.5625,341234.90625,26718.48828125,20038.8671875,-14247.3662109375,0.9582476953879919,-0.38484552580798737,-0.038484552580798734,61.02875518798828,-12.432973861694336,48.716859728843865,-11.258533975056913,14757.16796875,1092.14111328125,40,-13248.6513671875,7.01966451473488,3.0,-3.204152466751968,-192.2252343235598,18417,18.499212683933322,0.981859664055391,-3066.334716796875,-0.16649479919622495,18604,17.76499677488712,0.9350696404433679,-11181.029296875,-0.6010013597546227
EMA  9_two_confirm_candle_RR6,EMA,9,two_confirm,candle,fixed_RR,6,,34599,34598,5466,29132,1,15.798601075206658,398904.0,361951.0,320927.375,328014.8125,24987.087890625,18740.31640625,-7087.4111328125,0.9783929346178536,-0.20485031310516505,-0.020485031310516506,72.97914123535156,-12.424515724182129,58.713387303329675,-11.259604987642454,10203.9853515625,423.0132141113281,47,-6087.6103515625,8.30021966587664,3.0,-1.4928390083227137,-98.80904772875938,17253,16.229061612473192,1.0098404235407672,1601.9056396484375,0.09284794758293848,17345,15.37042375324301,0.9474096822032335,-8689.3173828125,-0.5009695810211877
EMA  9_two_confirm_candle_MAexit9,EMA,9,two_confirm,candle,ma_close,,9,49386,49385,11834,37551,1,23.9627417231953,409376.0,338738.0,349438.1875,340462.0,35571.28125,26678.462890625,8976.16015625,1.026364726459928,0.18175883681785968,0.01817588368178597,34.593204498291016,-9.020745277404785,29.52832410850093,-9.066656014486965,8777.03125,155.5384521484375,37,9974.8193359375,4.362842968512706,2.0,1.6193472102207067,11.476517382891311,24631,24.22556940440908,1.0659980128580966,11156.298828125,0.45293730778795016,24754,23.701220004847702,0.9872820336131161,-2180.139404296875,-0.08807220668566192
EMA 21_one_break_fixed_6_RR2,EMA,21,one_break,fixed_6,fixed_RR,2,,47871,47871,14177,33694,0,29.61500699797372,170124.0,202164.0,250460.25,415559.3125,63827.9921875,47871.0,-165099.03125,0.6027063826177641,-3.448831886737273,-0.3448831886737273,12.0,-6.0,17.666660788601256,-12.333332715023447,165151.921875,15624.5908203125,27,-164094.921875,1.4491654655219235,1.0,-55.09232586882251,0.0,23935,30.13996239816169,0.6179991926319789,-78778.34375,-3.291345049091289,23936,29.090073529411764,0.587640582786677,-86320.671875,-3.6063114921039436
EMA 21_one_break_fixed_6_RR3,EMA,21,one_break,fixed_6,fixed_RR,3,,47779,47779,13173,34606,0,27.570690052114944,237114.0,207636.0,364452.90625,426807.375,63705.328125,47779.0,-62354.359375,0.8539048938645917,-1.3050578575315515,-0.13050578575315513,18.0,-6.0,27.666659549836787,-12.333334537363463,62711.2109375,4584.15380859375,29,-61340.20703125,1.7490738609012328,1.0,-15.959061539366054,-149560951.66050747,23896,27.98376297288249,0.8716695777670165,-27237.34765625,-1.1398287435658687,23883,27.157392287401077,0.8363321731021183,-35117.01171875,-1.4703769090461836
EMA 21_one_break_fixed_6_RR4,EMA,21,one_break,fixed_6,fixed_RR,4,,47507,47507,10502,37005,0,22.106215926074054,252048.0,222030.0,395575.3125,456395.03125,63342.66015625,47507.0,-60819.6484375,0.8667388674600081,-1.280224986580925,-0.1280224986580925,24.0,-6.0,37.66666468291754,-12.333334177813809,61216.23828125,4364.27734375,39,-59800.56640625,1.866945923758604,1.0,-13.44889187757265,-292593742.0172818,23759,22.52199166631592,0.8877793185694005,-25477.65625,-1.072337061745023,23748,21.69024759979788,0.845912317080872,-35341.98828125,-1.488209039971787
EMA 21_one_break_fixed_6_RR5,EMA,21,one_break,fixed_6,fixed_RR,5,,47035,47035,8720,38315,0,18.539385563941746,261600.0,229890.0,415653.3125,472551.6875,62713.328125,47035.0,-56898.3125,0.8795933302005191,-1.2097015520357182,-0.12097015520357182,30.0,-6.0,47.66666427752293,-12.333333877071643,57129.00390625,4692.96240234375,45,-55888.66796875,2.2231317104284045,1.0,-11.25164635928809,-275098815.40836805,23522,18.956721367230678,0.9040251179931338,-22564.65625,-0.9593000701470963,23513,18.121890018287758,0.8554013932125079,-34333.65625,-1.460198879343342
EMA 21_one_break_fixed_6_RR6,EMA,21,one_break,fixed_6,fixed_RR,6,,46552,46552,7424,39128,0,15.947757346623131,267264.0,234768.0,428117.375,482578.6875,62069.328125,46552.0,-54461.3203125,0.8871452181567798,-1.169902910992009,-0.1169902910992009,36.0,-6.0,57.666672279094826,-12.33333386577387,54571.78515625,5220.51513671875,52,-53453.96484375,2.552822649939852,1.0,-9.849099396717538,-264678649.84035754,23284,16.247208383439272,0.9070346571349314,-22359.328125,-0.9602872412386187,23268,15.648100395392813,0.8673835285083906,-32101.99609375,-1.379662888677583
EMA 21_one_break_fixed_6_MAexit9,EMA,21,one_break,fixed_6,ma_close,,9,47721,47721,7968,39753,0,16.697051612497642,273368.0,213174.0,437021.3125,448047.03125,63627.9921875,47721.0,-11025.6728515625,0.9753916040482636,-0.23104446368606063,-0.023104446368606063,34.308231353759766,-5.362462997436523,54.84705227158634,-11.270772803310441,20147.609375,705.9189453125,55,-10024.8974609375,3.238909494771694,1.0,-1.412403543028981,-16.37822391579813,23860,17.191953059513832,1.0211029028303125,4693.330078125,0.1967028532323973,23861,16.202170906500147,0.93033741258826,-15719.00390625,-0.6587738949017224
EMA 21_one_break_fixed_6_MAexit21,EMA,21,one_break,fixed_6,ma_close,,21,47870,47870,6501,41369,0,13.580530603718405,286232.0,223008.0,461884.3125,468207.6875,63826.66015625,47870.0,-6323.349609375,0.9864945083798949,-0.13209420533476082,-0.013209420533476082,44.0289192199707,-5.390703201293945,71.04819450853715,-11.317839142836423,16971.009765625,830.8411865234375,62,-5322.53857421875,4.425235011489451,1.0,-0.689495462914908,-9.568186189574956,23935,13.916858157509923,1.0378091104036482,8811.66015625,0.3681495782849384,23935,13.244203049926886,0.9356371565481536,-15135.0068359375,-0.6323378665526426
EMA 21_one_break_fixed_8_RR2,EMA,21,one_break,fixed_8,fixed_RR,2,,47871,47871,16876,30995,0,35.25307597501619,270016.0,247960.0,307987.0,364191.25,47871.0,35903.25,-56204.25,0.8456738046287493,-1.174077207495143,-0.1174077207495143,16.0,-8.0,18.25,-11.75,56480.25,4426.35205078125,25,-55204.25,1.5213385974807294,2.0,-17.92270488512467,0.0,23935,35.66743263003969,0.8611245450500618,-25126.25,-1.0497702109880926,23936,34.83873663101604,0.8304201981013807,-31078.0,-1.2983790106951871
EMA 21_one_break_fixed_8_RR3,EMA,21,one_break,fixed_8,fixed_RR,3,,47414,47414,12796,34618,0,26.98780950774033,307104.0,276944.0,361487.0,406761.5,47414.0,35560.5,-45274.5,0.8886952182052628,-0.954876196903868,-0.0954876196903868,24.0,-8.0,28.25,-11.75,45693.25,3231.48876953125,29,-44274.5,2.024612983506981,2.0,-11.71005394915586,0.0,23711,27.308000506094217,0.9031998834700257,-19604.25,-0.8267997975623128,23703,26.667510441716242,0.8743123847854347,-25670.25,-1.0829958233135046
EMA 21_one_break_fixed_8_RR4,EMA,21,one_break,fixed_8,fixed_RR,4,,46647,46647,10120,36527,0,21.69485711835702,323840.0,292216.0,387090.0,429192.25,46647.0,34985.25,-42102.25,0.9019035175961355,-0.9025714408214891,-0.09025714408214891,32.0,-8.0,38.25,-11.75,42311.5,3542.193115234375,30,-41102.25,2.523163333118957,2.0,-9.459101531242636,0.0,23336,22.107473431607815,0.9239253721385103,-16248.0,-0.6962632841960918,23311,21.281798292651537,0.8800892805380022,-25854.25,-1.109100853674231
EMA 21_one_break_fixed_8_RR5,EMA,21,one_break,fixed_8,fixed_RR,5,,45804,45804,8354,37450,0,18.23858178325037,334160.0,299600.0,403080.5,440037.5,45804.0,34353.0,-36957.0,0.916013976081584,-0.8068509300497773,-0.08068509300497773,40.0,-8.0,48.25,-11.75,37316.5,2795.76708984375,39,-35957.0,3.014867697144354,2.0,-7.452878439444753,0.0,22903,18.473562415404096,0.9304898448467611,-15250.25,-0.6658625507575426,22901,18.00358062966683,0.901619822200266,-21706.75,-0.9478516221999039
EMA 21_one_break_fixed_8_RR6,EMA,21,one_break,fixed_8,fixed_RR,6,,44661,44661,7048,37613,0,15.781106558294708,338304.0,300904.0,410546.0,441952.75,44661.0,33495.75,-31406.75,0.9289364077947246,-0.7032254091937037,-0.07032254091937037,48.0,-8.0,58.25,-11.75,31756.75,2414.5029296875,55,-30406.75,3.510199055104006,2.0,-5.823542735626173,0.0,22321,15.877424846557053,0.9356761724110189,-14191.75,-0.6358026074100622,22340,15.68487018800358,0.9222177541421361,-17215.0,-0.7705908683974932
EMA 21_one_break_fixed_8_MAexit9,EMA,21,one_break,fixed_8,ma_close,,9,47688,47688,9588,38100,0,20.105686965274284,323552.0,263312.0,387661.0,395815.0,47688.0,35766.0,-8154.0,0.9793994669226785,-0.17098641167589332,-0.017098641167589333,33.745513916015625,-6.911076068878174,40.43189403420943,-10.388845144356955,17642.75,404.0702209472656,42,-7154.0,3.652407314209025,2.0,-1.2861917809197156,-10.888913659307981,23842,20.551967116852612,1.0197278859635062,3876.5,0.1625912255683248,23846,19.659481674075316,0.9396412238826188,-12030.5,-0.5045080936006039
EMA 21_one_break_fixed_8_MAexit21,EMA,21,one_break,fixed_8,ma_close,,21,47870,47870,7900,39970,0,16.503029036975143,342376.0,278248.0,414145.0,417757.5,47870.0,35902.5,-3612.5,0.9913526387916435,-0.07546480050135784,-0.007546480050135784,43.3387336730957,-6.961421012878418,52.42341772151899,-10.451776332249187,15032.5,480.31707763671875,48,-2612.5,5.103091706705661,2.0,-0.4781168469757126,-4.912441839704494,23935,16.77459786922916,1.0346151073951275,7203.75,0.30097138082306246,23935,16.23146020472112,0.9484074458316937,-10816.25,-0.45190098182577815
EMA 21_one_break_fixed_10_RR2,EMA,21,one_break,fixed_10,fixed_RR,2,,44696,44696,15789,28907,0,35.32530875246107,315780.0,289070.0,293675.4375,329539.78125,35756.8046875,26817.59765625,-35864.421875,0.8911683936489838,-0.8024078636790765,-0.08024078636790764,20.0,-10.0,18.600002375071252,-11.39999935136818,36224.41015625,2677.73486328125,26,-34871.609375,2.3013468766780023,3.0,-11.83036331111292,-177880940.51354128,22375,35.66927374301676,0.9046570979508205,-15645.0107421875,-0.6992183571927374,22321,34.98051162582322,0.8777902900870401,-20219.412109375,-0.9058470547634515
EMA 21_one_break_fixed_10_RR3,EMA,21,one_break,fixed_10,fixed_RR,3,,42623,42623,11406,31217,0,26.760199892077047,342180.0,312170.0,326211.65625,355873.75,34098.40234375,25573.798828125,-29662.22265625,0.9166499531083706,-0.6959205747190484,-0.06959205747190485,30.0,-10.0,28.60000493161494,-11.399998398308615,30258.763671875,2065.16064453125,31,-28673.205078125,3.0092672969992726,3.0,-8.113410049826541,-75327162.5439935,21340,27.193064667291473,0.9370152633331198,-11156.01171875,-0.5227746822282099,21283,26.326175821077857,0.8964701962198668,-18506.2109375,-0.8695301854766715
EMA 21_one_break_fixed_10_RR4,EMA,21,one_break,fixed_10,fixed_RR,4,,40912,40912,8787,32125,0,21.477806022682834,351480.0,321250.0,339178.25,366225.0,32729.60546875,24547.197265625,-27046.8046875,0.9261471772817257,-0.66109710323377,-0.06610971032337701,40.0,-10.0,38.600005690224194,-11.4,27515.3828125,1907.8748779296875,34,-26057.3828125,3.718640007821666,3.0,-6.512225524240134,-140213724.8796836,20487,21.735734856250303,0.9403582796116222,-10901.802734375,-0.5321327053436326,20425,21.219094247246023,0.9119864040804795,-16145.001953125,-0.790452972001224
EMA 21_one_break_fixed_10_RR5,EMA,21,one_break,fixed_10,fixed_RR,5,,39251,39251,7119,32132,0,18.13711752566814,355950.0,321320.0,345983.375,366304.78125,31400.802734375,23550.59765625,-20321.41015625,0.9445232295886119,-0.5177297433504879,-0.051772974335048794,50.0,-10.0,48.599996488270826,-11.399999416469564,20970.54296875,1328.08984375,40,-19327.400390625,4.619958727166187,3.0,-4.436592410361976,-107554455.30877785,19662,18.228054114535652,0.950314598481157,-9106.806640625,-0.4631678690176483,19589,18.045842054214102,0.9387232884356337,-11214.60546875,-0.5724950466460769
EMA 21_one_break_fixed_10_RR6,EMA,21,one_break,fixed_10,fixed_RR,6,,37796,37795,5918,31877,1,15.658155840719672,355080.0,318770.0,346794.78125,363397.75,30236.001953125,22677.0,-16603.01171875,0.9543118559484752,-0.4392912215570843,-0.043929122155708426,60.0,-10.0,58.5999968316999,-11.399998431470966,17255.966796875,1045.8157958984375,40,-15605.966796875,5.352930281783305,3.0,-3.3572196803956547,-44775413.45286022,18907,15.687311577722538,0.9564194373577454,-7919.8056640625,-0.41888219516911723,18888,15.628970775095299,0.9522036132748667,-8683.2060546875,-0.4597207779906554
EMA 21_one_break_fixed_10_MAexit9,EMA,21,one_break,fixed_10,ma_close,,9,47349,47349,10609,36740,0,22.405964223109255,356416.0,291884.0,341563.4375,343320.03125,37879.203125,28409.3984375,-1756.6259765625,0.9948835092913035,-0.037099536982037634,-0.0037099536982037632,33.59562683105469,-7.944583415985107,32.19562988971628,-9.344584410724007,12113.4404296875,210.44569396972656,36,-756.0601806640625,3.965722612937971,2.0,-0.32902782801969294,-2.2875058883240427,23663,22.879601064953725,1.0327423662445263,5577.78759765625,0.23571768573960403,23686,21.932787300515074,0.9575961089040023,-7334.41259765625,-0.30965180265373005
EMA 21_one_break_fixed_10_MAexit21,EMA,21,one_break,fixed_10,ma_close,,21,47870,47870,8815,39055,0,18.414455817839983,379944.0,311674.0,367603.0,366351.0,38296.00390625,28721.998046875,1251.97412109375,1.003417487600689,0.026153626929052643,0.0026153626929052644,43.101985931396484,-7.980386734008789,41.701985252410665,-9.380386634233773,11094.57421875,254.37139892578125,39,2250.1005859375,5.6049300188009195,2.0,0.19666039939460947,1.6581815483409144,23935,18.650511802799247,1.0453161924794179,8268.98828125,0.3454768448401922,23935,18.178399832880718,0.9618388318248713,-7017.01171875,-0.2931694889805724
EMA 21_one_break_candle_RR2,EMA,21,one_break,candle,fixed_RR,2,,37218,37217,13058,24159,1,35.08611655963673,398358.0,372033.0,247453.09375,266616.4375,22133.349609375,16600.01171875,-19163.3671875,0.9281239224044466,-0.5149089713706102,-0.05149089713706102,30.50681495666504,-15.399353981018066,18.95030584699035,-11.035905356181962,19456.642578125,1505.4342041015625,15,-18164.21484375,4.43609103366741,3.0,-6.93862708633136,-250.15808747010772,18593,35.54025708600011,0.9469033981570014,-7022.9482421875,-0.37772001517708276,18624,34.63273195876289,0.9096351898785998,-12140.41796875,-0.6518695215179339
EMA 21_one_break_candle_RR3,EMA,21,one_break,candle,fixed_RR,3,,34023,34022,9026,24996,1,26.529892422550116,405666.0,378276.0,261120.390625,276360.6875,20605.88671875,15454.416015625,-15240.306640625,0.9448536005143641,-0.4479544600736288,-0.044795446007362884,44.94416046142578,-15.133460998535156,28.929801753268336,-11.05619649143863,15483.880859375,1246.0072021484375,22,-14241.201171875,6.2492210922344364,4.0,-4.67917340230659,-205.60963870930487,16929,26.80607242010751,0.9583432646915866,-5707.306640625,-0.3371319416755272,17093,26.256362253554087,0.9315907654171155,-9532.9990234375,-0.5577136268318903
EMA 21_one_break_candle_RR4,EMA,21,one_break,candle,fixed_RR,4,,31371,31370,6715,24655,1,21.405801721389864,399164.0,368361.0,261354.59375,272957.71875,19230.35546875,14422.7666015625,-11603.126953125,0.9574911270026139,-0.3698797243584635,-0.03698797243584635,59.443634033203125,-14.940620422363281,38.9210117274758,-11.071089789089434,11724.935546875,1048.3251953125,26,-10603.6484375,7.9952183614918715,4.0,-3.1942602142386596,-161.76949691325098,15594,21.771194048993202,0.9783601942509007,-2923.0322265625,-0.18744595527526614,15776,21.044624746450307,0.937046548130846,-8680.09375,-0.5502087823275862
EMA 21_one_break_candle_RR5,EMA,21,one_break,candle,fixed_RR,5,,29109,29108,5221,23887,1,17.936649718290504,384130.0,354432.0,255351.0625,264633.875,17978.7578125,13484.068359375,-9282.83203125,0.9649220550468076,-0.31890999145423937,-0.03189099914542394,73.57402801513672,-14.837862014770508,48.90845862861521,-11.078573073219744,9664.97265625,712.8054809570312,32,-8283.21875,9.74876322660437,4.0,-2.363762259618979,-134.16301813110582,14397,18.330207682156004,0.9908570789812605,-1191.089599609375,-0.0827317913182868,14711,17.5514920807559,0.9397752358974114,-8091.7431640625,-0.5500471187589219
EMA 21_one_break_candle_RR6,EMA,21,one_break,candle,fixed_RR,6,,27111,27110,4209,22901,1,15.52563629656953,366864.0,338416.0,247882.59375,253817.6875,16837.203125,12627.90234375,-5935.111328125,0.9766167054453209,-0.21892701321007008,-0.021892701321007006,87.16179656982422,-14.777345657348633,58.89346489665004,-11.083257827169119,8610.1181640625,248.7355194091797,34,-4935.1845703125,11.517926964219845,4.0,-1.4222210955321126,-88.70397654467557,13372,15.88393658390667,1.0034744398534952,433.1610107421875,0.032393135712098974,13738,15.176881642160431,0.9506893750457104,-6368.2724609375,-0.4635516422286723
EMA 21_one_break_candle_MAexit9,EMA,21,one_break,candle,ma_close,,9,47387,47386,11981,35405,1,25.283839108597476,399760.0,328349.0,265240.875,257084.09375,26470.373046875,19852.78125,8156.775390625,1.0317280666066102,0.1721347104761955,0.017213471047619548,33.36616134643555,-9.274085998535156,22.138458809782154,-7.261236936873323,6603.3154296875,92.2441635131836,26,9155.4921875,4.331553623433082,2.0,1.8909960252113642,9.673740986523303,23701,25.648706805620016,1.0547526855633231,7003.17138671875,0.29547999606424835,23685,24.918724931391175,1.0089303371770477,1153.603271484375,0.04870607014922419
EMA 21_one_break_candle_MAexit21,EMA,21,one_break,candle,ma_close,,21,47870,47869,10059,37810,1,21.013599615617622,432880.0,356819.0,284392.0,273811.9375,26670.66015625,20002.99609375,10580.0888671875,1.03863988764186,0.22102172318593452,0.022102172318593453,43.03409957885742,-9.437159538269043,28.272392881996222,-7.241786233800582,6276.09375,114.80057525634766,36,11578.4736328125,6.286176857674069,2.0,2.1137011200093396,12.888700416738926,23935,21.17401295174431,1.0641860237315242,8764.1708984375,0.36616548562513057,23934,20.853179577170554,1.013228830376886,1815.9185791015625,0.07587192191449664
EMA 21_two_confirm_fixed_6_RR2,EMA,21,two_confirm,fixed_6,fixed_RR,2,,32803,32802,9630,23172,1,29.357965977684287,115560.0,139032.0,170129.96875,285788.0,43736.0,32802.0,-115658.0234375,0.5953013028888546,-3.525944254542406,-0.3525944254542406,12.0,-6.0,17.666663421599168,-12.333333333333334,115730.703125,11250.5546875,22,-114684.375,1.4412230961526735,1.0,-46.74227152932234,0.0,16432,30.03286270691334,0.6148605405243391,-54611.34375,-3.323475155185005,16370,28.680513133781304,0.576040096502977,-61046.6796875,-3.7291801886072085
EMA 21_two_confirm_fixed_6_RR3,EMA,21,two_confirm,fixed_6,fixed_RR,3,,32803,32802,8950,23852,1,27.284921651118832,161100.0,143112.0,247616.609375,294174.6875,43736.0,32802.0,-46558.01953125,0.8417332282370488,-1.419365268314432,-0.1419365268314432,18.0,-6.0,27.666660265363127,-12.333334206775113,46917.3515625,3513.531982421875,27,-45554.3515625,1.737851350527407,1.0,-14.428153423605702,-269553052.9346944,16432,28.024586173320348,0.8734363628690048,-18461.34375,-1.1234994979308666,16370,26.542455711667685,0.8105521077602891,-28096.67578125,-1.7163516054520465
EMA 21_two_confirm_fixed_6_RR4,EMA,21,two_confirm,fixed_6,fixed_RR,4,,32802,32801,7276,25525,1,22.182250541142036,174624.0,153150.0,274062.65625,314808.3125,43734.66796875,32801.0,-40745.65234375,0.8705699480219411,-1.2422076261013384,-0.12422076261013384,24.0,-6.0,37.66666523501924,-12.33333251714006,40983.7265625,3419.109375,38,-39747.390625,1.8529922868205237,1.0,-10.829928377127265,-235905275.79916084,16432,22.90043816942551,0.9071279943808359,-14511.326171875,-0.8831138127966772,16369,21.46129879650559,0.8345435784316576,-26234.328125,-1.6026836168977947
EMA 21_two_confirm_fixed_6_RR5,EMA,21,two_confirm,fixed_6,fixed_RR,5,,32781,32780,6144,26636,1,18.7431360585723,184320.0,159816.0,292864.0,328510.6875,43706.6640625,32780.0,-35646.65625,0.8914900219189977,-1.087451380414887,-0.1087451380414887,30.0,-6.0,47.666666666666664,-12.333334115482804,36115.33203125,2552.320068359375,38,-34652.6640625,2.2069554606467356,1.0,-8.408372059594928,-206449682.90761065,16417,19.272705122738625,0.9226917721517778,-12636.326171875,-0.7697098234680514,16363,18.21181934853022,0.8605915305015843,-23010.328125,-1.4062414059157857
EMA 21_two_confirm_fixed_6_RR6,EMA,21,two_confirm,fixed_6,fixed_RR,6,,32689,32688,5320,27368,1,16.27508565834557,191520.0,164208.0,306786.6875,337538.65625,43584.0,32688.0,-30751.98828125,0.9088934906251941,-0.9407730139883137,-0.09407730139883137,36.0,-6.0,57.666670582706764,-12.333332952718504,31222.25390625,2218.540283203125,53,-29757.25390625,2.529705090553108,1.0,-6.582517069963759,0.0,16365,16.657500763825237,0.9345181561060912,-11014.9931640625,-0.6730823809387412,16323,15.891686577222325,0.8834368067863845,-19736.994140625,-1.2091523703133615
EMA 21_two_confirm_fixed_6_MAexit9,EMA,21,two_confirm,fixed_6,ma_close,,9,32803,32802,5497,27305,1,16.758124504603376,195400.0,152196.0,312840.3125,317371.6875,43736.0,32802.0,-4531.33642578125,0.9857221826064746,-0.13814207748860588,-0.013814207748860588,35.546661376953125,-5.5739240646362305,56.91109923594688,-11.623207745834096,12203.111328125,607.3443603515625,53,-3531.67822265625,3.4001585269190904,1.0,-0.665243179209636,-9.74099737548566,16432,17.228578383641675,1.0287063328864154,4521.99951171875,0.27519471225162795,16370,16.285888821014048,0.9433621853221226,-9053.3359375,-0.5530443456017105
EMA 21_two_confirm_fixed_6_MAexit21,EMA,21,two_confirm,fixed_6,ma_close,,21,32803,32802,4292,28510,1,13.084568014145479,204688.0,162396.0,331132.0,337183.3125,43736.0,32802.0,-6051.33642578125,0.9820533452408028,-0.18448071537653954,-0.018448071537653953,47.69058609008789,-5.696106433868408,77.15097856477166,-11.826843651350403,12879.89453125,800.7919311523438,53,-5051.5810546875,4.752301688921407,1.0,-0.7657298551676504,-15.237115424859637,16432,13.254625121713728,1.0236189236681803,3968.66650390625,0.24152060028640762,16370,12.913866829566278,0.940764037504286,-10020.0029296875,-0.6120954752405314
EMA 21_two_confirm_fixed_8_RR2,EMA,21,two_confirm,fixed_8,fixed_RR,2,,32803,32802,11392,21410,1,34.729589659167125,182272.0,171280.0,207904.0,251567.5,32802.0,24601.5,-43663.5,0.8264342572073101,-1.3311231022498629,-0.1331123102249863,16.0,-8.0,18.25,-11.75,43843.5,3773.91845703125,19,-42663.5,1.5109139686604476,2.0,-16.878704915492822,0.0,16432,35.32740993184031,0.8484310337578508,-18926.0,-1.1517770204479065,16370,34.12950519242517,0.8047557127945683,-24737.5,-1.5111484422724497
EMA 21_two_confirm_fixed_8_RR3,EMA,21,two_confirm,fixed_8,fixed_RR,3,,32802,32801,8786,24015,1,26.785768726563212,210864.0,192120.0,248204.5,282176.25,32801.0,24600.75,-33971.75,0.8796080463894463,-1.0356925093747142,-0.10356925093747142,24.0,-8.0,28.25,-11.75,34126.5,3029.42724609375,24,-32971.75,2.0017072650224077,2.0,-10.58923347006623,0.0,16432,27.43427458617332,0.90895529845047,-12756.0,-0.7762901655306719,16369,26.134766937503816,0.8506661364088288,-21215.75,-1.2960932249984727
EMA 21_two_confirm_fixed_8_RR4,EMA,21,two_confirm,fixed_8,fixed_RR,4,,32739,32738,7126,25612,1,21.766754230557762,228032.0,204896.0,272569.5,300941.0,32738.0,24553.5,-28371.5,0.90572404557704,-0.8666228847211191,-0.08666228847211191,32.0,-8.0,38.25,-11.75,28604.25,2394.6630859375,30,-27371.5,2.4893396053515793,2.0,-7.599651707739175,0.0,16394,22.16054654141759,0.9267748975852289,-10979.5,-0.6697267292912041,16344,21.37175721977484,0.8848206199699667,-17392.0,-1.0641213901125794
EMA 21_two_confirm_fixed_8_RR5,EMA,21,two_confirm,fixed_8,fixed_RR,5,,32452,32451,5934,26517,1,18.28603124711103,237360.0,212136.0,286315.5,311574.75,32451.0,24338.25,-25259.25,0.9189303690366437,-0.7783812517333827,-0.07783812517333827,40.0,-8.0,48.25,-11.75,25509.75,2121.833984375,44,-24259.25,2.9813256910418784,2.0,-6.045709491235241,0.0,16234,18.49821362572379,0.9320133085259151,-10569.5,-0.6510718245657262,16217,18.073626441388665,0.9059015889386044,-14689.75,-0.9058241351668003
EMA 21_two_confirm_fixed_8_RR6,EMA,21,two_confirm,fixed_8,fixed_RR,6,,32021,32020,5060,26960,1,15.802623360399751,242880.0,215680.0,294745.0,316780.0,32020.0,24015.0,-22035.0,0.9304406843866405,-0.6881636477201749,-0.0688163647720175,48.0,-8.0,58.25,-11.75,22296.5,1767.4593505859375,48,-21035.0,3.4753279200499687,2.0,-4.822702437811796,0.0,16028,16.059396056900425,0.9484516192289567,-8149.0,-0.508422760169703,15992,15.545272636318158,0.9124990941772136,-13886.0,-0.8683091545772886
EMA 21_two_confirm_fixed_8_MAexit9,EMA,21,two_confirm,fixed_8,ma_close,,9,32803,32802,6606,26196,1,20.1390159136638,232984.0,190528.0,279669.5,284003.0,32802.0,24601.5,-4333.5,0.9847413583659328,-0.1321108468995793,-0.01321108468995793,35.2685432434082,-7.273171424865723,42.33567968513473,-10.841464345701635,9814.0,529.3753662109375,37,-3333.5,3.8492469971343213,2.0,-0.7792219910891293,-8.325315833350606,16432,20.64873417721519,1.028488643400468,4014.0,0.24427945472249268,16370,19.627367135003055,0.9416686028940339,-8347.5,-0.5099266951740989
EMA 21_two_confirm_fixed_8_MAexit21,EMA,21,two_confirm,fixed_8,ma_close,,21,32803,32802,5239,27563,1,15.971587098347662,247952.0,206008.0,300771.75,305745.25,32802.0,24601.5,-4973.5,0.9837331896407221,-0.15162185232607767,-0.015162185232607766,47.32811737060547,-7.4740777015686035,57.41014506585226,-11.092596959692342,10871.0,552.3777465820312,48,-3973.5,5.532498018413511,2.0,-0.7626049384129729,-11.080574424499058,16432,16.084469328140212,1.0184012744391926,2804.0,0.17064264849074975,16370,15.858277336591325,0.949287481783594,-7777.5,-0.4751069028711057
EMA 21_two_confirm_fixed_10_RR2,EMA,21,two_confirm,fixed_10,fixed_RR,2,,32673,32672,11427,21245,1,34.97490205680705,228540.0,212450.0,212542.21875,242193.015625,26137.603515625,19603.19921875,-29650.8203125,0.8775736913862542,-0.9075300046676053,-0.09075300046676052,20.0,-10.0,18.600001640850618,-11.400000735467168,29871.46484375,2503.47509765625,18,-28659.666015625,2.274240940254652,3.0,-11.465917517136667,0.0,16370,35.565058032987174,0.9005549245493106,-11958.0087890625,-0.7304831270044289,16302,34.38228438228438,0.8549126328138574,-17692.810546875,-1.0853153322828488
EMA 21_two_confirm_fixed_10_RR3,EMA,21,two_confirm,fixed_10,fixed_RR,3,,32463,32462,8638,23824,1,26.609574271455855,259140.0,238240.0,247046.84375,271593.625,25969.60546875,19477.201171875,-24546.818359375,0.9096194498306063,-0.7561708569827799,-0.07561708569827799,30.0,-10.0,28.600005064829823,-11.400001049361988,24777.8046875,2075.540771484375,25,-23555.404296875,2.973107017435771,3.0,-7.707418667532662,-142858962.68705943,16262,27.155331447546427,0.9352302170975705,-8746.80859375,-0.5378679494373386,16200,26.061728395061728,0.8842907491003129,-15800.0087890625,-0.9753091845100309
EMA 21_two_confirm_fixed_10_RR4,EMA,21,two_confirm,fixed_10,fixed_RR,4,,31968,31967,6861,25106,1,21.46275846967185,274440.0,251060.0,264834.625,286208.375,25573.60546875,19180.19921875,-21373.80078125,0.925321018296547,-0.6686207896033409,-0.0668620789603341,40.0,-10.0,38.60000364378371,-11.399999004222098,21611.1953125,1813.01953125,31,-20380.595703125,3.684017893452623,3.0,-5.823447566183279,-62675920.121952154,15985,21.77666562402252,0.9426220864859248,-8179.0009765625,-0.5116672490811699,15982,21.14879239144037,0.9081545998887586,-13194.80078125,-0.8256038531629333
EMA 21_two_confirm_fixed_10_RR5,EMA,21,two_confirm,fixed_10,fixed_RR,5,,31248,31247,5642,25605,1,18.056133388805325,282100.0,256050.0,274201.21875,291897.0,24997.603515625,18748.19921875,-17695.802734375,0.9393766251451711,-0.5663200542252056,-0.05663200542252056,50.0,-10.0,48.60000332328961,-11.4,18086.09375,1329.859130859375,39,-16701.19921875,4.568150542452075,3.0,-4.3375477511300815,-104970199.74434738,15634,18.338237175386976,0.9573488610173655,-6207.6015625,-0.3970577947102469,15613,17.77365016332543,0.9215037808793881,-11488.201171875,-0.7358099770623839
EMA 21_two_confirm_fixed_10_RR6,EMA,21,two_confirm,fixed_10,fixed_RR,6,,30342,30341,4715,25626,1,15.54002834448436,282900.0,256260.0,276299.03125,292136.40625,24272.8046875,18204.6015625,-15837.3984375,0.9457877393533521,-0.5219801073629742,-0.052198010736297415,60.0,-10.0,58.60000662778367,-11.40000024389292,16413.912109375,1051.63427734375,41,-14840.1708984375,5.32500576777298,3.0,-3.585250245268517,0.0,15144,15.940306391970418,0.974768858270972,-3661.59912109375,-0.2417854675841092,15197,15.14114627887083,0.9171795663732785,-12175.798828125,-0.8011975276781602
EMA 21_two_confirm_fixed_10_MAexit9,EMA,21,two_confirm,fixed_10,ma_close,,9,32778,32777,7445,25332,1,22.71409830063764,262056.0,216094.0,251633.0,251558.8125,26221.60546875,19666.201171875,74.18408203125,1.0002949111552195,0.002263296885964243,0.00022632968859642431,35.19892501831055,-8.530475616455078,33.79892545332438,-9.930475781620085,7363.7548828125,338.38531494140625,30,1075.96630859375,4.2924306678463555,2.0,0.015715969815154707,0.13352834494774257,16423,23.272240151007733,1.0447194401651594,5579.79345703125,0.3397548229331578,16354,22.15360156536627,0.9565754930883459,-5505.607421875,-0.33665203753668826
EMA 21_two_confirm_fixed_10_MAexit21,EMA,21,two_confirm,fixed_10,ma_close,,21,32803,32802,5985,26817,1,18.245838668373878,282640.0,237678.0,274260.96875,275221.84375,26241.603515625,19681.19921875,-960.81201171875,0.9965087255179033,-0.029291263085139626,-0.0029291263085139624,47.224727630615234,-8.862959861755371,45.82472326649958,-10.262961694074654,7697.126953125,422.91937255859375,44,40.3531494140625,6.32537650143284,3.0,-0.17244943421073128,-1.974866876097491,16432,18.390944498539437,1.03632123378102,4977.1953125,0.3028965014909932,16370,18.100183262064753,0.9570300044730142,-5938.005859375,-0.36273707143402567
EMA 21_two_confirm_candle_RR2,EMA,21,two_confirm,candle,fixed_RR,2,,31330,31329,10981,20348,1,35.050592103163204,269158.0,252889.0,205626.96875,229065.03125,22616.01953125,16962.013671875,-23438.0390625,0.8976794390130205,-0.7481259875035909,-0.07481259875035909,24.511247634887695,-12.428199768066406,18.7257051953374,-11.257373267643011,23730.318359375,1939.6800537109375,21,-22438.412109375,3.12346388330301,2.0,-9.252956246582636,-345.9461057847989,15657,35.8114581337421,0.9279076018826473,-8156.78466796875,-0.520967277765137,15672,34.290454313425215,0.8681757924780714,-15281.2548828125,-0.9750673100314254
EMA 21_two_confirm_candle_RR3,EMA,21,two_confirm,candle,fixed_RR,3,,30223,30222,8081,22141,1,26.73879954999669,296037.0,274945.0,232100.421875,249274.46875,21825.166015625,16368.875,-17174.046875,0.9311038673109197,-0.5682630823572232,-0.05682630823572232,36.63370895385742,-12.417912483215332,28.721745065585942,-11.258500914592837,17410.5,1481.537841796875,27,-16175.13671875,4.413440540003971,3.0,-5.581559612092476,-257.83107176689316,15089,27.384187156206508,0.9618476916867185,-4706.9228515625,-0.31194398910216053,15133,26.095288442476704,0.9009782286767997,-12467.123046875,-0.8238368497241129
EMA 21_two_confirm_candle_RR4,EMA,21,two_confirm,candle,fixed_RR,4,,28914,28913,6178,22735,1,21.36755092864801,300476.0,282177.0,239187.9375,255974.78125,20889.62890625,15667.220703125,-16786.853515625,0.9344199312603182,-0.580598814222841,-0.0580598814222841,48.636451721191406,-12.411567687988281,38.71607923276141,-11.2590622938201,16960.205078125,1446.942138671875,34,-15788.064453125,5.705634143810743,3.0,-4.818527002953543,-257.65989919599133,14348,21.98215779202676,0.9686910401988629,-3946.622314453125,-0.2750642817433179,14565,20.762100926879505,0.9011686103015556,-12840.2314453125,-0.8815812870108136
EMA 21_two_confirm_candle_RR5,EMA,21,two_confirm,candle,fixed_RR,5,,27728,27727,4969,22758,1,17.92115988026112,300870.0,282343.0,242049.65625,256246.375,20038.12890625,15028.59765625,-14196.734375,0.9445973869874257,-0.5120184071482671,-0.05120184071482671,60.549407958984375,-12.406318664550781,48.71194531092775,-11.25961749714386,14347.8349609375,1247.3712158203125,52,-13197.5888671875,6.959894687488729,3.0,-3.706231960460317,-222.38041714854808,13792,18.43822505800464,0.9777566691390249,-2818.0673828125,-0.20432623135241446,13935,17.409400789379262,0.912170428574013,-11378.666015625,-0.816552997174381
EMA 21_two_confirm_candle_RR6,EMA,21,two_confirm,candle,fixed_RR,6,,26453,26452,4087,22365,1,15.450627551791927,297006.0,277257.0,239954.234375,251840.265625,19117.73046875,14338.2978515625,-11886.03515625,0.9528032929106787,-0.4493435338065175,-0.04493435338065175,72.67090606689453,-12.3969144821167,58.71158169195009,-11.260463475296222,12358.3564453125,1074.41015625,60,-10886.541015625,8.208982307575987,3.0,-2.889381791327871,-190.59369380232476,13129,16.094142737451445,0.9998499575971229,-18.6209716796875,-0.00141830845301908,13323,14.816482774149966,0.907112157500426,-11867.4130859375,-0.890746309835435
EMA 21_two_confirm_candle_MAexit9,EMA,21,two_confirm,candle,ma_close,,9,32709,32708,7894,24814,1,24.134768252415313,277032.0,228406.0,236853.15625,228731.9375,23598.900390625,17699.171875,8121.2119140625,1.0355053991968217,0.2482943596081234,0.02482943596081234,35.093994140625,-9.204723358154297,30.00420018368381,-9.217858366244862,4681.642578125,104.8066635131836,30,9120.326171875,4.493885288002935,2.0,1.7221406516587896,12.781182469610114,16384,24.71923828125,1.0864483903638658,9789.9267578125,0.5975297093391418,16324,23.548149963244303,0.9855504671561921,-1668.715576171875,-0.10222467386497641
EMA 21_two_confirm_candle_MAexit21,EMA,21,two_confirm,candle,ma_close,,21,32803,32802,6458,26344,1,19.687823913176025,303072.0,254852.0,259561.09375,252161.96875,23667.171875,17750.37890625,7399.11669921875,1.0293427475867136,0.22556907198398726,0.022556907198398726,46.9296989440918,-9.674005508422852,40.19217927376897,-9.571893742408138,5077.72119140625,154.5351104736328,44,8398.4814453125,6.723736357539175,3.0,1.3483754065611009,12.804624186389724,16432,19.900194741966896,1.0817528744576348,10259.92578125,0.6243869146330331,16370,19.474648747709224,0.9774140014526765,-2860.80859375,-0.17475922991753207
EMA 34_one_break_fixed_6_RR2,EMA,34,one_break,fixed_6,fixed_RR,2,,37298,37298,11105,26193,0,29.773714408279268,133260.0,157158.0,196188.28125,323047.0,49730.6640625,37298.0,-126858.6875,0.6073056900389108,-3.4012195694139096,-0.34012195694139097,12.0,-6.0,17.666661976587122,-12.333333333333334,127093.0390625,10794.9931640625,24,-125898.0390625,1.4527588610649365,1.0,-47.88393859707298,0.0,18649,30.237546249128638,0.6208673857211828,-60834.34375,-3.262070017159097,18649,29.30988256742989,0.593922022767921,-66024.34375,-3.5403691216687223
EMA 34_one_break_fixed_6_RR3,EMA,34,one_break,fixed_6,fixed_RR,3,,37257,37257,10340,26917,0,27.753173900206672,186120.0,161502.0,286073.25,331976.3125,49675.99609375,37257.0,-45903.015625,0.8617278981312861,-1.2320641926349412,-0.12320641926349411,18.0,-6.0,27.666658607350097,-12.33333255934911,46411.765625,3128.884765625,27,-44900.765625,1.753764393268379,1.0,-13.277356174289668,0.0,18624,28.15721649484536,0.87919021179251,-19936.0078125,-1.070447154880799,18633,27.349326463800782,0.8444681220435172,-25967.0078125,-1.3936031670960125
EMA 34_one_break_fixed_6_RR4,EMA,34,one_break,fixed_6,fixed_RR,4,,37134,37134,8342,28792,0,22.46458770937685,200208.0,172752.0,314215.34375,355101.3125,49511.99609375,37134.0,-40885.98046875,0.8848611162201773,-1.1010389526781386,-0.11010389526781386,24.0,-6.0,37.666667915368016,-12.33333260975271,41544.921875,2567.67236328125,45,-39889.25390625,1.8715462918080465,1.0,-10.167618096435799,0.0,18560,22.936422413793103,0.90897775822036,-16056.65625,-0.8651215651939655,18574,21.993108646495102,0.8610540674061024,-24829.32421875,-1.336778519368472
EMA 34_one_break_fixed_6_RR5,EMA,34,one_break,fixed_6,fixed_RR,5,,36922,36922,7007,29915,0,18.977845187151292,210210.0,179490.0,334000.34375,368951.625,49229.328125,36922.0,-34951.3203125,0.9052686615758909,-0.9466258683847029,-0.09466258683847029,30.0,-6.0,47.666668153275296,-12.333331940498077,35544.890625,2314.625244140625,48,-33961.55859375,2.2301337955690372,1.0,-7.7311552005761515,-190730830.4210875,18440,19.414316702819956,0.9311048594431882,-12626.66015625,-0.6847429585818872,18482,18.54236554485445,0.8797671072920807,-22324.658203125,-1.207913548486365
EMA 34_one_break_fixed_6_RR6,EMA,34,one_break,fixed_6,fixed_RR,6,,36664,36664,6017,30647,0,16.411193541348464,216612.0,183882.0,346980.375,377979.625,48885.328125,36664.0,-30999.32421875,0.9179869814411292,-0.8454976057917849,-0.08454976057917848,36.0,-6.0,57.66667359149078,-12.333331973765784,31764.904296875,1868.52392578125,48,-30007.23828125,2.566632118699542,1.0,-6.2443911738362194,-169758769.57367668,18308,16.785012016604764,0.9431148430351124,-10688.6630859375,-0.5838247261272395,18356,16.03835258226193,0.8931477022497938,-20310.6640625,-1.1064863838799304
EMA 34_one_break_fixed_6_MAexit9,EMA,34,one_break,fixed_6,ma_close,,9,37215,37215,6391,30824,0,17.173182856375117,216720.0,166428.0,346287.65625,349302.65625,49619.99609375,37215.0,-3015.0009765625,0.9913685168261586,-0.0810157457090555,-0.008101574570905549,33.910186767578125,-5.399299144744873,54.18364203567517,-11.332165074292758,13298.541015625,544.3667602539062,54,-2013.0849609375,3.2845626763401854,1.0,-0.4322085198607493,-5.206932639569994,18601,17.638836621687005,1.0402785637290284,6991.00048828125,0.3758400348519569,18614,16.707854303212635,0.9430623207538581,-10006.0,-0.5375523799290857
EMA 34_one_break_fixed_6_MAexit21,EMA,34,one_break,fixed_6,ma_close,,21,37101,37101,5189,31912,0,13.986145925985822,226912.0,174504.0,366078.96875,365301.3125,49467.99609375,37101.0,777.66162109375,1.002128807708568,0.0209606647015916,0.00209606647015916,43.729427337646484,-5.468287944793701,70.54904003661592,-11.447145666207069,11946.3115234375,460.6428527832031,52,1779.9947509765625,4.5226004689900545,1.0,0.09481147328308322,1.4206436172999255,18546,14.35889140515475,1.0505212583868258,9172.6640625,0.4945898879812358,18555,13.613581244947454,0.9543107684790316,-8395.00390625,-0.45243890629210454
EMA 34_one_break_fixed_6_MAexit34,EMA,34,one_break,fixed_6,ma_close,,34,37294,37293,4543,32750,1,12.181910814361945,234816.0,178962.0,380759.65625,374686.625,49723.99609375,37293.0,6072.990234375,1.0162082947316307,0.16284531237430616,0.016284531237430615,51.68743133544922,-5.464488506317139,83.8123830618534,-11.440812977099236,10257.85546875,460.89501953125,59,7075.68310546875,5.5017027324162715,1.0,0.6697900833752195,11.030141717775605,18646,12.3350852729808,1.058264837918521,10869.330078125,0.582930927712378,18647,12.028744570172146,0.9745060566646316,-4796.3408203125,-0.2572178270130584
EMA 34_one_break_fixed_8_RR2,EMA,34,one_break,fixed_8,fixed_RR,2,,37298,37298,13210,24088,0,35.417448656764435,211360.0,192704.0,241082.5,283034.0,37298.0,27973.5,-41951.5,0.8517792915338793,-1.1247654029706686,-0.11247654029706686,16.0,-8.0,18.25,-11.75,42344.0,3081.244384765625,19,-40951.5,1.5241567912488605,2.0,-15.139698691889592,0.0,18649,35.72309507212183,0.8632152917433603,-19265.75,-1.0330714783634511,18649,35.11180224140705,0.8404510265548654,-22685.75,-1.216459327577886
EMA 34_one_break_fixed_8_RR3,EMA,34,one_break,fixed_8,fixed_RR,3,,37106,37106,10095,27011,0,27.205842720853767,242280.0,216088.0,285183.75,317379.25,37106.0,27829.5,-32195.5,0.8985582705863726,-0.8676629116584919,-0.08676629116584919,24.0,-8.0,28.25,-11.75,32961.25,1897.05029296875,23,-31195.5,2.0264108230474855,2.0,-9.38931174988097,0.0,18546,27.493799201984253,0.9116753084212408,-13955.5,-0.7524803192062979,18560,26.91810344827586,0.8855543773568332,-18240.0,-0.9827586206896551
EMA 34_one_break_fixed_8_RR4,EMA,34,one_break,fixed_8,fixed_RR,4,,36747,36747,8111,28636,0,22.072550140147495,259552.0,229088.0,310245.75,336473.0,36747.0,27560.25,-26227.25,0.9220524380856711,-0.7137249299262525,-0.07137249299262524,32.0,-8.0,38.25,-11.75,27113.0,1467.55078125,30,-25227.25,2.5224099926524612,2.0,-6.59781777283249,0.0,18355,22.348134023426862,0.9368777905659279,-10571.25,-0.5759329882865705,18392,21.797520661157023,0.907361083785379,-15656.0,-0.8512396694214877
EMA 34_one_break_fixed_8_RR5,EMA,34,one_break,fixed_8,fixed_RR,5,,36263,36263,6718,29545,0,18.525770068665032,268720.0,236360.0,324143.5,347153.75,36263.0,27197.25,-23010.25,0.9337174090730692,-0.6345379588009817,-0.06345379588009817,40.0,-8.0,48.25,-11.75,24256.0,1103.7998046875,44,-22010.25,3.0247635330777927,2.0,-5.183700576272969,0.0,18102,18.771406474422715,0.9489587433148889,-8818.5,-0.48715611534637054,18161,18.280931666758438,0.9186167703902501,-14191.75,-0.781440999944937
EMA 34_one_break_fixed_8_RR6,EMA,34,one_break,fixed_8,fixed_RR,6,,35644,35644,5703,29941,0,15.999887779149367,273744.0,239528.0,332199.75,351806.75,35644.0,26733.0,-19607.0,0.9442676981041438,-0.5500785545954439,-0.05500785545954438,48.0,-8.0,58.25,-11.75,20603.25,1063.1192626953125,55,-18607.0,3.5329648748737514,2.0,-4.046890868846484,0.0,17770,16.162070906021384,0.955684469998829,-7757.5,-0.4365503657850309,17874,15.838648315989706,0.9329609728706785,-11849.5,-0.662946178807206
EMA 34_one_break_fixed_8_MAexit9,EMA,34,one_break,fixed_8,ma_close,,9,37204,37204,7662,29542,0,20.594559724760778,254264.0,206104.0,304421.5,309328.5,37204.0,27903.0,-4907.0,0.9841366055827381,-0.13189441995484358,-0.013189441995484358,33.1850700378418,-6.9766435623168945,39.73133646567476,-10.47080427865412,11803.0,376.46673583984375,35,-3907.0,3.688528115256424,2.0,-0.8716538520941366,-7.61683343642322,18596,20.92385459238546,1.018493768015915,2847.0,0.15309744030974404,18608,20.265477214101463,0.9500980630338562,-7754.0,-0.4167024935511608
EMA 34_one_break_fixed_8_MAexit21,EMA,34,one_break,fixed_8,ma_close,,21,37055,37055,6279,30776,0,16.94508163540683,269768.0,218408.0,326221.75,326868.0,37055.0,27791.25,-646.25,0.9980229022112902,-0.017440291458642558,-0.0017440291458642558,42.96352767944336,-7.096698760986328,51.95441153049849,-10.620873407850272,11612.5,359.4395446777344,44,353.75,5.208257994872487,2.0,-0.09624728560252313,-1.0607733525139191,18529,17.124507528738732,1.0278954347065432,4544.25,0.24525068811052944,18526,16.765626686818525,0.968343853871253,-5190.5,-0.28017380978084855
EMA 34_one_break_fixed_8_MAexit34,EMA,34,one_break,fixed_8,ma_close,,34,37294,37293,5512,31781,1,14.780253666908,279296.0,225528.0,339474.0,337526.75,37293.0,27969.75,1947.25,1.0057691723693012,0.05221489287533854,0.005221489287533854,50.670536041259766,-7.096315383911133,61.58817126269957,-10.620394260721815,10509.0,360.484375,47,2947.25,6.397018207170246,2.0,0.2635253085873242,3.18546752980212,18646,14.82891773034431,1.0377111956132783,6349.5,0.3405287997425721,18647,14.731592213224648,0.9739750524666726,-4402.25,-0.23608355231404515
EMA 34_one_break_fixed_10_RR2,EMA,34,one_break,fixed_10,fixed_RR,2,,35055,35055,12480,22575,0,35.60119811724433,249600.0,225750.0,232128.03125,257355.015625,28044.001953125,21032.99609375,-25227.017578125,0.9019759365725398,-0.7196410662708601,-0.07196410662708601,20.0,-10.0,18.60000250400641,-11.40000069213732,25630.384765625,1864.02734375,23,-24236.78515625,2.3040079874482955,3.0,-9.379905486499219,0.0,17550,35.7037037037037,0.9060151051761568,-12090.0078125,-0.6888893340455841,17505,35.49842902027992,0.8979392720050245,-13137.0087890625,-0.7504717960047129
EMA 34_one_break_fixed_10_RR3,EMA,34,one_break,fixed_10,fixed_RR,3,,33791,33791,9129,24662,0,27.016069367583086,273870.0,246620.0,261089.4375,281146.8125,27032.8046875,20274.599609375,-20057.41796875,0.9286587145639433,-0.5935727847281821,-0.05935727847281821,30.0,-10.0,28.600004107788365,-11.400000506852647,20609.435546875,1360.357666015625,34,-19065.833984375,3.0076647628066646,3.0,-6.143132008573542,0.0,16923,27.276487620398278,0.940967929501858,-8282.208984375,-0.4894054827379897,16868,26.754801991937395,0.9163972124453738,-11775.208984375,-0.698079735853391
EMA 34_one_break_fixed_10_RR4,EMA,34,one_break,fixed_10,fixed_RR,4,,32628,32628,7105,25523,0,21.775775407625353,284200.0,255230.0,274253.0,290962.1875,26102.404296875,19576.80078125,-16709.203125,0.9425726495818293,-0.5121123919639573,-0.05121123919639573,40.0,-10.0,38.6,-11.39999951024566,17460.501953125,1022.3975830078125,37,-15714.103515625,3.7249295083976954,3.0,-4.482631736631468,-96997471.6594174,16370,22.070861331704336,0.9589630221107519,-5968.00048828125,-0.36456936397564144,16258,21.478656661335958,0.9261938438539354,-10741.2021484375,-0.6606718014785029
EMA 34_one_break_fixed_10_RR5,EMA,34,one_break,fixed_10,fixed_RR,5,,31570,31570,5770,25800,0,18.2768451061134,288500.0,258000.0,280422.0,294120.0,25256.001953125,18942.0,-13698.0029296875,0.9534271725826193,-0.4338930291316915,-0.04338930291316915,50.0,-10.0,48.6,-11.4,14258.6015625,943.1533813476562,62,-12698.201171875,4.647006651884701,3.0,-3.324646903480193,-80838802.7567085,15806,18.429710236619005,0.9632032715290207,-5408.400390625,-0.34217388274231303,15764,18.123572697284953,0.9436617893610542,-8289.6015625,-0.5258564807472723
EMA 34_one_break_fixed_10_RR6,EMA,34,one_break,fixed_10,fixed_RR,6,,30554,30553,4809,25744,1,15.739861879357184,288540.0,257440.0,281807.40625,293481.59375,24442.40234375,18331.80078125,-11674.1982421875,0.960221738778124,-0.3820966269167512,-0.038209662691675125,60.0,-10.0,58.60000129964649,-11.399999757224984,12121.75,836.90576171875,62,-10673.349609375,5.4252610218309165,3.0,-2.6199350078134005,-70032565.71660727,15263,15.835681058769573,0.9671669347220286,-4808.19873046875,-0.31502317568425275,15290,15.644211903204708,0.953304334861681,-6866.0,-0.44905166775670374
EMA 34_one_break_fixed_10_MAexit9,EMA,34,one_break,fixed_10,ma_close,,9,36673,36673,8431,28242,0,22.98966542142721,280408.0,227842.0,268604.625,267380.8125,29338.40234375,22003.798828125,1223.7802734375,1.0045770393490745,0.033370061719453004,0.0033370061719453004,33.25916290283203,-8.067487716674805,31.85916557940932,-9.46748858083705,8725.419921875,275.96942138671875,34,2224.78564453125,4.041065634117743,2.0,0.2574529071657436,1.8398272091247503,18348,23.446697187704384,1.042943014119915,5712.7900390625,0.3113576432887781,18325,22.53206002728513,0.9665868175306322,-4489.009765625,-0.24496642650068212
EMA 34_one_break_fixed_10_MAexit21,EMA,34,one_break,fixed_10,ma_close,,21,36468,36468,6938,29530,0,19.024898541186793,298168.0,241950.0,288454.78125,283292.0,29174.404296875,21880.80078125,5162.78173828125,1.0182242394772885,0.14157019135354967,0.014157019135354967,42.97607421875,-8.19336223602295,41.57607109397521,-9.593362682018286,8436.53515625,222.545654296875,44,6158.22119140625,5.774103323461665,2.0,0.9122077828610318,8.193288373257191,18265,19.277306323569668,1.056625729905065,7990.99072265625,0.43750291391493296,18203,18.77163104982695,0.980107336680722,-2828.209228515625,-0.15537050093477037
EMA 34_one_break_fixed_10_MAexit34,EMA,34,one_break,fixed_10,ma_close,,34,37293,37292,6171,31121,1,16.547785047731416,313160.0,253632.0,304520.5625,297201.4375,29833.6015625,22375.1953125,7319.1806640625,1.0246268156088578,0.196266777433833,0.0196266777433833,50.74704360961914,-8.149867057800293,49.34703654188948,-9.54986785450339,6780.84814453125,223.8260498046875,47,8313.78125,7.087391397618792,2.0,1.1641117531623384,11.636606178362007,18646,16.6845436018449,1.0637392062998723,9433.5908203125,0.5059310747781025,18646,16.411026493617932,0.9858281202316798,-2114.40869140625,-0.11339744134968625
EMA 34_one_break_candle_RR2,EMA,34,one_break,candle,fixed_RR,2,,29733,29733,10498,19235,0,35.30757071267615,316852.0,293598.0,198829.421875,212475.515625,17860.61328125,13395.4609375,-13646.0791015625,0.9357756882723178,-0.4589539939314062,-0.04589539939314062,30.182130813598633,-15.263737678527832,18.939742986759384,-11.046296627242008,13821.9287109375,1176.5330810546875,25,-12647.126953125,4.369185753203511,3.0,-5.519989859382978,-197.97748388041987,14893,35.6274759954341,0.949122490859103,-5388.40087890625,-0.36180761961366076,14840,34.98652291105122,0.9225113892602915,-8257.677734375,-0.5564472866829515
EMA 34_one_break_candle_RR3,EMA,34,one_break,candle,fixed_RR,3,,27617,27617,7407,20210,0,26.820436687547527,329961.0,303567.0,214216.078125,223604.359375,16856.162109375,12642.123046875,-9388.287109375,0.958013872018232,-0.3399459430559076,-0.03399459430559076,44.547183990478516,-15.020633697509766,28.920761188740382,-11.064045491093518,9626.486328125,796.5564575195312,28,-8388.7509765625,6.185103378353912,4.0,-3.188322023975519,-140.3427880432888,13763,26.84734432899804,0.9593688090162847,-4526.6181640625,-0.32889763598506866,13854,26.793705788941825,0.9566684659587037,-4861.67041015625,-0.3509217850553089
EMA 34_one_break_candle_RR4,EMA,34,one_break,candle,fixed_RR,4,,25878,25877,5592,20285,1,21.609923870618697,328044.0,301245.0,217567.5,224701.46875,15979.404296875,11984.5546875,-7133.96240234375,0.96825134793428,-0.27568738270834137,-0.027568738270834135,58.663089752197266,-14.850628852844238,38.90692060085837,-11.077223009613014,7458.3740234375,563.245361328125,25,-6134.1953125,7.884028287668586,4.0,-2.155260228293989,-109.47799152840904,12930,21.863882443928848,0.9828060518855498,-1924.4302978515625,-0.1488345164618378,12947,21.356298756468682,0.9538066462954637,-5209.533203125,-0.40237377022669346
EMA 34_one_break_candle_RR5,EMA,34,one_break,candle,fixed_RR,5,,24329,24328,4407,19921,1,18.11492929957251,319505.0,294013.0,215474.96875,220806.40625,15126.5302734375,11344.8984375,-5331.431640625,0.975854697377015,-0.21914796286686122,-0.021914796286686123,72.49943542480469,-14.758947372436523,48.89379821874291,-11.084102517443904,7674.27490234375,349.45257568359375,30,-4331.4443359375,9.666926997698125,4.0,-1.4794873253394127,-84.2382561245153,12160,18.32236842105263,0.989581599097651,-1146.939453125,-0.0943206787109375,12168,17.907626561472714,0.9622061758687801,-4184.4921875,-0.3438931778024326
EMA 34_one_break_candle_RR6,EMA,34,one_break,candle,fixed_RR,6,,22964,22963,3604,19359,1,15.694813395462266,310968.0,284193.0,212217.171875,214693.15625,14357.693359375,10768.2705078125,-2475.969970703125,0.9884673344122957,-0.10782432481396703,-0.010782432481396704,86.28412628173828,-14.68014907836914,58.88378797863485,-11.09009536907898,5592.20703125,281.1363830566406,36,-1475.917724609375,11.369463920219484,4.0,-0.6418507871549542,-40.17937544413195,11512,16.03544127866574,1.0141183113882135,1513.42578125,0.1314650609146977,11451,15.352370971967513,0.9628885156888869,-3989.39599609375,-0.34838843734990393
EMA 34_one_break_candle_MAexit9,EMA,34,one_break,candle,ma_close,,9,36665,36665,9505,27160,0,25.923905632074185,315608.0,256740.0,213064.234375,203580.59375,20809.99609375,15607.4970703125,9483.64453125,1.0465842075136398,0.25865660797081685,0.025865660797081684,33.20441818237305,-9.452872276306152,22.416016241451867,-7.49560359904271,2876.613525390625,156.57369995117188,31,10482.447265625,4.419555434337925,2.0,2.3573537965154263,12.787901559986324,18337,26.3510934176801,1.0776286688074,7850.1123046875,0.42810232342736,18328,25.496508075076385,1.0159436927087762,1633.5325927734375,0.08912770584752497
EMA 34_one_break_candle_MAexit21,EMA,34,one_break,candle,ma_close,,21,36437,36437,7851,28586,0,21.54677937261575,336328.0,274921.0,227417.96875,216685.359375,20713.580078125,15535.185546875,10732.603515625,1.0495308469661115,0.29455233733910585,0.029455233733910586,42.83887481689453,-9.617330551147461,28.966751846898486,-7.580121716049814,3571.7724609375,153.72764587402344,44,11731.384765625,6.413480802480994,2.0,2.3292849600767407,14.988744595647704,18244,21.694803771102826,1.0814768426143389,8792.1474609375,0.4819199441425948,18193,21.398340020887154,1.0178390334237142,1940.45703125,0.10665954110097291
EMA 34_one_break_candle_MAexit34,EMA,34,one_break,candle,ma_close,,34,37292,37291,7072,30219,1,18.964361374058083,358584.0,291669.0,239851.3125,225746.328125,21071.68359375,15803.763671875,14104.986328125,1.0624815672181822,0.37824103210224985,0.03782410321022499,50.704750061035156,-9.651841163635254,33.91562676753394,-7.470344092292929,2750.0859375,140.50888061523438,42,15103.677734375,8.011718645249523,2.0,2.796568568673067,20.037312134798558,18646,19.028209803711253,1.0926668953642065,10421.0859375,0.5588912333744502,18645,18.90050951997855,1.032517748981396,3683.89892578125,0.197581063329646
EMA 34_two_confirm_fixed_6_RR2,EMA,34,two_confirm,fixed_6,fixed_RR,2,,25594,25594,7649,17945,0,29.885910760334454,91788.0,107670.0,135132.28125,221321.6875,34125.328125,25594.0,-86189.34375,0.610569541450835,-3.3675605122294288,-0.3367560512229429,12.0,-6.0,17.666659857497713,-12.333334494288103,86268.890625,8151.390625,26,-85192.890625,1.441705087129796,1.0,-39.23081727300605,-282458353.592089,12857,30.621451349459438,0.6322291301594949,-40459.671875,-3.1468983335925955,12737,29.14344037057392,0.5891619479334854,-45729.671875,-3.5903016310748215
EMA 34_two_confirm_fixed_6_RR3,EMA,34,two_confirm,fixed_6,fixed_RR,3,,25594,25594,7120,18474,0,27.819020082831912,128160.0,110844.0,196986.609375,227846.015625,34125.328125,25594.0,-30859.349609375,0.8645602550242094,-1.205725936132492,-0.1205725936132492,18.0,-6.0,27.66665862008427,-12.333334179116596,31196.693359375,2396.673095703125,26,-29867.361328125,1.743572712354458,1.0,-10.761564120472901,-202263533.07490346,12857,28.583650929454773,0.8978344593750892,-11569.6748046875,-0.8998735945156335,12737,27.04718536547068,0.8316799568504187,-19289.673828125,-1.5144597494013503
EMA 34_two_confirm_fixed_6_RR4,EMA,34,two_confirm,fixed_6,fixed_RR,4,,25594,25594,5794,19800,0,22.638118308978665,139056.0,118800.0,218240.65625,244200.015625,34125.328125,25594.0,-25959.32421875,0.8936963238574731,-1.0142738227221224,-0.10142738227221224,24.0,-6.0,37.66666486882983,-12.333334122474747,26280.53125,2050.49658203125,37,-24961.19921875,1.8602406814097054,1.0,-7.754800536764882,-170146977.39548203,12857,23.286925410282336,0.92708474225758,-8869.66015625,-0.689870121820798,12737,21.98319855538981,0.8605565475879334,-17089.66015625,-1.3417335444963492
EMA 34_two_confirm_fixed_6_RR5,EMA,34,two_confirm,fixed_6,fixed_RR,5,,25593,25593,4913,20680,0,19.196655335443285,147390.0,124080.0,234186.3125,255053.34375,34123.99609375,25593.0,-20866.990234375,0.9181856197484178,-0.815339750493299,-0.0815339750493299,30.0,-6.0,47.66666242621616,-12.33333383704062,21427.076171875,1414.6400146484375,41,-19864.744140625,2.221505880514203,1.0,-5.519764342172956,-136772606.7844584,12857,19.763552928365872,0.9519795062192035,-6109.6611328125,-0.4752011458981489,12736,18.62437185929648,0.8845483079525089,-14757.328125,-1.1587098088096734
EMA 34_two_confirm_fixed_6_RR6,EMA,34,two_confirm,fixed_6,fixed_RR,6,,25582,25582,4247,21335,0,16.601516691423658,152892.0,128010.0,244910.34375,263131.6875,34109.328125,25582.0,-18221.326171875,0.9307519975145525,-0.7122713693954734,-0.07122713693954734,36.0,-6.0,57.66666911937838,-12.333334309819545,18567.2734375,1437.837158203125,49,-17218.2734375,2.55750136814948,1.0,-4.373828663016319,-119457291.13640097,12849,16.9273873453187,0.9527444814122723,-6220.9951171875,-0.48416181159526034,12733,16.272677295217154,0.9087328075076622,-12000.3291015625,-0.942458894334603
EMA 34_two_confirm_fixed_6_MAexit9,EMA,34,two_confirm,fixed_6,ma_close,,9,25594,25594,4297,21297,0,16.789091193248417,157960.0,117870.0,253240.34375,246143.015625,34125.328125,25594.0,7097.328125,1.0288341641828782,0.2773043730952567,0.02773043730952567,36.76053237915039,-5.534582138061523,58.934220095415405,-11.557637959571771,5599.01123046875,237.8700714111328,43,8099.796875,3.463233570368055,1.0,1.1376465183895608,16.584915407178695,12857,17.297969977444193,1.0759565679011653,9307.0009765625,0.7238858969092712,12737,16.27541807332967,0.9821242285157101,-2209.66943359375,-0.17348429250166836
EMA 34_two_confirm_fixed_6_MAexit21,EMA,34,two_confirm,fixed_6,ma_close,,21,25593,25593,3402,22191,0,13.292697221896614,166872.0,126240.0,270182.0,262179.0,34123.99609375,25593.0,8002.9931640625,1.0305249466967226,0.3127024250405384,0.031270242504053844,49.0511474609375,-5.688792705535889,79.4185773074662,-11.814654589698526,6213.099609375,238.08348083496094,55,9005.5234375,4.880162544445747,1.0,1.1059653458084775,22.55839426568069,12857,13.455705063389592,1.075056197469123,9830.33203125,0.7645898756513961,12736,13.128140703517587,0.9860727715386491,-1827.337646484375,-0.1434781443533586
EMA 34_two_confirm_fixed_6_MAexit34,EMA,34,two_confirm,fixed_6,ma_close,,34,25593,25593,2983,22610,0,11.655530809205644,171800.0,130296.0,279373.0,269916.6875,34123.99609375,25593.0,9456.3232421875,1.0350341899479631,0.36948865870306336,0.03694886587030634,57.5930290222168,-5.762759685516357,93.65504525645323,-11.937933989385227,6669.98583984375,230.10482788085938,75,10459.6357421875,5.981674676669402,1.0,1.195797169972726,30.332177117148042,12856,11.823273179838207,1.071748931773175,9702.6640625,0.7547187354153703,12737,11.486221245191174,0.9981709773101881,-246.339599609375,-0.019340472608100415
EMA 34_two_confirm_fixed_8_RR2,EMA,34,two_confirm,fixed_8,fixed_RR,2,,25594,25594,8961,16633,0,35.01211221380011,143376.0,133064.0,163538.25,195437.75,25594.0,19195.5,-31899.5,0.8367792302152476,-1.2463663358599673,-0.12463663358599672,16.0,-8.0,18.25,-11.75,32006.5,2939.747314453125,20,-30899.5,1.5111744940220364,2.0,-13.933755555937289,0.0,12857,35.677063078478646,0.8614860171344774,-13459.75,-1.0468810764564052,12737,34.340896600455366,0.8123471929293418,-18439.75,-1.4477310198633901
EMA 34_two_confirm_fixed_8_RR3,EMA,34,two_confirm,fixed_8,fixed_RR,3,,25594,25594,6935,18659,0,27.096194420567322,166440.0,149272.0,195913.75,219243.25,25594.0,19195.5,-23329.5,0.8935907946994948,-0.9115222317730718,-0.09115222317730717,24.0,-8.0,28.25,-11.75,23446.5,2153.524658203125,25,-22329.5,2.007111041650387,2.0,-8.202516299554292,0.0,12857,27.72808586762075,0.9224246892774384,-8469.75,-0.6587656529516994,12737,26.458349689879878,0.8649877682856747,-14859.75,-1.166660124048049
EMA 34_two_confirm_fixed_8_RR4,EMA,34,two_confirm,fixed_8,fixed_RR,4,,25591,25591,5631,19960,0,22.003829471298502,180192.0,159680.0,215385.75,234530.0,25591.0,19193.25,-19144.25,0.918371850083145,-0.7480852643507483,-0.07480852643507482,32.0,-8.0,38.25,-11.75,19336.0,1676.28955078125,38,-18144.25,2.5025204173342193,2.0,-5.777487009479226,0.0,12855,22.50486192143135,0.9453561832837122,-6396.25,-0.49756903928432517,12736,21.498115577889447,0.8914846799147064,-12748.0,-1.0009422110552764
EMA 34_two_confirm_fixed_8_RR5,EMA,34,two_confirm,fixed_8,fixed_RR,5,,25525,25525,4725,20800,0,18.51126346718903,189000.0,166400.0,227981.25,244400.0,25525.0,19143.75,-16418.75,0.9328201718494271,-0.6432419196865817,-0.06432419196865817,40.0,-8.0,48.25,-11.75,16603.25,1481.4410400390625,41,-15418.75,3.01382957884427,2.0,-4.410005669125567,0.0,12822,18.81141787552644,0.9514501195658839,-5938.5,-0.46314927468413664,12703,18.20829725261749,0.9141543628284152,-10480.25,-0.8250216484295049
EMA 34_two_confirm_fixed_8_RR6,EMA,34,two_confirm,fixed_8,fixed_RR,6,,25329,25329,4044,21285,0,15.965888902049036,194112.0,170280.0,235563.0,250098.75,25329.0,18996.75,-14535.75,0.9418799574168204,-0.5738777685656757,-0.057387776856567575,48.0,-8.0,58.25,-11.75,14650.75,1313.968505859375,49,-13535.75,3.525208259307513,2.0,-3.562099168766785,0.0,12729,16.19137402781051,0.9577519565373477,-5295.75,-0.416038180532642,12600,15.738095238095237,0.9259317152940186,-9240.0,-0.7333333333333333
EMA 34_two_confirm_fixed_8_MAexit9,EMA,34,two_confirm,fixed_8,ma_close,,9,25594,25594,5108,20486,0,19.957802609986715,186560.0,147800.0,224261.0,220600.5,25594.0,19195.5,3660.5,1.016593344076736,0.14302180198484019,0.014302180198484019,36.523101806640625,-7.2146830558776855,43.903876272513706,-10.768353997852191,5546.25,389.62066650390625,34,4660.5,3.90372743611784,2.0,0.7118984658649482,7.690069588582474,12857,20.518005755619505,1.07429360570448,8150.25,0.6339153768375204,12737,19.392321582790295,0.9595143251974237,-4489.75,-0.35249666326450496
EMA 34_two_confirm_fixed_8_MAexit21,EMA,34,two_confirm,fixed_8,ma_close,,21,25593,25593,4110,21483,0,16.059078654319542,198768.0,160376.0,241267.5,238065.25,25593.0,19194.75,3202.25,1.0134511441716083,0.12512210370023052,0.012512210370023053,48.36204528808594,-7.465251445770264,58.70255474452555,-11.081564492854815,6666.75,299.1684875488281,41,4202.25,5.629664361348806,2.0,0.5367803778327042,8.014706123034676,12857,16.372404137823754,1.0682321675258601,8100.25,0.6300264447382748,12736,15.742776381909549,0.9589607810690055,-4898.0,-0.3845791457286432
EMA 34_two_confirm_fixed_8_MAexit34,EMA,34,two_confirm,fixed_8,ma_close,,34,25592,25592,3640,21952,0,14.22319474835886,206552.0,166600.0,251820.0,246666.0,25592.0,19194.0,5154.0,1.0208946510666246,0.20139105970615817,0.020139105970615818,56.74505615234375,-7.589285850524902,69.18131868131869,-11.236607142857142,7703.5,326.0740661621094,45,6154.0,7.011644263832448,2.0,0.789264968154297,14.59862368884858,12856,14.452395768512757,1.0700173787638798,8642.0,0.6722153080273802,12736,13.991834170854272,0.9716973859842015,-3488.0,-0.27386934673366836
EMA 34_two_confirm_fixed_10_RR2,EMA,34,two_confirm,fixed_10,fixed_RR,2,,25529,25529,9054,16475,0,35.465548983508945,181080.0,164750.0,168404.40625,187814.984375,20423.203125,15317.3984375,-19410.61328125,0.8966505351551506,-0.7603358251890008,-0.07603358251890008,20.0,-10.0,18.60000069030263,-11.399999051593323,19641.083984375,1628.8839111328125,20,-18416.68359375,2.2747463668768853,3.0,-8.464511830660616,-63693081.46240854,12819,35.985646306264144,0.9171915871748862,-7746.6064453125,-0.6043066109144629,12710,34.94099134539733,0.8762658994719431,-11664.0068359375,-0.9177031342201023
EMA 34_two_confirm_fixed_10_RR3,EMA,34,two_confirm,fixed_10,fixed_RR,3,,25436,25436,6890,18546,0,27.08759238874037,206700.0,185460.0,197054.015625,211424.421875,20348.802734375,15261.5986328125,-14370.4130859375,0.9320305283440898,-0.5649635589690792,-0.05649635589690792,30.0,-10.0,28.60000226777939,-11.400001179499622,14770.001953125,1125.0760498046875,25,-13373.453125,2.986122031766001,3.0,-5.068727668839787,-94481063.47226295,12771,27.601597369039226,0.9564592146734853,-4589.4072265625,-0.35936161824152374,12665,26.56928543229372,0.9077439024075719,-9781.0078125,-0.7722864439399921
EMA 34_two_confirm_fixed_10_RR4,EMA,34,two_confirm,fixed_10,fixed_RR,4,,25261,25261,5514,19747,0,21.828114484778908,220560.0,197470.0,212840.421875,225115.8125,20208.802734375,15156.5986328125,-12275.40234375,0.9454707757368221,-0.4859428503919085,-0.048594285039190846,40.0,-10.0,38.600003967174466,-11.400000633007545,12477.587890625,1115.4647216796875,40,-11277.212890625,3.721151181663434,3.0,-3.739443887677842,0.0,12674,22.16348429856399,0.9641333326015983,-4033.601806640625,-0.3182579932650012,12587,21.49042663065067,0.9268403235409054,-8241.8017578125,-0.6547868243276793
EMA 34_two_confirm_fixed_10_RR5,EMA,34,two_confirm,fixed_10,fixed_RR,5,,24885,24884,4558,20326,1,18.316990837485935,227900.0,203260.0,221518.8125,231716.40625,19907.201171875,14930.3994140625,-10197.603515625,0.9559910585744292,-0.40980563878898085,-0.040980563878898084,50.0,-10.0,48.60000274243089,-11.400000307487947,10676.806640625,738.7969360351562,42,-9197.4833984375,4.642179713872368,3.0,-2.785440159330854,0.0,12502,18.541033434650455,0.9703456022390642,-3442.8017578125,-0.27538007981223006,12382,18.09077693425941,0.941576941144418,-6754.802734375,-0.5455340602790341
EMA 34_two_confirm_fixed_10_RR6,EMA,34,two_confirm,fixed_10,fixed_RR,6,,24372,24371,3846,20525,1,15.781051249435803,230760.0,205250.0,225375.5625,233985.015625,19496.802734375,14622.5986328125,-8609.4033203125,0.9632051090878483,-0.3532642616352427,-0.03532642616352427,60.0,-10.0,58.59999024960999,-11.400000761266748,9661.0009765625,523.1897583007812,42,-7608.642578125,5.423166878667269,3.0,-2.1610533279399307,0.0,12230,16.116107931316435,0.9875845144006646,-1452.0006103515625,-0.1187244979845922,12141,15.443538423523599,0.9388423932794255,-7157.4013671875,-0.5895232161426159
EMA 34_two_confirm_fixed_10_MAexit9,EMA,34,two_confirm,fixed_10,ma_close,,9,25573,25573,5781,19792,0,22.605873382082663,207816.0,167572.0,199722.609375,195280.8125,20458.404296875,15343.7978515625,4441.787109375,1.0227456902607879,0.17369049815723614,0.017369049815723615,35.94810485839844,-8.466652870178223,34.54810748572911,-9.866653824777687,3858.156494140625,266.300048828125,34,5443.197265625,4.35322410354671,2.0,1.0297919142980483,8.75517555252625,12847,23.12602163929322,1.075275901007686,7318.193359375,0.569642201243481,12726,22.08077950652208,0.9706676743158136,-2876.406494140625,-0.22602596999376276
EMA 34_two_confirm_fixed_10_MAexit21,EMA,34,two_confirm,fixed_10,ma_close,,21,25542,25542,4713,20829,0,18.45196147521729,225400.0,185328.0,218801.8125,214488.609375,20433.60546875,15325.197265625,4313.1875,1.0201092409408978,0.16886647482577716,0.016886647482577715,47.825164794921875,-8.897594451904297,46.425167091024825,-10.297595149791157,4860.4423828125,170.2729034423828,40,5314.18994140625,6.466721478349386,3.0,0.849489693022926,9.962573166784995,12832,18.711034912718205,1.0743517168830266,7949.193359375,0.6194820261358323,12710,18.1904012588513,0.9662003891754213,-3636.00634765625,-0.2860744569359756
EMA 34_two_confirm_fixed_10_MAexit34,EMA,34,two_confirm,fixed_10,ma_close,,34,25591,25590,4205,21385,1,16.432200078155528,236856.0,194192.0,230968.984375,224131.03125,20472.00390625,15353.998046875,6837.9892578125,1.0305087300355693,0.2672133355925166,0.02672133355925166,56.32722854614258,-9.080757141113281,54.927225772889415,-10.480759001636661,5611.19775390625,193.4673614501953,43,7838.62646484375,8.130089878858929,3.0,1.2217147708761016,17.534759464568772,12856,16.607031736154322,1.0870369664611577,9759.5947265625,0.7591470695832685,12734,16.255693419192713,0.9739140412738605,-2921.6064453125,-0.2294335201282001
EMA 34_two_confirm_candle_RR2,EMA,34,two_confirm,candle,fixed_RR,2,,24749,24749,8785,15964,0,35.49638369227039,214240.0,198067.0,164446.078125,179733.0,17912.5234375,13434.390625,-15286.9189453125,0.914946493548764,-0.6176782474165623,-0.06176782474165623,24.38702392578125,-12.407103538513184,18.718961653386454,-11.258644450012529,15569.1484375,1305.27001953125,20,-14287.841796875,3.109418562366156,2.0,-6.771816291404152,-254.4831493188325,12407,36.221487869750945,0.9441786700657103,-4973.32861328125,-0.40084860266633754,12342,34.76746070328958,0.8862128745023091,-10313.58984375,-0.8356498009844434
EMA 34_two_confirm_candle_RR3,EMA,34,two_confirm,candle,fixed_RR,3,,24111,24111,6551,17560,0,27.170171291111938,239055.0,217537.0,188117.140625,197734.75,17455.7734375,13091.830078125,-9617.6064453125,0.9513610562887909,-0.398888741458774,-0.0398888741458774,36.49137496948242,-12.388212203979492,28.71579005113723,-11.260521070615034,9890.689453125,826.9137573242188,26,-8618.0537109375,4.4281863050060135,3.0,-3.482210981463619,-162.15503891941955,12089,27.860038051120856,0.9847416404476542,-1498.6151123046875,-0.12396518424226052,12022,26.47645982365663,0.9184173468812601,-8118.99169921875,-0.675344509999896
EMA 34_two_confirm_candle_RR4,EMA,34,two_confirm,candle,fixed_RR,4,,23383,23383,5097,18286,0,21.79788735406064,246872.0,226530.0,197302.53125,205909.8125,16929.87890625,12697.41015625,-8607.29296875,0.958198780594781,-0.36810045626095883,-0.03681004562609588,48.43476486206055,-12.388165473937988,38.70954115165784,-11.26051692551679,8811.1298828125,756.3146362304688,37,-7607.521484375,5.735363298122568,3.0,-2.7278173907700185,-147.33921657701245,11695,22.394185549380076,0.9918802496755011,-830.003662109375,-0.07097081334838606,11688,21.201232032854207,0.9249953701031778,-7777.29052734375,-0.6654081560013475
EMA 34_two_confirm_candle_RR5,EMA,34,two_confirm,candle,fixed_RR,5,,22613,22612,4111,18501,1,18.180612064390587,248660.0,229011.0,200235.5625,208345.296875,16371.283203125,12278.462890625,-8109.75,0.9610755102388245,-0.3586480629754113,-0.03586480629754113,60.48649978637695,-12.378303527832031,48.707264047676965,-11.261299220312415,8256.5263671875,720.1101684570312,47,-7109.9619140625,7.048425614717849,3.0,-2.3314302657122767,-141.24715780656936,11320,18.736749116607772,0.9970960442027338,-300.9180908203125,-0.026582870213808524,11292,17.623095997166136,0.9254316344930996,-7808.83203125,-0.6915366658917818
EMA 34_two_confirm_candle_RR6,EMA,34,two_confirm,candle,fixed_RR,6,,21766,21765,3414,18351,1,15.685733976567883,247260.0,227197.0,200416.578125,206658.6875,15755.48828125,11816.615234375,-6242.109375,0.9697950787817715,-0.286795744314266,-0.028679574431426602,72.42530822753906,-12.380633354187012,58.704328683362625,-11.261440112255462,7841.5205078125,391.86981201171875,54,-5242.2265625,8.332919825407764,3.0,-1.6627009959369223,-110.6982831818364,10878,16.344916344916342,1.0182961422231869,1875.5330810546875,0.17241524922363372,10887,15.027096537154405,0.9220573793143179,-8117.642578125,-0.7456271312689446
EMA 34_two_confirm_candle_MAexit9,EMA,34,two_confirm,candle,ma_close,,9,25514,25514,6130,19384,0,24.026024927490788,219560.0,177657.0,188595.6875,178191.484375,18466.7421875,13850.0556640625,10404.205078125,1.058387768425031,0.407784160779376,0.0407784160779376,35.817291259765625,-9.165136337280273,30.76601753670473,-9.192709676795294,2442.064453125,118.94933319091797,34,11403.388671875,4.572861958140629,2.0,2.421787157164303,18.153992594371562,12822,24.62954297301513,1.1224510468435729,10832.4462890625,0.8448328099409218,12692,23.416325244248345,0.995227329816629,-428.2427978515625,-0.033741159616416834
EMA 34_two_confirm_candle_MAexit21,EMA,34,two_confirm,candle,ma_close,,21,25450,25450,5099,20351,0,20.03536345776031,242864.0,199409.0,208546.765625,196878.875,18420.771484375,13815.578125,11667.90625,1.0592643097183485,0.45846389980353636,0.04584638998035363,47.629730224609375,-9.798486709594727,40.899542189645025,-9.674162203331532,3391.9482421875,105.01643371582031,39,12667.0576171875,6.920943025540275,3.0,2.3385512104643773,23.06290681737973,12790,20.414386239249414,1.1295678385672567,12685.88671875,0.9918597903635653,12660,19.652448657187993,0.9897142566649803,-1017.9808349609375,-0.08040922866990027
EMA 34_two_confirm_candle_MAexit34,EMA,34,two_confirm,candle,ma_close,,34,25592,25591,4560,21031,1,17.818764409362668,258160.0,210859.0,222668.875,207248.65625,18519.02734375,13889.2705078125,15420.208984375,1.0744044329599844,0.6025637522713063,0.060256375227130635,56.614036560058594,-10.026103973388672,48.83089364035088,-9.854436605487138,3481.3251953125,66.99043273925781,40,16419.41015625,8.741432534875543,3.0,2.7851169405486345,32.69635498556641,12856,18.178282514001246,1.1513768465190983,15645.29296875,1.216964294395613,12735,17.45583038869258,0.9978335333040772,-225.085205078125,-0.01767453514551433
EMA 55_one_break_fixed_6_RR2,EMA,55,one_break,fixed_6,fixed_RR,2,,29438,29438,8830,20608,0,29.995244242136014,105960.0,123648.0,155996.640625,254165.34375,39250.6640625,29438.0,-98168.6796875,0.6137604691630977,-3.3347605030063185,-0.3334760503006319,12.0,-6.0,17.666663717440542,-12.333333838800465,98262.796875,9238.119140625,31,-97181.46875,1.44948705754467,1.0,-41.62052760264243,-599955035.7903612,14719,30.144710917861268,0.6181385833237021,-48424.34375,-3.289920765677016,14719,29.845777566410764,0.6094009727928051,-49744.34375,-3.379600771112168
EMA 55_one_break_fixed_6_RR3,EMA,55,one_break,fixed_6,fixed_RR,3,,29417,29417,8235,21182,0,27.994017064962435,148230.0,127092.0,227834.9375,261244.671875,39222.6640625,29417.0,-33409.6875,0.8721132410655026,-1.135727215555631,-0.11357272155556311,18.0,-6.0,27.666659077109898,-12.333333579218204,33934.0390625,2282.049072265625,31,-32419.37109375,1.7542237481728253,1.0,-10.846667352020292,-204255198.21266222,14708,28.19553984226271,0.8808566233127177,-15518.6767578125,-1.055118082527366,14709,27.792507988306483,0.863419192165286,-17891.0078125,-1.2163306691481406
EMA 55_one_break_fixed_6_RR4,EMA,55,one_break,fixed_6,fixed_RR,4,,29356,29356,6636,22720,0,22.605259572148796,159264.0,136320.0,249955.984375,280213.34375,39141.33203125,29356.0,-30257.3203125,0.8920202765147582,-1.0307031037096335,-0.10307031037096334,24.0,-6.0,37.666664312085594,-12.33333379181338,30855.515625,1985.98095703125,44,-29264.18359375,1.8734841259027115,1.0,-8.44406346144581,-185174815.86723357,14680,22.765667574931882,0.9002157895077939,-13953.326171875,-0.9504990580296322,14676,22.444807849550287,0.8838563890887461,-16303.9921875,-1.1109288762264922
EMA 55_one_break_fixed_6_RR5,EMA,55,one_break,fixed_6,fixed_RR,5,,29245,29245,5580,23665,0,19.080184646948194,167400.0,141990.0,265980.0,291868.34375,38993.33203125,29245.0,-25888.3203125,0.9113012962715317,-0.8852220999316123,-0.08852220999316122,30.0,-6.0,47.666666666666664,-12.333333773505176,26576.9296875,1621.2039794921875,44,-24889.931640625,2.2353906650709523,1.0,-6.421079740754007,-158736924.9087228,14628,19.332786436970196,0.9262572344353216,-10731.994140625,-0.7336610705923571,14617,18.82739276185264,0.8964270765708818,-15156.326171875,-1.0368971862813847
EMA 55_one_break_fixed_6_RR6,EMA,55,one_break,fixed_6,fixed_RR,6,,29119,29119,4805,24314,0,16.501253477111163,172980.0,145884.0,277088.34375,299872.6875,38825.33203125,29119.0,-22784.32421875,0.9240199434635074,-0.7824555863439678,-0.07824555863439678,36.0,-6.0,57.666668834547345,-12.333334190178498,23396.58984375,1503.9599609375,44,-21783.2578125,2.570692674885813,1.0,-5.1386777576934195,-140006379.26972285,14561,16.805164480461507,0.944475748965905,-8295.6611328125,-0.5697178169639792,14558,16.197279846132712,0.9037084312794766,-14488.662109375,-0.9952371279966341
EMA 55_one_break_fixed_6_MAexit9,EMA,55,one_break,fixed_6,ma_close,,9,29375,29375,5066,24309,0,17.24595744680851,171528.0,131508.0,274059.3125,275901.0,39166.6640625,29375.0,-1841.6689453125,0.9933248248465936,-0.0626951130319149,-0.0062695113031914895,33.858665466308594,-5.409848213195801,54.09777191077773,-11.349747007281254,12573.83203125,519.5081176757812,44,-841.576171875,3.291812765957447,1.0,-0.29888267916196154,-3.6082741632685114,14688,17.59259259259259,1.0341858404938005,4701.33251953125,0.32007982839945875,14687,16.899298699530195,0.9527164768150364,-6543.0,-0.4454960168856812
EMA 55_one_break_fixed_6_MAexit21,EMA,55,one_break,fixed_6,ma_close,,21,29272,29272,4506,24766,0,15.393550150314294,177616.0,136668.0,285512.65625,285567.34375,39029.33203125,29272.0,-54.6728515625,0.9998084952597105,-0.0018677525130670948,-0.00018677525130670946,39.41766357421875,-5.518372058868408,63.36277324678207,-11.530620356537188,13300.685546875,680.3411865234375,63,945.2537231445312,4.4171904892047005,1.0,-0.007601673582679671,-0.11760762068715755,14642,15.858489277421118,1.0351137207537495,4998.6640625,0.34139216380958887,14630,14.928229665071772,0.9647139163315234,-5053.33740234375,-0.34540925511577236
EMA 55_one_break_fixed_6_MAexit34,EMA,55,one_break,fixed_6,ma_close,,34,29206,29205,3797,25408,1,13.001198424927237,183464.0,140292.0,296913.6875,293105.3125,38940.0,29205.0,3808.3212890625,1.0129931967712118,0.1303996332498716,0.01303996332498716,48.318145751953125,-5.5215678215026855,78.19691532789044,-11.535945863507557,14441.0087890625,870.6400756835938,63,4808.40771484375,5.475363807567198,1.0,0.4818327396281129,8.22649686842861,14616,13.327859879584016,1.051579644449718,7539.32861328125,0.5158270808211036,14589,12.673932414833095,0.974608002363263,-3731.004150390625,-0.2557409109870879
EMA 55_one_break_fixed_6_MAexit55,EMA,55,one_break,fixed_6,ma_close,,55,29436,29435,3122,26313,1,10.606420927467301,190920.0,145296.0,310915.3125,303557.0,39246.6640625,29435.0,7358.3232421875,1.024240299185985,0.24998550168804146,0.024998550168804146,61.153106689453125,-5.521833419799805,99.58850496476617,-11.536388857218865,13675.62109375,564.796875,74,8359.5390625,6.779072532699168,1.0,0.8117610509869112,15.83677691128758,14718,10.911808669656203,1.0902933916389448,13644.6650390625,0.9270733142453118,14717,10.301012434599443,0.9587624829469338,-6286.3359375,-0.4271479199225386
EMA 55_one_break_fixed_8_RR2,EMA,55,one_break,fixed_8,fixed_RR,2,,29438,29438,10438,19000,0,35.45757184591344,167008.0,152000.0,190493.5,223250.0,29438.0,22078.5,-32756.5,0.8532743561030235,-1.1127284462259663,-0.11127284462259664,16.0,-8.0,18.25,-11.75,33046.25,2598.997314453125,26,-31756.5,1.519226849650112,2.0,-13.302856817029886,0.0,14719,35.539099123581764,0.8563179469699688,-16018.25,-1.0882702629254706,14719,35.37604456824512,0.8502384446074835,-16738.25,-1.1371866295264623
EMA 55_one_break_fixed_8_RR3,EMA,55,one_break,fixed_8,fixed_RR,3,,29341,29341,7979,21362,0,27.194028833373096,191496.0,170896.0,225406.75,251003.5,29341.0,22005.75,-25596.75,0.8980223383339276,-0.8723884666507618,-0.08723884666507617,24.0,-8.0,28.25,-11.75,26066.5,1808.2899169921875,26,-24596.75,2.023755154902696,2.0,-8.39589771647962,0.0,14673,27.295031690860768,0.9026099131225618,-12207.75,-0.8319873236556942,14668,27.09299154622307,0.8934459171776578,-13389.0,-0.9128033815107718
EMA 55_one_break_fixed_8_RR4,EMA,55,one_break,fixed_8,fixed_RR,4,,29166,29166,6434,22732,0,22.059932798463965,205888.0,181856.0,246100.5,267101.0,29166.0,21874.5,-21000.5,0.9213761835410575,-0.7200336007680176,-0.07200336007680176,32.0,-8.0,38.25,-11.75,21518.25,1454.4271240234375,33,-20000.5,2.5186861413975175,2.0,-5.931147378260348,0.0,14592,22.423245614035086,0.940936771671303,-7856.0,-0.5383771929824561,14574,21.696171263894605,0.9019732867977717,-13144.5,-0.9019143680526965
EMA 55_one_break_fixed_8_RR5,EMA,55,one_break,fixed_8,fixed_RR,5,,28910,28910,5335,23575,0,18.45382220684884,213400.0,188600.0,257413.75,277006.25,28910.0,21682.5,-19592.5,0.9292705489497078,-0.6777066758906952,-0.06777066758906952,40.0,-8.0,48.25,-11.75,20242.5,1263.7740478515625,43,-18592.5,3.0291940505015567,2.0,-4.950733716243619,0.0,14448,18.77076411960133,0.9489187660444677,-7044.0,-0.48754152823920266,14462,18.137187111049645,0.909793272505405,-12548.5,-0.8676877333702115
EMA 55_one_break_fixed_8_RR6,EMA,55,one_break,fixed_8,fixed_RR,6,,28575,28575,4562,24013,0,15.965004374453192,218976.0,192104.0,265736.5,282152.75,28575.0,21431.25,-16416.25,0.9418178628420244,-0.5744969378827647,-0.05744969378827647,48.0,-8.0,58.25,-11.75,16924.25,1167.390869140625,46,-15416.25,3.5495713035870518,2.0,-3.7876355176285688,0.0,14288,16.139417693169094,0.9540871591074556,-6464.0,-0.45240761478163494,14287,15.790578847903689,0.9295985371124594,-9952.25,-0.6965948064674179
EMA 55_one_break_fixed_8_MAexit9,EMA,55,one_break,fixed_8,ma_close,,9,29365,29365,6035,23330,0,20.551677166695047,201320.0,163368.0,241088.75,245037.5,29365.0,22023.75,-3948.75,0.9838851196245473,-0.13447130938191726,-0.013447130938191726,33.358741760253906,-7.002486228942871,39.948425849212924,-10.503107586798114,10441.0,460.4123229980469,41,-2948.75,3.6970883705091095,2.0,-0.7911855921925399,-6.975077369024838,14686,20.849788914612553,1.0149735640274344,1829.5,0.12457442462208906,14679,20.253423257715102,0.9529671036298741,-5778.25,-0.3936405749710471
EMA 55_one_break_fixed_8_MAexit21,EMA,55,one_break,fixed_8,ma_close,,21,29229,29229,5370,23859,0,18.372164631017142,208592.0,171304.0,251342.5,255883.25,29229.0,21921.75,-4540.75,0.9822546024407616,-0.1553508501830374,-0.015535085018303741,38.84394836425781,-7.1798481941223145,46.804934823091244,-10.72481034410495,10905.5,609.6715698242188,44,-3540.75,5.056211296999555,1.0,-0.7775578722553962,-8.756002363629955,14626,18.754273212088062,1.00253961545761,324.5,0.022186517161219745,14603,17.98945422173526,0.9620222780778718,-4865.25,-0.3331678422242005
EMA 55_one_break_fixed_8_MAexit34,EMA,55,one_break,fixed_8,ma_close,,34,29139,29138,4565,24573,1,15.666826824078523,215800.0,176648.0,261761.25,263812.75,29138.0,21853.5,-2051.5,0.9922236510555309,-0.0704063422335095,-0.00704063422335095,47.272727966308594,-7.1887030601501465,57.34090909090909,-10.7358788100761,11208.0,706.4607543945312,52,-1051.5,6.342851259523646,2.0,-0.3202139963561446,-3.9812222082948105,14584,15.894130554031815,1.0183786783009223,2418.0,0.16579813494240264,14554,15.439054555448676,0.9662034560264958,-4469.5,-0.3070977050982548
EMA 55_one_break_fixed_8_MAexit55,EMA,55,one_break,fixed_8,ma_close,,55,29436,29435,3782,25653,1,12.848649566842193,226136.0,184464.0,276051.5,275472.75,29435.0,22076.25,578.75,1.0021009337584208,0.019661967046033634,0.0019661967046033634,59.792701721191406,-7.190737724304199,72.99087784241142,-10.738422406736055,11480.75,636.8464965820312,56,1578.75,7.933446577204009,2.0,0.078679320570773,1.1187101864904254,14718,13.079222720478326,1.0600804254861698,8243.5,0.560096480500068,14717,12.618060746075965,0.9445647850142842,-7664.75,-0.5208092681932459
EMA 55_one_break_fixed_10_RR2,EMA,55,one_break,fixed_10,fixed_RR,2,,27765,27765,9960,17805,0,35.872501350621285,199200.0,178050.0,185256.0,202977.015625,22212.00390625,16658.998046875,-17721.015625,0.9126944714876507,-0.6382501575724834,-0.06382501575724833,20.0,-10.0,18.6,-11.400000877562482,18025.63671875,1409.3538818359375,16,-16727.46484375,2.3033675490725734,3.0,-7.391209803064695,0.0,13905,35.94390507011867,0.9155306628134979,-8577.0078125,-0.6168290408126573,13860,35.8008658008658,0.9098555587269895,-9144.0078125,-0.6597408234126985
EMA 55_one_break_fixed_10_RR3,EMA,55,one_break,fixed_10,fixed_RR,3,,26839,26839,7294,19545,0,27.17686948097917,218820.0,195450.0,208608.4375,222813.0,21471.205078125,16103.3974609375,-14204.6142578125,0.9362489509139952,-0.5292527388431946,-0.05292527388431946,30.0,-10.0,28.600005141211955,-11.4,14653.3505859375,1066.318359375,24,-13207.197265625,3.0241439695964827,3.0,-4.872500507289634,-90917234.32564716,13462,27.492200267419403,0.951231077792563,-5426.80712890625,-0.4031204225899755,13377,26.85953502280033,0.9213019095156665,-8777.80859375,-0.656186633307169
EMA 55_one_break_fixed_10_RR4,EMA,55,one_break,fixed_10,fixed_RR,4,,26067,26067,5705,20362,0,21.885909387347986,228200.0,203620.0,220213.03125,232126.8125,20853.603515625,15640.1982421875,-11913.802734375,0.9486755488446644,-0.4570454112239613,-0.04570454112239613,40.0,-10.0,38.60000547765118,-11.400000613888617,12272.5107421875,932.5615234375,31,-10916.1162109375,3.754900832470173,3.0,-3.569339509293354,0.0,13072,22.261321909424726,0.9696081004602521,-3520.8017578125,-0.2693391797592182,12995,21.508272412466333,0.927820844620743,-8393.0009765625,-0.6458638689159292
EMA 55_one_break_fixed_10_RR5,EMA,55,one_break,fixed_10,fixed_RR,5,,25366,25366,4664,20702,0,18.386816999132698,233200.0,207020.0,226670.421875,236002.8125,20292.8046875,15219.59765625,-9332.40234375,0.9604564431832777,-0.3679098929176851,-0.03679098929176851,50.0,-10.0,48.6000046901801,-11.400000603806395,9630.5703125,797.8931274414062,36,-8331.18359375,4.700819995269258,3.0,-2.5210576678311836,0.0,12723,18.627682150436218,0.9759184722307355,-2842.20166015625,-0.22339084022292305,12643,18.144427746579133,0.9449883062753298,-6490.2021484375,-0.5133435219835086
EMA 55_one_break_fixed_10_RR6,EMA,55,one_break,fixed_10,fixed_RR,6,,24738,24737,3921,20816,1,15.850749888830498,235260.0,208160.0,229770.5625,237302.40625,19789.6015625,14842.19921875,-7531.802734375,0.9682605673114619,-0.3044751883565105,-0.030447518835651048,60.0,-10.0,58.59999043611324,-11.400000300249808,8684.9453125,689.1719360351562,47,-6530.04052734375,5.459675789303472,3.0,-1.873170665435261,0.0,12390,16.109765940274414,0.9871212523303174,-1526.0003662109375,-0.12316387136488599,12347,15.590831780999434,0.94945055436417,-6005.80078125,-0.4864178165748765
EMA 55_one_break_fixed_10_MAexit9,EMA,55,one_break,fixed_10,ma_close,,9,28816,28816,6648,22168,0,23.070516379789005,222688.0,180094.0,213380.828125,211129.21875,23052.8046875,17289.599609375,2251.586669921875,1.010664603356801,0.07813668343704452,0.007813668343704453,33.49699020385742,-8.124053001403809,32.09699580700963,-9.524053534373872,5477.1552734375,283.9377136230469,41,3253.451904296875,4.084987506940589,2.0,0.5320135400569395,3.837462769864593,14438,23.396592325806896,1.0427812264909537,4514.79443359375,0.3127022048478841,14378,22.74307970510502,0.9785675861615367,-2263.205322265625,-0.157407519979526
EMA 55_one_break_fixed_10_MAexit21,EMA,55,one_break,fixed_10,ma_close,,21,28355,28355,5913,22442,0,20.853464997354966,229712.0,188482.0,221433.8125,219900.8125,22684.005859375,17013.0,1532.98974609375,1.006971324855837,0.05406417725599542,0.0054064177255995416,38.84864044189453,-8.398627281188965,37.44864070691696,-9.798628130291418,5590.74169921875,339.839111328125,39,2534.064208984375,5.687603597249162,2.0,0.3108897731013811,2.8299657622729866,14225,21.18804920913884,1.0297959413603852,3280.994384765625,0.2306498688763181,14130,20.516631280962493,0.9840780294967484,-1748.005859375,-0.12370883647381457
EMA 55_one_break_fixed_10_MAexit34,EMA,55,one_break,fixed_10,ma_close,,34,28359,28358,5046,23312,1,17.793920586783273,238424.0,194842.0,231359.59375,227478.8125,22686.40625,17014.798828125,3880.79052734375,1.0170599679475643,0.13684993749008217,0.013684993749008218,47.250099182128906,-8.358013153076172,45.850097849782,-9.758013576698696,5126.732421875,393.6976013183594,39,4882.40185546875,7.1306862261090345,2.0,0.7159602056920246,7.230349267558706,14216,18.01491277433877,1.0443880879244285,5039.5947265625,0.3545015986608399,14142,17.57177202658747,0.9898300334039388,-1158.805908203125,-0.08194073739238615
EMA 55_one_break_fixed_10_MAexit55,EMA,55,one_break,fixed_10,ma_close,,55,29436,29435,4278,25157,1,14.53371836249363,257688.0,207972.0,251698.78125,243191.8125,23548.00390625,17661.0,8506.9921875,1.0349804899373412,0.2890094169356209,0.02890094169356209,60.23562240600586,-8.266963005065918,58.83561974053296,-9.666963966291688,4875.86767578125,300.2009582519531,56,9507.7568359375,8.924036011550875,2.0,1.3464491767376217,15.842314261145466,14718,14.7778230737872,1.0989796828104508,12012.794921875,0.8161975079409567,14717,14.289597064619148,0.9712226326592097,-3505.80419921875,-0.23821459531281852
EMA 55_one_break_candle_RR2,EMA,55,one_break,candle,fixed_RR,2,,23805,23805,8426,15379,0,35.3959252257929,251352.0,234033.0,159465.8125,169924.125,14393.3203125,10794.990234375,-10458.314453125,0.9384530448516359,-0.4393326802404957,-0.04393326802404957,29.830524444580078,-15.21769905090332,18.92544653453596,-11.049101046882113,10824.22265625,861.9348754882812,18,-9458.880859375,4.328124343625289,3.0,-4.727125979920017,-169.83454629918847,11933,35.783122433587536,0.9543697563956475,-3864.2666015625,-0.32383026913286683,11872,35.006738544474395,0.9226393384083613,-6594.0478515625,-0.5554285589254128
EMA 55_one_break_candle_RR3,EMA,55,one_break,candle,fixed_RR,3,,22469,22469,6098,16371,0,27.13961458008812,269559.0,245212.0,176294.1875,181176.515625,13778.466796875,10333.849609375,-4882.3193359375,0.9730520917230494,-0.21729134967900218,-0.02172913496790022,44.20449447631836,-14.978437423706055,28.910165218104297,-11.066918063954553,5736.2041015625,329.1632080078125,26,-3882.3564453125,6.088521963594285,4.0,-1.8317360879468911,-80.99902280898084,11216,27.434022824536374,0.98732021625986,-1142.495361328125,-0.10186299583881285,11253,26.84617435350573,0.9589363178676603,-3739.82421875,-0.33234019539233983
EMA 55_one_break_candle_RR4,EMA,55,one_break,candle,fixed_RR,4,,21263,21262,4638,16624,1,21.813564104976013,270000.0,246526.0,180394.46875,184162.1875,13170.130859375,9877.59765625,-3767.732177734375,0.9795413010610552,-0.17720497496634255,-0.017720497496634256,58.21474838256836,-14.829524040222168,38.89488330099181,-11.078091163378248,5207.0380859375,309.4060363769531,26,-2767.695068359375,7.843194431379927,4.0,-1.251784403040366,-63.997547227719664,10591,22.19809272023416,1.001386865728795,126.635986328125,0.011956943284687471,10671,21.43191828319745,0.958054031820766,-3894.366943359375,-0.36494864055471604
EMA 55_one_break_candle_RR5,EMA,55,one_break,candle,fixed_RR,5,,20212,20211,3694,16517,1,18.277175795358964,267260.0,243088.0,180595.3125,183122.25,12603.958984375,9452.9697265625,-2526.931884765625,0.9862008166675541,-0.1250275535483462,-0.012502755354834619,72.3497543334961,-14.717442512512207,48.88882309149973,-11.08689531997336,4691.974609375,357.7119445800781,44,-1526.87890625,9.627430607095146,4.0,-0.7667096210333246,-43.857924192376885,10100,18.643564356435643,1.0101894062272174,928.5636596679688,0.09193699600672958,10111,17.911185837207004,0.962436973369728,-3455.495849609375,-0.3417560923360078
EMA 55_one_break_candle_RR6,EMA,55,one_break,candle,fixed_RR,6,,19296,19295,3052,16243,1,15.817569318476291,264000.0,237718.0,179714.03125,180185.4375,12092.2275390625,9069.1708984375,-471.40283203125,0.9973837716491378,-0.024431346568087587,-0.002443134656808759,86.50065612792969,-14.635104179382324,58.88402072411533,-11.09311318721911,3982.079833984375,310.74151611328125,44,528.6739501953125,11.27872505830526,4.0,-0.1328855058565482,-8.358205903318254,9683,16.29660229267789,1.0332728698478957,2992.38037109375,0.3090344284925901,9612,15.334997919267582,0.9616204146343892,-3463.783203125,-0.3603602999505826
EMA 55_one_break_candle_MAexit9,EMA,55,one_break,candle,ma_close,,9,28769,28769,7496,21273,0,26.05582397719768,250512.0,203706.0,171138.8125,162456.78125,16497.189453125,12372.892578125,8682.021484375,1.0534420981580292,0.30178391617279016,0.030178391617279015,33.4194221496582,-9.575799942016602,22.83068469850587,-7.636759331076952,2511.9111328125,139.1268768310547,41,9681.2275390625,4.467829955855261,2.0,2.3621207119635215,13.21961312882453,14422,26.362501733462768,1.0845547950758214,6885.33349609375,0.47741876966396823,14347,25.747543040356867,1.0221741197161032,1796.687744140625,0.12523090152231303
EMA 55_one_break_candle_MAexit21,EMA,55,one_break,candle,ma_close,,21,28147,28147,6732,21415,0,23.91729136320034,261160.0,215359.0,179077.0,171168.515625,16236.8154296875,12177.611328125,7908.4873046875,1.0462029149819005,0.2809708780576083,0.02809708780576083,38.793819427490234,-10.056455612182617,26.600861556743908,-7.992926249124445,3113.845703125,92.5470962524414,33,8907.806640625,6.370234838526308,2.0,1.8927900238134072,12.614253245563038,14132,24.235776960090575,1.0584883497092294,5022.75927734375,0.3554174410800842,14015,23.596146985372815,1.033833431174116,2885.7275390625,0.2059027855199786
EMA 55_one_break_candle_MAexit34,EMA,55,one_break,candle,ma_close,,34,28241,28240,5746,22494,1,20.34702549575071,272280.0,223772.0,186287.78125,177000.5,16276.37890625,12207.28515625,9287.287109375,1.0524703673153466,0.32886994013367565,0.03288699401336757,47.386009216308594,-9.948075294494629,32.42042834145492,-7.868787232150796,3002.75048828125,121.0257568359375,48,10286.48046875,8.03101983002833,2.0,2.05567604492435,14.976315519670603,14170,20.515172900494,1.0696333265010065,6162.818359375,0.43492013827628795,14070,20.17768301350391,1.0353060874071347,3124.468994140625,0.22206602659137348
EMA 55_one_break_candle_MAexit55,EMA,55,one_break,candle,ma_close,,55,29436,29435,4910,24525,1,16.680822150501104,298160.0,241874.0,199120.78125,187453.21875,16775.857421875,12581.892578125,11667.5615234375,1.062242529511113,0.39638394847757774,0.039638394847757774,60.72505187988281,-9.862344741821289,40.554130600814666,-7.64335244648318,2583.998046875,128.50796508789062,49,12666.564453125,10.164599966026838,2.0,2.2900622315188417,19.11574053796771,14718,16.965620328849027,1.1098065468627498,10296.412109375,0.6995795698719255,14717,16.396004620506897,1.0146357157295793,1371.1494140625,0.09316772535588096
EMA 55_two_confirm_fixed_6_RR2,EMA,55,two_confirm,fixed_6,fixed_RR,2,,20079,20079,6001,14078,0,29.88694656108372,72012.0,84468.0,106017.640625,173628.671875,26771.998046875,20079.0,-67611.015625,0.6105998478253924,-3.3672501431844215,-0.33672501431844215,12.0,-6.0,17.66666232711215,-12.333333703295922,67696.984375,6275.98779296875,35,-66600.65625,1.4480800836695054,1.0,-34.7444167132625,-500318245.6387282,9990,30.57057057057057,0.6307161738403628,-31590.0078125,-3.1621629441941943,10089,29.210030726533848,0.5910637111649596,-36021.0078125,-3.5703248897313906
EMA 55_two_confirm_fixed_6_RR3,EMA,55,two_confirm,fixed_6,fixed_RR,3,,20079,20079,5600,14479,0,27.889835151152948,100800.0,86874.0,154933.296875,178574.3125,26771.998046875,20079.0,-23641.01171875,0.8676124505589234,-1.177399856504308,-0.1177399856504308,18.0,-6.0,27.66666015625,-12.33333189446785,24079.33203125,1719.9530029296875,35,-22642.671875,1.7473479754967878,1.0,-9.300661836540016,-174942342.72426432,9990,28.51851851851852,0.8949725092781519,-9250.005859375,-0.92592651244995,10089,27.267320844484093,0.8409868394644282,-14391.005859375,-1.4264055763083556
EMA 55_two_confirm_fixed_6_RR4,EMA,55,two_confirm,fixed_6,fixed_RR,4,,20079,20079,4546,15533,0,22.64056974948952,109104.0,93198.0,171232.671875,191573.65625,26771.998046875,20079.0,-20340.990234375,0.893821599622991,-1.0130479722284476,-0.10130479722284476,24.0,-6.0,37.66666781236252,-12.333332662718083,20872.267578125,1419.8824462890625,39,-19338.60546875,1.8641864634692962,1.0,-6.860104240035181,0.0,9990,23.503503503503502,0.9383563063186278,-5809.9951171875,-0.5815810928115616,10089,21.786103677272276,0.8506921828222551,-14530.99609375,-1.440281107518089
EMA 55_two_confirm_fixed_6_RR5,EMA,55,two_confirm,fixed_6,fixed_RR,5,,20079,20079,3802,16277,0,18.935205936550624,114060.0,97662.0,181228.6875,200749.65625,26771.998046875,20079.0,-19520.9921875,0.9027596404663831,-0.9722093823148563,-0.09722093823148563,30.0,-6.0,47.666672146238824,-12.333332693371014,20172.1640625,1293.0875244140625,39,-18518.501953125,2.2295931072264557,1.0,-5.86041580548515,0.0,9990,19.70970970970971,0.9487495502462234,-5069.99609375,-0.5075071164914915,10089,18.16830211121023,0.8580787880680442,-14450.99609375,-1.43235167942809
EMA 55_two_confirm_fixed_6_RR6,EMA,55,two_confirm,fixed_6,fixed_RR,6,,20077,20077,3252,16825,0,16.197639089505405,117072.0,100950.0,187532.015625,207508.328125,26769.33203125,20077.0,-19976.328125,0.9037324782070117,-0.9949857112616427,-0.09949857112616427,36.0,-6.0,57.66667147140221,-12.333333023774145,20437.611328125,1525.19482421875,52,-18973.94921875,2.564875230363102,1.0,-5.466560818742358,0.0,9989,16.828511362498748,0.9460534744908377,-5527.6640625,-0.5533751188807688,10088,15.572957969865186,0.8624500799672515,-14448.666015625,-1.4322626898914552
EMA 55_two_confirm_fixed_6_MAexit9,EMA,55,two_confirm,fixed_6,ma_close,,9,20079,20079,3302,16777,0,16.445042083769113,124264.0,92796.0,199402.0,193806.328125,26771.998046875,20079.0,5595.6630859375,1.0288724931179283,0.2786823589789083,0.02786823589789083,37.63294982910156,-5.531143665313721,60.38824954572986,-11.551906069321094,6618.0341796875,305.54168701171875,39,6594.97314453125,3.4759699188206583,1.0,1.0100246782476328,14.713109694659375,9990,17.30730730730731,1.0849089749932956,8103.3330078125,0.8111444452264764,10089,15.591237981960552,0.9745079318133915,-2507.66943359375,-0.2485548055896273
EMA 55_two_confirm_fixed_6_MAexit21,EMA,55,two_confirm,fixed_6,ma_close,,21,20079,20079,2639,17440,0,13.143084814980826,131232.0,98754.0,212562.328125,205283.34375,26771.998046875,20079.0,7278.9951171875,1.0354582317397585,0.3625178105078689,0.03625178105078689,49.727928161621094,-5.662499904632568,80.54654343501326,-11.770833930619267,4732.91650390625,235.2027587890625,57,8279.896484375,4.840231087205538,1.0,1.1245704035421633,22.29516489810674,9990,13.673673673673672,1.0844021231765586,8536.6640625,0.8545209271771772,10089,12.617702448210924,0.9879233362685658,-1257.67041015625,-0.1246575884781693
EMA 55_two_confirm_fixed_6_MAexit34,EMA,55,two_confirm,fixed_6,ma_close,,34,20076,20076,2301,17775,0,11.461446503287508,134976.0,102168.0,219591.0,211755.0,26767.998046875,20076.0,7835.98974609375,1.0370050293971806,0.39031628542009117,0.03903162854200912,58.65971374511719,-5.747848033905029,95.4328552803129,-11.913080168776371,7384.0361328125,416.3930358886719,59,8836.1162109375,5.9506375772066145,1.0,1.1120091289571101,27.562766138785513,9988,11.894273127753303,1.0589785778359968,6174.662109375,0.6182080606102323,10088,11.032910388580492,1.0155174872193262,1661.327880859375,0.16468357264664701
EMA 55_two_confirm_fixed_6_MAexit55,EMA,55,two_confirm,fixed_6,ma_close,,55,20079,20079,2012,18067,0,10.020419343592808,141312.0,105216.0,230825.328125,217516.34375,26771.998046875,20079.0,13308.986328125,1.0611861350073837,0.6628311334292046,0.06628311334292046,70.2345962524414,-5.8236565589904785,114.72431815357852,-12.0394278933968,7570.8427734375,279.5564270019531,65,14310.109375,7.3522087753374175,1.0,1.6355377055746134,55.60930152708725,9990,10.49049049049049,1.1264942909681368,13599.994140625,1.3613607748373373,10089,9.554960848448806,0.9973545146401894,-291.0068359375,-0.028843972240806818
EMA 55_two_confirm_fixed_8_RR2,EMA,55,two_confirm,fixed_8,fixed_RR,2,,20079,20079,7085,12994,0,35.28562179391404,113360.0,103952.0,129301.25,152679.5,20079.0,15059.25,-23378.25,0.8468802295003586,-1.1643134618257882,-0.11643134618257882,16.0,-8.0,18.25,-11.75,23649.75,1908.7772216796875,21,-22378.25,1.5188007370885004,2.0,-11.50854515037104,0.0,9990,35.93593593593594,0.8712433510638298,-9682.5,-0.9692192192192193,10089,34.64168896818317,0.8232338876735137,-13695.75,-1.357493309545049
EMA 55_two_confirm_fixed_8_RR3,EMA,55,two_confirm,fixed_8,fixed_RR,3,,20079,20079,5480,14599,0,27.292195826485383,131520.0,116792.0,154810.0,171538.25,20079.0,15059.25,-16728.25,0.9024809335527207,-0.8331216694058469,-0.08331216694058469,24.0,-8.0,28.25,-11.75,17113.25,1297.441162109375,27,-15728.25,2.0161362617660243,2.0,-6.625363408219008,0.0,9990,28.138138138138135,0.9414071182793787,-4942.5,-0.4947447447447447,10089,26.454554465259193,0.8648190629121982,-11785.75,-1.1681782138963228
EMA 55_two_confirm_fixed_8_RR4,EMA,55,two_confirm,fixed_8,fixed_RR,4,,20079,20079,4415,15664,0,21.988146820060763,141280.0,125312.0,168873.75,184052.0,20079.0,15059.25,-15178.25,0.9175328168126399,-0.75592658996962,-0.075592658996962,32.0,-8.0,38.25,-11.75,15624.25,1165.98876953125,43,-14178.25,2.5211912943871706,2.0,-5.17256637791298,0.0,9990,22.682682682682685,0.9550172438489594,-4082.5,-0.40865865865865864,10089,21.300426206759838,0.881068117262447,-11095.75,-1.0997868966200812
EMA 55_two_confirm_fixed_8_RR5,EMA,55,two_confirm,fixed_8,fixed_RR,5,,20074,20074,3683,16391,0,18.34711567201355,147320.0,131128.0,177704.75,192594.25,20074.0,15055.5,-14889.5,0.9226897999291256,-0.74173059679187,-0.074173059679187,40.0,-8.0,48.25,-11.75,15380.75,1143.337646484375,43,-13889.5,3.028295307362758,2.0,-4.525246289049153,0.0,9989,18.79066973671038,0.9501578958412019,-4750.75,-0.47559815797377114,10085,17.90778383738225,0.895775777216387,-10138.75,-1.0053296975706494
EMA 55_two_confirm_fixed_8_RR6,EMA,55,two_confirm,fixed_8,fixed_RR,6,,20025,20025,3173,16852,0,15.845193508114857,152304.0,134816.0,184827.25,198011.0,20025.0,15018.75,-13183.75,0.9334191029791274,-0.6583645443196005,-0.06583645443196004,48.0,-8.0,58.25,-11.75,13692.5,963.0736083984375,48,-12183.75,3.5208489388264668,2.0,-3.6447387998171816,0.0,9963,16.37057111311854,0.970426757642925,-2895.25,-0.29060022081702297,10062,15.324985092426951,0.8972280491459395,-10288.5,-1.022510435301133
EMA 55_two_confirm_fixed_8_MAexit9,EMA,55,two_confirm,fixed_8,ma_close,,9,20079,20079,3968,16111,0,19.76194033567409,147368.0,116000.0,177266.0,173194.25,20079.0,15059.25,4071.75,1.0235097296821343,0.2027864933512625,0.02027864933512625,37.13911437988281,-7.200049877166748,44.673891129032256,-10.750062069393582,6026.5,336.67596435546875,33,5071.75,3.9313212809402858,2.0,0.8891146774049401,9.57857227866057,9990,20.6006006006006,1.0877774000304803,7487.5,0.7494994994994995,10089,18.931509564872634,0.9611375162484036,-3415.75,-0.33856179998017644
EMA 55_two_confirm_fixed_8_MAexit21,EMA,55,two_confirm,fixed_8,ma_close,,21,20079,20079,3244,16835,0,16.156183076846457,157656.0,125056.0,191393.0,185781.25,20079.0,15059.25,5611.75,1.0302062237174097,0.2794835400169331,0.02794835400169331,48.59925842285156,-7.428333759307861,58.99907521578299,-11.035417285417285,4229.5,216.730712890625,48,6611.75,5.629563225260222,2.0,1.0508341780007289,15.374474938842237,9990,16.776776776776778,1.0868535225600315,7937.5,0.7945445445445446,10089,15.541679056398058,0.9753606644648499,-2325.75,-0.23052334225393994
EMA 55_two_confirm_fixed_8_MAexit34,EMA,55,two_confirm,fixed_8,ma_close,,34,20076,20076,2837,17239,0,14.13130105598725,163048.0,130416.0,198845.25,193188.25,20076.0,15057.0,5657.0,1.029282319188667,0.2817792388922096,0.02817792388922096,57.47197723388672,-7.56517219543457,70.08997180119844,-11.20646499216892,6509.0,377.0600891113281,48,6657.0,7.020820880653517,2.0,0.9744122517425197,17.61040668705266,9988,14.597517020424508,1.0683345995651148,6521.0,0.6528834601521826,10088,13.669706582077715,0.9911620972629609,-864.0,-0.08564631245043616
EMA 55_two_confirm_fixed_8_MAexit55,EMA,55,two_confirm,fixed_8,ma_close,,55,20078,20078,2505,17573,0,12.476342265165853,172576.0,135200.0,211336.25,199752.75,20078.0,15058.5,11583.5,1.0579891891350681,0.5769249925291363,0.05769249925291363,68.89261627197266,-7.693620681762695,84.36576846307385,-11.36702611961532,5056.25,196.74124145507812,63,12583.5,8.81317860344656,2.0,1.7245241010568169,42.59656587466338,9990,13.013013013013014,1.139261022615038,13747.5,1.3761261261261262,10088,11.944885011895321,0.9785817326131226,-2164.0,-0.21451229183187945
EMA 55_two_confirm_fixed_10_RR2,EMA,55,two_confirm,fixed_10,fixed_RR,2,,20048,20048,7150,12898,0,35.66440542697526,143000.0,128980.0,132990.0,147037.203125,16038.40234375,12028.798828125,-14047.208984375,0.9044649733097948,-0.7006788200506285,-0.07006788200506285,20.0,-10.0,18.6,-11.400000242285625,14414.98828125,1147.5069580078125,19,-13050.2080078125,2.2856644054269752,3.0,-6.903830457902239,0.0,9975,36.17042606516291,0.9245701573805966,-5475.00439453125,-0.548872621005639,10073,35.163307852675466,0.8848649679812333,-8572.205078125,-0.8510081483296933
EMA 55_two_confirm_fixed_10_RR3,EMA,55,two_confirm,fixed_10,fixed_RR,3,,20007,20007,5417,14590,0,27.075523566751635,162510.0,145900.0,154926.21875,166325.96875,16005.6015625,12004.19921875,-11399.810546875,0.9314613942388356,-0.5697911004585895,-0.05697911004585895,30.0,-10.0,28.600003461325457,-11.399997858122001,11921.31640625,856.4161376953125,27,-10400.55859375,3.0022991952816516,3.0,-4.534417914670225,-28169898.987008017,9950,27.7286432160804,0.9625507487915639,-3070.005126953125,-0.3085432288395101,10057,26.42935268966889,0.9012457602471885,-8329.8046875,-0.8282593902257135
EMA 55_two_confirm_fixed_10_RR4,EMA,55,two_confirm,fixed_10,fixed_RR,4,,19945,19945,4347,15598,0,21.79493607420406,173880.0,155980.0,167794.21875,177817.1875,15956.0029296875,11966.998046875,-10023.001953125,0.9436332961345483,-0.5025320608235146,-0.05025320608235147,40.0,-10.0,38.60000431331953,-11.399999198615207,10534.0634765625,793.108154296875,43,-9022.29296875,3.7438455753321636,3.0,-3.4380761916588436,-74418465.63740851,9921,22.20542284043947,0.9664786467538706,-2949.401611328125,-0.2972887421961622,10024,21.388667198723066,0.9212576881807305,-7073.6015625,-0.7056665565143655
EMA 55_two_confirm_fixed_10_RR5,EMA,55,two_confirm,fixed_10,fixed_RR,5,,19813,19812,3627,16185,1,18.30708661417323,181350.0,161850.0,176272.1875,184508.96875,15849.6015625,11887.19921875,-8236.806640625,0.9553583692662636,-0.4157483666780234,-0.04157483666780234,50.0,-10.0,48.59999655362559,-11.399998069199876,8806.849609375,659.7877807617188,48,-7235.677734375,4.645114072279426,3.0,-2.52197988255275,-20453769.650078923,9855,18.812785388127853,0.987863357937922,-1107.003173828125,-0.11232908917586251,9957,17.806568243446822,0.9235800561576648,-7129.802734375,-0.7160593285502661
EMA 55_two_confirm_fixed_10_RR6,EMA,55,two_confirm,fixed_10,fixed_RR,6,,19579,19578,3089,16489,1,15.777913985085302,185340.0,164890.0,181015.375,187974.59375,15662.4013671875,11746.798828125,-6959.205078125,0.9629778758332866,-0.3554604698194402,-0.03554604698194402,60.0,-10.0,58.59999190676594,-11.399999620959427,7519.73779296875,557.5126953125,48,-5958.126953125,5.414546940443355,3.0,-1.94912466348091,-52152529.81004304,9727,16.222884753778143,0.9953950123706797,-427.80224609375,-0.043980903268608,9851,15.338544310222312,0.9313033126130674,-6531.40234375,-0.6630192207643893
EMA 55_two_confirm_fixed_10_MAexit9,EMA,55,two_confirm,fixed_10,ma_close,,9,20066,20066,4500,15566,0,22.425994219077044,165248.0,131774.0,158948.0,153566.40625,16052.802734375,12039.5986328125,5381.58984375,1.0350440821102433,0.2681944505008472,0.026819445050084722,36.721778869628906,-8.46550178527832,35.321777777777775,-9.865502136065784,3745.616943359375,219.8131866455078,30,6382.53173828125,4.398634506129771,2.0,1.3933740553040808,11.948762299149374,9984,23.25721153846154,1.0884228157301186,6700.39599609375,0.6711133810190054,10082,21.602856576076178,0.9830467161618259,-1318.80517578125,-0.13080789285670005
EMA 55_two_confirm_fixed_10_MAexit21,EMA,55,two_confirm,fixed_10,ma_close,,21,20046,20046,3723,16323,0,18.572283747381025,179896.0,144506.0,174683.78125,167358.203125,16036.802734375,12027.599609375,7325.59130859375,1.0437718497702113,0.36543905560180334,0.036543905560180334,48.32017135620117,-8.852907180786133,46.92016686811711,-10.25290713257367,4109.0068359375,122.24977111816406,48,8325.791015625,6.487977651401776,3.0,1.6056745078712085,18.560249176730096,9975,19.167919799498748,1.0937625856082263,7720.9951171875,0.7740345982142857,10071,17.9823254890279,0.995348818402108,-395.4046630859375,-0.03926170818051211
EMA 55_two_confirm_fixed_10_MAexit34,EMA,55,two_confirm,fixed_10,ma_close,,34,20027,20026,3274,16752,1,16.348746629381804,187632.0,151710.0,183048.375,175162.8125,16020.802734375,12015.599609375,7885.5908203125,1.0450184738841186,0.3937676430796215,0.03937676430796215,57.30971145629883,-9.056232452392578,55.90970525351252,-10.456232837870106,4330.1650390625,184.75244140625,48,8885.0625,8.17741935483871,3.0,1.5835258065020246,22.23852329076898,9962,16.773740212808676,1.080008732825774,6917.1953125,0.6943580919995985,10064,15.928060413354531,1.010916682900984,968.395751953125,0.09622374323858555
EMA 55_two_confirm_fixed_10_MAexit55,EMA,55,two_confirm,fixed_10,ma_close,,55,20078,20077,2931,17146,1,14.59879464063356,199496.0,159028.0,195392.578125,183032.40625,16061.603515625,12046.1982421875,12360.1904296875,1.0675299643830147,0.6156393101403347,0.06156393101403347,68.06414031982422,-9.274932861328125,66.66413446775844,-10.674933293479528,4225.796875,103.64386749267578,48,13356.9326171875,10.339492952134282,3.0,2.152893750011913,40.60567469523888,9990,15.145145145145145,1.1440172271862405,13019.99609375,1.3033029122872872,10087,14.057698027163676,0.9928766419881706,-659.80419921875,-0.06541134125297413
EMA 55_two_confirm_candle_RR2,EMA,55,two_confirm,candle,fixed_RR,2,,19558,19558,6900,12658,0,35.279680948972285,167836.0,157006.0,129139.234375,142523.4375,14173.833984375,10630.3759765625,-13384.21484375,0.9060912130680261,-0.6843345354202883,-0.06843345354202883,24.324058532714844,-12.40369701385498,18.71583106884058,-11.259554234476221,13735.90625,1152.083984375,20,-12384.8857421875,3.1039472338684937,2.0,-6.6792391904421535,-249.82699076565956,9743,35.7795340244278,0.9256482927158529,-5240.8876953125,-0.5379131371561634,9815,34.78349465104432,0.8869543017504771,-8143.3271484375,-0.8296818286742231
EMA 55_two_confirm_candle_RR3,EMA,55,two_confirm,candle,fixed_RR,3,,19232,19232,5201,14031,0,27.04346921797005,188502.0,174052.0,149311.9375,157984.34375,13938.525390625,10453.8935546875,-8672.4228515625,0.9451059133826354,-0.45093712830503846,-0.04509371283050385,36.24341583251953,-12.404817581176758,28.70831330513363,-11.259663869289431,9029.33984375,741.918212890625,23,-7672.7021484375,4.3954346921797,3.0,-3.5216898818844893,-163.114697107271,9573,27.702914446881856,0.9765823600494588,-1825.5517578125,-0.19069797950616316,9659,26.389895434309967,0.9144441522288403,-6846.87109375,-0.7088592083807848
EMA 55_two_confirm_candle_RR4,EMA,55,two_confirm,candle,fixed_RR,4,,18773,18773,4073,14700,0,21.696052841847337,196896.0,182132.0,157658.546875,165534.8125,13597.865234375,10198.3984375,-7876.26904296875,0.9524192796303799,-0.4195530305741624,-0.04195530305741624,48.34176254272461,-12.389931678771973,38.708211852442915,-11.260871598639456,8240.62890625,676.17724609375,27,-6876.52197265625,5.709263303680818,3.0,-2.7905808406892367,-150.00775155789458,9337,22.212702152725715,0.981110227859249,-1545.703369140625,-0.16554603932104797,9436,21.18482407799915,0.9243725392070248,-6330.56591796875,-0.6708950739687103
EMA 55_two_confirm_candle_RR5,EMA,55,two_confirm,candle,fixed_RR,5,,18349,18348,3315,15033,1,18.067364290385875,199225.0,186169.0,161444.0,169287.375,13293.34765625,9970.01171875,-7843.36572265625,0.9536682815242424,-0.42747796613561423,-0.04274779661356142,60.09803771972656,-12.384021759033203,48.70105580693816,-11.261050688485332,8202.5546875,707.9049682617188,46,-6843.61376953125,7.018094615216917,3.0,-2.5095463930322035,-151.24686398148233,9118,18.622504935292827,0.9892046381637539,-902.4813232421875,-0.09897799114303438,9230,17.51895991332611,0.9189988849552843,-6940.8837890625,-0.7519917431270314
EMA 55_two_confirm_candle_RR6,EMA,55,two_confirm,candle,fixed_RR,6,,17889,17888,2757,15131,1,15.412567084078713,198708.0,187222.0,161833.6875,170409.203125,12963.150390625,9722.36328125,-8575.515625,0.9496769219752198,-0.479400470986136,-0.047940047098613596,72.07398986816406,-12.373405456542969,58.69919749727965,-11.262256501553104,8992.8671875,812.8363647460938,50,-7575.8115234375,8.243627012522362,3.0,-2.5379315640343534,-167.3387817060532,8878,16.039648569497636,0.9952384452012805,-399.878173828125,-0.04504147035685121,9010,14.794672586015539,0.9054065878281268,-8175.63916015625,-0.9073961332026914
EMA 55_two_confirm_candle_MAexit9,EMA,55,two_confirm,candle,ma_close,,9,20015,20015,4768,15247,0,23.822133399950037,173728.0,140362.0,149152.15625,140602.3125,14502.81640625,10877.111328125,8549.8388671875,1.0608086993590522,0.4271715646858606,0.04271715646858606,36.436241149902344,-9.205876350402832,31.281911965184563,-9.221637863186201,2921.394287109375,170.23243713378906,33,9549.716796875,4.6137396952285785,2.0,2.2580440897825413,16.90886315875332,9964,24.658771577679648,1.1278487841080962,8868.9970703125,0.8901040817254616,10051,22.99273704109044,0.9955194378875332,-319.1591796875,-0.03175397270793951
EMA 55_two_confirm_candle_MAexit21,EMA,55,two_confirm,candle,ma_close,,21,19939,19939,3985,15954,0,19.985957169366568,190072.0,156715.0,163467.046875,154366.09375,14450.8134765625,10838.1103515625,9100.962890625,1.058956943872268,0.4564402874078439,0.045644028740784395,47.69686508178711,-9.822928428649902,41.0205889272271,-9.675698492541056,2941.73388671875,134.27740478515625,37,10100.6416015625,6.909674507247104,3.0,2.0616418668933956,19.98997635960072,9934,20.60599959734246,1.122215216499087,9301.0048828125,0.9362799358579122,10005,19.37031484257871,0.9974439033311112,-200.04296875,-0.019994299725137433
EMA 55_two_confirm_candle_MAexit34,EMA,55,two_confirm,candle,ma_close,,34,19914,19913,3538,16375,1,17.767287701501534,201336.0,165375.0,173313.421875,162008.734375,14433.4052734375,10825.0537109375,11304.6826171875,1.0697782594476244,0.5677036417007734,0.05677036417007734,56.9067268371582,-10.099236488342285,48.9862696085359,-9.89366316793893,3385.8876953125,221.88641357421875,37,12304.318359375,8.794506101541707,3.0,2.3387206131939524,26.951923547932505,9921,18.183650841649026,1.1249550274983098,9993.29296875,1.0072868630934382,9992,17.35388310648519,1.0159859120322947,1311.39013671875,0.1312440088789782
EMA 55_two_confirm_candle_MAexit55,EMA,55,two_confirm,candle,ma_close,,55,20078,20077,3159,16918,1,15.734422473477114,214760.0,174739.0,185712.453125,170490.71875,14546.484375,10909.86328125,15221.7421875,1.0892818945606093,0.7581681619514867,0.07581681619514867,67.98353576660156,-10.328584671020508,58.788367560937004,-10.077474804941483,3207.4248046875,110.98666381835938,48,16221.0361328125,11.101409573143398,3.0,2.7344130427657345,39.72206348073244,9990,16.416416416416414,1.1901252751118203,15978.6171875,1.5994611799299299,10087,15.058986814712005,0.9912447557098869,-756.875244140625,-0.0750347223297933
EMA 84_one_break_fixed_6_RR2,EMA,84,one_break,fixed_6,fixed_RR,2,,23991,23991,7196,16795,0,29.994581301321325,86352.0,100770.0,127129.2890625,207138.328125,31987.99609375,23991.0,-80009.015625,0.613741021341943,-3.3349595942228336,-0.3334959594222834,12.0,-6.0,17.666660514521958,-12.333333023221197,80285.4609375,6331.66162109375,28,-79006.8046875,1.4500437664124046,1.0,-37.5756328569189,0.0,11995,29.887453105460608,0.6106145811882663,-40388.33984375,-3.3670979444560234,11996,30.101700566855616,0.6168767828651549,-39620.671875,-3.3028235974491498
EMA 84_one_break_fixed_6_RR3,EMA,84,one_break,fixed_6,fixed_RR,3,,23986,23986,6696,17290,0,27.916284499291255,120528.0,103740.0,185255.9375,213243.34375,31981.330078125,23986.0,-27987.345703125,0.8687536700661964,-1.1668200493256482,-0.11668200493256482,18.0,-6.0,27.666657332735962,-12.333333935801042,28898.423828125,1663.6976318359375,28,-26989.8515625,1.7537730342699909,1.0,-10.071065983060516,-189488435.85199335,11993,27.957975485699993,0.8705545972812707,-13793.6728515625,-1.1501436547621529,11993,27.874593512882516,0.8669548345029259,-14193.673828125,-1.1834965253168515
EMA 84_one_break_fixed_6_RR4,EMA,84,one_break,fixed_6,fixed_RR,4,,23963,23963,5370,18593,0,22.40954805324876,128880.0,111558.0,202270.0,229313.6875,31950.6640625,23963.0,-27043.65625,0.882066841300086,-1.128558872011017,-0.11285588720110169,24.0,-6.0,37.666666666666664,-12.333334453826708,27998.931640625,1607.593017578125,33,-26045.69140625,1.8737219880649334,1.0,-8.37923020566317,-91593516.20424782,11979,22.597879622673013,0.8916440613283864,-12390.994140625,-1.0343930328595876,11984,22.221295060080106,0.8725399604057235,-14652.662109375,-1.2226854230119326
EMA 84_one_break_fixed_6_RR5,EMA,84,one_break,fixed_6,fixed_RR,5,,23920,23920,4474,19446,0,18.704013377926422,134220.0,116676.0,213260.65625,239834.015625,31893.330078125,23920.0,-26573.32421875,0.8892010405373456,-1.1109249255330267,-0.11109249255330267,30.0,-6.0,47.66666433839964,-12.333334136840481,27770.673828125,1437.4039306640625,45,-25574.765625,2.2339882943143814,1.0,-7.343652591166347,-180162842.44314158,11956,19.019739043158246,0.9077361394947036,-11017.328125,-0.9214894718133155,11964,18.3884988298228,0.8708215373169322,-15555.99609375,-1.300233708939318
EMA 84_one_break_fixed_6_RR6,EMA,84,one_break,fixed_6,fixed_RR,6,,23871,23871,3827,20044,0,16.032005362154916,137772.0,120264.0,220690.359375,247209.34375,31827.99609375,23871.0,-26518.9921875,0.8927266098735396,-1.110929252544929,-0.11109292525449291,36.0,-6.0,57.66667347138751,-12.33333385302335,27302.7578125,1786.0504150390625,58,-25520.185546875,2.5641154538980353,1.0,-6.683020886471642,-179978911.76480567,11929,16.48922793193059,0.9232136627964278,-9434.330078125,-0.7908735081000083,11942,15.575280522525539,0.8626023632144472,-17084.6640625,-1.4306367494975716
EMA 84_one_break_fixed_6_MAexit9,EMA,84,one_break,fixed_6,ma_close,,9,23968,23968,4150,19818,0,17.31475300400534,138352.0,107640.0,220903.328125,225642.015625,31957.330078125,23968.0,-4738.669921875,0.9789990907195434,-0.1977081909994576,-0.019770819099945762,33.33782958984375,-5.431426048278809,53.22971762048193,-11.385710749066504,12475.083984375,477.6676025390625,52,-3738.07177734375,3.2720710947930574,1.0,-0.850662618439234,-10.450603019981168,11978,17.76590415762231,1.0243875484639668,2744.666748046875,0.22914232326322215,11990,16.864053377814844,0.933833495779059,-7483.3349609375,-0.6241313562082986
EMA 84_one_break_fixed_6_MAexit21,EMA,84,one_break,fixed_6,ma_close,,21,23927,23927,3995,19932,0,16.69661888243407,143848.0,110934.0,230425.0,231398.015625,31902.6640625,23927.0,-973.005859375,0.9957950563129424,-0.040665602013415805,-0.004066560201341581,36.00700759887695,-5.5656232833862305,57.67834793491865,-11.609372648254064,11344.25,571.1151733398438,61,27.45635986328125,4.28963096083922,1.0,-0.14870370521997311,-2.4273497658806296,11958,17.46111389864526,1.0463360793369294,5317.99853515625,0.4447230753601146,11969,15.932826468376641,0.9460592019833358,-6291.0029296875,-0.5256080649751441
EMA 84_one_break_fixed_6_MAexit34,EMA,84,one_break,fixed_6,ma_close,,34,23889,23889,3695,20194,0,15.467369919209679,146400.0,112878.0,235378.328125,235249.34375,31851.99609375,23889.0,128.990234375,1.0005482879269456,0.005399566092134455,0.0005399566092134455,39.62110900878906,-5.589680194854736,63.70184793640054,-11.649467354164603,11172.923828125,762.4828491210938,45,1129.6805419921875,5.156138808656704,1.0,0.018227550137590396,0.3306392136573809,11941,16.213047483460347,1.054913849483263,6404.3291015625,0.536331052806507,11948,14.72212922664881,0.947099022412927,-6275.33740234375,-0.5252207400689446
EMA 84_one_break_fixed_6_MAexit55,EMA,84,one_break,fixed_6,ma_close,,55,23865,23865,2875,20990,0,12.046930651581816,148336.0,116364.0,240518.34375,242916.6875,31819.99609375,23865.0,-2398.3447265625,0.9901268876392034,-0.10049632208516657,-0.010049632208516656,51.595130920410156,-5.543782711029053,83.65855434782608,-11.572972248689853,10416.048828125,723.1781616210938,59,-1398.1455078125,6.446804944479363,1.0,-0.3046853975934853,-5.857242228199368,11925,12.59538784067086,1.0562475032388134,6771.662109375,0.5678542649371069,11940,11.499162479061976,0.9251588242630475,-9170.0068359375,-0.7680072726915829
EMA 84_one_break_fixed_6_MAexit84,EMA,84,one_break,fixed_6,ma_close,,84,23991,23991,2243,21748,0,9.349339335584178,159576.0,122184.0,260726.328125,254385.34375,31987.99609375,23991.0,6340.98486328125,1.0249266890990059,0.26430681769335373,0.026430681769335374,71.14400482177734,-5.618171691894531,116.24000362238074,-11.69695345549016,9276.8583984375,330.98553466796875,98,7342.20654296875,8.10749864532533,1.0,0.6711649813394973,16.770742337680794,11995,9.712380158399334,1.0984859363592308,12468.326171875,1.039460289443518,11996,8.986328776258754,0.952049653092552,-6127.3408203125,-0.5107819956912721
EMA 84_one_break_fixed_8_RR2,EMA,84,one_break,fixed_8,fixed_RR,2,,23991,23991,8540,15451,0,35.596682089116754,136640.0,123608.0,155855.0,181549.25,23991.0,17993.25,-25694.25,0.8584722878227258,-1.0709953732649744,-0.10709953732649743,16.0,-8.0,18.25,-11.75,26414.25,1632.0203857421875,23,-24694.25,1.5224042349214288,2.0,-11.548660591940946,0.0,11995,35.506461025427264,0.8550985720257871,-13171.25,-1.0980616923718216,11996,35.68689563187729,0.8618551867734863,-12523.0,-1.0439313104368122
EMA 84_one_break_fixed_8_RR3,EMA,84,one_break,fixed_8,fixed_RR,3,,23953,23953,6493,17460,0,27.10725170124828,155832.0,139680.0,183427.25,205155.0,23953.0,17964.75,-21727.75,0.894091053106188,-0.9070993195006889,-0.09070993195006889,24.0,-8.0,28.25,-11.75,22613.5,1328.6427001953125,33,-20727.75,2.0304763495178055,2.0,-7.895686221327693,0.0,11974,27.27576415567062,0.9017337933326166,-10054.5,-0.8396943377317522,11979,26.938809583437685,0.8864867361624333,-11673.25,-0.974476166624927
EMA 84_one_break_fixed_8_RR4,EMA,84,one_break,fixed_8,fixed_RR,4,,23881,23881,5186,18695,0,21.716008542355848,165952.0,149560.0,198364.5,219666.25,23881.0,17910.75,-21301.75,0.9030267508094666,-0.8919957288220761,-0.08919957288220762,32.0,-8.0,38.25,-11.75,22274.25,1277.1932373046875,45,-20301.75,2.5266111134374607,2.0,-6.6864030996815815,0.0,11934,22.10491034020446,0.9237878565935475,-8324.5,-0.6975448298977711,11947,21.327529923830248,0.8824931579412024,-12977.25,-1.0862350380848749
EMA 84_one_break_fixed_8_RR5,EMA,84,one_break,fixed_8,fixed_RR,5,,23777,23777,4275,19502,0,17.97956007906801,171000.0,156016.0,206268.75,229148.5,23777.0,17832.75,-22879.75,0.9001531757790254,-0.9622639525591958,-0.09622639525591958,40.0,-8.0,48.25,-11.75,23735.0,1451.2381591796875,49,-21879.75,3.0250241830340245,2.0,-6.439778692528545,0.0,11881,18.39070785287434,0.9253761147391335,-8501.75,-0.7155752882753977,11896,17.568930733019503,0.8752131782104747,-14378.0,-1.2086415601882985
EMA 84_one_break_fixed_8_RR6,EMA,84,one_break,fixed_8,fixed_RR,6,,23636,23636,3681,19955,0,15.573701133863599,176688.0,159640.0,214418.25,234471.25,23636.0,17727.0,-20053.0,0.9144756553308775,-0.8484092062954814,-0.08484092062954815,48.0,-8.0,58.25,-11.75,20759.0,1463.7052001953125,56,-19053.0,3.50609240142156,2.0,-5.138774435689113,0.0,11811,15.908898484463634,0.9378818519121516,-7249.25,-0.6137710608754551,11825,15.238900634249472,0.8912819663709638,-12803.75,-1.08276955602537
EMA 84_one_break_fixed_8_MAexit9,EMA,84,one_break,fixed_8,ma_close,,9,23960,23960,4971,18989,0,20.747078464106846,164440.0,133584.0,196850.75,200210.75,23960.0,17970.0,-3360.0,0.9832176843651003,-0.14023372287145242,-0.01402337228714524,33.079864501953125,-7.034809589385986,39.59982900824784,-10.543512033282427,9335.0,436.4698791503906,45,-2360.0,3.6959098497495826,2.0,-0.7250712403440677,-6.664279452684329,11973,21.23110331579387,1.0339491401839653,3387.25,0.2829073749269189,11987,20.263618920497205,0.9328207374808959,-6747.25,-0.5628806206723951
EMA 84_one_break_fixed_8_MAexit21,EMA,84,one_break,fixed_8,ma_close,,21,23905,23905,4786,19119,0,20.0209161263334,169864.0,139008.0,203954.5,207218.25,23905.0,17928.75,-3263.75,0.984249698084025,-0.13653001464128844,-0.013653001464128844,35.491851806640625,-7.2706732749938965,42.61481404095278,-10.838341440451906,9621.0,415.7735290527344,61,-2263.75,4.925580422505752,1.0,-0.6101685425114249,-7.3335475530659995,11946,20.743345052737318,1.0356541705990523,3664.5,0.30675539929683576,11959,19.29927251442428,0.9336623922519551,-6928.25,-0.5793335563174179
EMA 84_one_break_fixed_8_MAexit34,EMA,84,one_break,fixed_8,ma_close,,34,23858,23858,4436,19422,0,18.59334395171431,173480.0,141984.0,209087.0,211468.5,23858.0,17893.5,-2381.5,0.9887382754405503,-0.09981976695448068,-0.009981976695448067,39.107303619384766,-7.31047248840332,47.134129846708746,-10.888090824837812,9623.75,603.0863037109375,45,-1381.5,5.990191969150809,1.0,-0.41076996821564643,-5.493827871420178,11923,19.273672733372475,1.0416110268385033,4354.75,0.3652394531577623,11935,17.913699204021786,0.936935207918382,-6736.25,-0.5644113950565564
EMA 84_one_break_fixed_8_MAexit55,EMA,84,one_break,fixed_8,ma_close,,55,23827,23827,3477,20350,0,14.592688966298736,179184.0,147120.0,217895.25,219512.5,23827.0,17870.25,-1617.25,0.9926325380103639,-0.06787467998489109,-0.006787467998489109,51.534080505371094,-7.2294840812683105,62.66760138050043,-10.786855036855037,9689.0,558.765869140625,57,-617.25,7.6234943551433245,2.0,-0.24747410262424516,-3.551305283913228,11903,15.08863311770142,1.0591691609017437,6429.75,0.5401789464840796,11924,14.097618248909763,0.9274032942322743,-8047.0,-0.6748574303924857
EMA 84_one_break_fixed_8_MAexit84,EMA,84,one_break,fixed_8,ma_close,,84,23991,23991,2753,21238,0,11.475136509524406,192808.0,155936.0,236192.25,232086.5,23991.0,17993.25,4105.75,1.0176906024262506,0.17113709307657038,0.017113709307657037,70.03559875488281,-7.342310905456543,85.79449691245914,-10.927888690083812,8825.25,365.1324157714844,57,5105.75,9.662706848401484,2.0,0.530543022549655,9.650095512485095,11995,11.796581909128804,1.0908470832791997,10488.75,0.8744268445185494,11996,11.153717905968657,0.9452720748682817,-6383.0,-0.5320940313437813
EMA 84_one_break_fixed_10_RR2,EMA,84,one_break,fixed_10,fixed_RR,2,,22630,22630,8093,14537,0,35.762262483429076,161860.0,145370.0,150529.828125,165721.78125,18104.00390625,13577.998046875,-15192.0107421875,0.9083285672504199,-0.6713217296591913,-0.06713217296591914,20.0,-10.0,18.600003475225503,-11.399998710187797,15813.568359375,1088.7880859375,20,-14194.421875,2.305258506407424,3.0,-7.023347806016892,-52947189.527457885,11311,35.920785076474225,0.9146118564739345,-7055.4052734375,-0.6237649432797719,11319,35.60385193038254,0.9020804414547126,-8136.6064453125,-0.7188449903094355
EMA 84_one_break_fixed_10_RR3,EMA,84,one_break,fixed_10,fixed_RR,3,,21972,21972,5878,16094,0,26.75223011105043,176340.0,160940.0,168110.8125,183471.59375,17577.6015625,13183.19921875,-15360.8125,0.9162770599195277,-0.699108524485709,-0.0699108524485709,30.0,-10.0,28.600002126573663,-11.399999611656519,16393.384765625,1063.26220703125,30,-14364.087890625,3.026624795193883,3.0,-5.852510618845951,-108662405.86301026,11006,27.057968380883157,0.9306333985974252,-6348.40625,-0.5768132155188079,10966,26.445376618639433,0.901988597020231,-9012.40625,-0.8218499224876892
EMA 84_one_break_fixed_10_RR4,EMA,84,one_break,fixed_10,fixed_RR,4,,21479,21479,4587,16892,0,21.355742818566974,183480.0,168920.0,177058.21875,192568.8125,17183.203125,12887.3984375,-15510.603515625,0.9194542794929474,-0.7221287543938265,-0.07221287543938265,40.0,-10.0,38.60000408763898,-11.400000739995264,16226.150390625,1161.665771484375,35,-14514.4580078125,3.7437962661203965,3.0,-5.164886606533606,0.0,10759,21.73064411190631,0.9400767778186128,-5752.60205078125,-0.5346781346576123,10720,20.979477611940297,0.898953505267099,-9758.001953125,-0.910261376224347
EMA 84_one_break_fixed_10_RR5,EMA,84,one_break,fixed_10,fixed_RR,5,,21019,21018,3757,17261,1,17.875154629365305,187850.0,172610.0,182590.1875,196775.421875,16814.40234375,12610.798828125,-14185.205078125,0.9279115539947308,-0.6749074639891998,-0.06749074639891997,50.0,-10.0,48.599996672877296,-11.400001267307804,14679.9111328125,1185.584716796875,51,-13188.294921875,4.639975259301551,3.0,-4.256243059145334,-102598220.11328286,10510,18.19219790675547,0.9480293717572856,-5094.0029296875,-0.4846815346990961,10508,17.558051008755236,0.9079447514249211,-9091.203125,-0.8651696921393224
EMA 84_one_break_fixed_10_RR6,EMA,84,one_break,fixed_10,fixed_RR,6,,20597,20596,3169,17427,1,15.386482812196542,190140.0,174270.0,185703.375,198667.8125,16476.802734375,12357.5986328125,-12964.40625,0.9347431406383457,-0.6294623349194018,-0.06294623349194019,60.0,-10.0,58.59999211107605,-11.400000717277788,13996.9423828125,1247.7218017578125,51,-11967.3671875,5.388667702466498,3.0,-3.576626637181129,0.0,10289,15.72553212168335,0.9591842831630565,-4034.60302734375,-0.3921278090527505,10307,15.048025613660618,0.9105394201783301,-8929.8037109375,-0.8663824304780732
EMA 84_one_break_fixed_10_MAexit9,EMA,84,one_break,fixed_10,ma_close,,9,23494,23494,5487,18007,0,23.354899123180388,180424.0,147578.0,172742.21875,172787.828125,18795.203125,14096.3984375,-45.611328125,0.999736038264414,-0.001941403257214608,-0.0001941403257214608,32.882083892822266,-8.19559097290039,31.482088345179516,-9.595592165546732,5768.9599609375,292.66314697265625,35,955.2650146484375,4.080786583808632,2.0,-0.011740207535367593,-0.08763235179533177,11736,23.87525562372188,1.0470196414082598,4041.593994140625,0.34437576637190054,11758,22.835516244259228,0.9529300495333942,-4087.2060546875,-0.3476106527204882
EMA 84_one_break_fixed_10_MAexit21,EMA,84,one_break,fixed_10,ma_close,,21,23041,23041,5248,17793,0,22.776789201857557,185232.0,152442.0,177884.8125,177352.21875,18432.80078125,13824.599609375,532.587890625,1.0030030284016394,0.02311479061781173,0.002311479061781173,35.29573059082031,-8.567526817321777,33.89573408917683,-9.967527609172146,6055.80029296875,284.7136535644531,36,1533.405517578125,5.556182457358622,2.0,0.11873603570943173,1.1335676084310542,11524,23.542172856647,1.0437866477271465,3848.394287109375,0.33394605059956395,11517,22.010940349049232,0.9629364997097694,-3315.805908203125,-0.28790534932735307
EMA 84_one_break_fixed_10_MAexit34,EMA,84,one_break,fixed_10,ma_close,,34,22900,22899,4871,18028,1,21.27167125201974,190624.0,155584.0,183804.609375,180823.21875,18319.201171875,13739.3994140625,2981.3896484375,1.0164878749842516,0.13019737317950567,0.013019737317950567,39.13446807861328,-8.630130767822266,37.734471232806406,-10.03013194752607,5640.330078125,361.1890869140625,38,3982.525390625,6.798637495087122,2.0,0.6083313740511334,6.534599402773427,11461,21.987610156181834,1.057980953072986,5186.5947265625,0.452542947959384,11438,20.554292708515476,0.9758651633322175,-2205.205078125,-0.19279638731640147
EMA 84_one_break_fixed_10_MAexit55,EMA,84,one_break,fixed_10,ma_close,,55,23013,23012,3828,19184,1,16.634799235181642,198688.0,161906.0,193328.78125,188763.59375,18409.6015625,13807.19921875,4565.189453125,1.0241846820634606,0.1983829937912828,0.01983829937912828,51.903865814208984,-8.439637184143066,50.50386135057471,-9.839636871872393,6186.759765625,395.7747802734375,43,5566.88525390625,8.664435946462715,2.0,0.8241054276123987,9.589855720541962,11504,17.141863699582753,1.0893879946490603,8348.39453125,0.725694934913943,11508,16.127911018421965,0.9603308078851132,-3783.2060546875,-0.32874574684458635
EMA 84_one_break_fixed_10_MAexit84,EMA,84,one_break,fixed_10,ma_close,,84,23990,23990,3115,20875,0,12.984576907044602,218072.0,176018.0,213710.984375,205243.0,19192.00390625,14393.998046875,8467.9892578125,1.0412583346326063,0.35297996072582327,0.03529799607258233,70.00706481933594,-8.432000160217285,68.60705758426967,-9.832,5704.88916015625,185.79824829101562,54,9466.013671875,10.880158399333055,2.0,1.2893883683308696,19.016614061196154,11995,13.31388078365986,1.1060111642526178,10832.9951171875,0.9031258955554398,11995,12.655273030429345,0.9770511185383163,-2365.005126953125,-0.19716591304319508
EMA 84_one_break_candle_RR2,EMA,84,one_break,candle,fixed_RR,2,,19469,19468,6864,12604,1,35.25785905074995,204160.0,191839.0,129865.734375,139260.703125,11791.4052734375,8843.5546875,-9394.962890625,0.9325368281275508,-0.48258490294971235,-0.048258490294971236,29.743589401245117,-15.22048568725586,18.91983309659091,-11.048929159393843,9833.91015625,718.7922973632812,18,-8395.3603515625,4.344154509965071,3.0,-4.700790929788043,-168.51279515403684,9733,35.76492345628275,0.9533119809606125,-3225.84521484375,-0.33143380405257883,9735,34.75089881869543,0.9120796251091702,-6169.1181640625,-0.6337049988764766
EMA 84_one_break_candle_RR3,EMA,84,one_break,candle,fixed_RR,3,,18459,18458,4927,13531,1,26.693032831292662,216492.0,202726.0,142398.375,149746.75,11341.9306640625,8506.447265625,-7348.380859375,0.9509279834119939,-0.3981136016564633,-0.039811360165646334,43.93992233276367,-14.98233699798584,28.901638928353968,-11.066938881087871,7921.9189453125,602.4273681640625,23,-6348.64404296875,6.142702351283996,4.0,-3.0583987349236805,-134.18575265409143,9213,26.994464343861935,0.9654287566820664,-2573.8828125,-0.27937510175838487,9245,26.392644672796106,0.9365896766310596,-4774.4970703125,-0.5164410027379664
EMA 84_one_break_candle_RR4,EMA,84,one_break,candle,fixed_RR,4,,17741,17740,3847,13893,1,21.685456595264938,223160.0,206406.0,149611.625,153890.796875,10988.0908203125,8241.068359375,-4279.162109375,0.9721934517079939,-0.2412154514867531,-0.02412154514867531,58.00883865356445,-14.856834411621094,38.890466597348585,-11.076858624847045,5455.75244140625,365.7261657714844,24,-3279.205078125,7.837824126268321,4.0,-1.5599298519148717,-79.28915136950009,8852,22.25485765928604,1.0047143481265148,359.457763671875,0.04060751961950689,8888,21.11836183618362,0.9402555517050264,-4638.61962890625,-0.5218968979417473
EMA 84_one_break_candle_RR5,EMA,84,one_break,candle,fixed_RR,5,,17057,17056,3064,13992,1,17.96435272045028,220605.0,206276.0,149778.21875,155114.3125,10637.7578125,7978.318359375,-5336.0791015625,0.9655989594770631,-0.31285642011975257,-0.031285642011975257,71.9990234375,-14.742424011230469,48.88323066253264,-11.085928566323613,6806.3046875,466.6800842285156,44,-4336.201171875,9.55048076923077,4.0,-1.7745167068543315,-100.41654070892763,8528,18.52720450281426,1.0024331011274832,187.43780517578125,0.021979104734495925,8528,17.401500938086304,0.9292531966105352,-5523.5166015625,-0.6476919091888484
EMA 84_one_break_candle_RR6,EMA,84,one_break,candle,fixed_RR,6,,16373,16372,2525,13847,1,15.422672856095772,217272.0,202945.0,148667.25,153593.8125,10260.8984375,7695.67333984375,-4926.5751953125,0.967924733296141,-0.30091468331984483,-0.030091468331984485,86.0483169555664,-14.656243324279785,58.87811881188119,-11.092208601141042,6151.1064453125,492.9574890136719,44,-3926.6748046875,11.188614708038115,4.0,-1.5234091099106954,-94.4800753009886,8128,15.871062992125983,1.0009906383644787,75.1605224609375,0.009247111523245264,8244,14.980591945657448,0.9356502468867027,-5001.7353515625,-0.6067121969386827
EMA 84_one_break_candle_MAexit9,EMA,84,one_break,candle,ma_close,,9,23414,23413,6189,17224,1,26.434032375176187,201920.0,166750.0,139485.03125,133155.703125,13453.421875,10090.06640625,6329.33251953125,1.0475332860437705,0.27033411008974717,0.027033411008974717,32.62562561035156,-9.681259155273438,22.53757169978995,-7.7308234512889,3218.189453125,149.939453125,30,7329.19140625,4.463375048050229,2.0,1.8688276789360687,10.739824512232653,11709,26.953625416346398,1.0964010728367277,6387.09716796875,0.5454861361319284,11704,25.914217361585784,0.9991366582520138,-57.76318359375,-0.004935336944100308
EMA 84_one_break_candle_MAexit21,EMA,84,one_break,candle,ma_close,,21,22779,22778,5985,16793,1,26.27535341118623,208672.0,174415.0,145399.46875,138885.25,13186.8466796875,9890.134765625,6514.23046875,1.0469036038744215,0.2859878158200896,0.02859878158200896,34.86582946777344,-10.386173248291016,24.293979741019214,-8.270425177157149,4034.14501953125,167.21067810058594,30,7514.08837890625,6.236939151813153,2.0,1.6791618739361647,11.714796064927096,11407,27.018497413868676,1.082521734061858,5685.09716796875,0.49838670710692995,11371,25.529856652888927,1.011845797029108,829.13330078125,0.07291648058932812
EMA 84_one_break_candle_MAexit34,EMA,84,one_break,candle,ma_close,,34,22574,22573,5556,17017,1,24.61347627696806,214480.0,178661.0,149176.5625,141930.03125,13102.9013671875,9827.17578125,7246.53125,1.0510570679522766,0.3210265029016967,0.03210265029016967,38.60331344604492,-10.498971939086914,26.849633279337652,-8.340484882764294,3597.03857421875,228.92811584472656,35,8246.3857421875,7.717494351659061,2.0,1.7503670436977639,13.308421931372878,11321,25.35995053440509,1.095205241037009,6681.78466796875,0.5902115244208771,11252,23.862424457874155,1.0078712875114428,564.7451171875,0.05019064319121045
EMA 84_one_break_candle_MAexit55,EMA,84,one_break,candle,ma_close,,55,22809,22808,4393,18415,1,19.26078568923185,226544.0,186954.0,155688.9375,147725.5625,13201.146484375,9900.859375,7963.3798828125,1.0539065471488727,0.3491485392323965,0.034914853923239654,51.569313049316406,-10.152267456054688,35.44023161848395,-8.022023486288353,3777.135986328125,238.43731689453125,37,8963.2861328125,9.899333567169414,2.0,1.7434499762552833,14.38902873058908,11413,19.81074213616052,1.1201583773493415,8769.9208984375,0.7684150441108824,11395,18.709960508995174,0.9892086312134883,-806.540771484375,-0.07078023444356077
EMA 84_one_break_candle_MAexit84,EMA,84,one_break,candle,ma_close,,84,23990,23989,3589,20400,1,14.961023802576182,252016.0,205370.0,171516.1875,158603.609375,13693.9228515625,10270.44140625,12912.5859375,1.081414150509461,0.5382711216599275,0.05382711216599275,70.21900177001953,-10.067156791687012,47.78940860964057,-7.774686734068627,4032.5927734375,113.33052825927734,53,13911.6826171875,12.480345158197506,2.0,2.3782490134686585,24.386773633034494,11995,15.248020008336807,1.1257246264346965,9936.0771484375,0.8283515755262609,11994,14.674003668500918,1.0374059471050554,2976.50830078125,0.2481664416192471
EMA 84_two_confirm_fixed_6_RR2,EMA,84,two_confirm,fixed_6,fixed_RR,2,,16433,16432,4887,11545,1,29.740749756572544,58644.0,69270.0,86336.9765625,142388.34375,21909.333984375,16432.0,-56051.34375,0.6063486257982406,-3.4111090402872444,-0.34111090402872446,12.0,-6.0,17.66666187077962,-12.333334235599827,56166.3046875,5056.990234375,29,-55044.96484375,1.4437682570593964,1.0,-31.88540379387284,-458501456.8310243,8246,30.08731506184817,0.6164551554365261,-27270.671875,-3.3071394463982537,8186,29.391644270706085,0.5962684337688475,-28780.671875,-3.5158406883703885
EMA 84_two_confirm_fixed_6_RR3,EMA,84,two_confirm,fixed_6,fixed_RR,3,,16433,16432,4568,11864,1,27.799415774099316,82224.0,71184.0,126381.3046875,146322.671875,21909.333984375,16432.0,-19941.34375,0.8637164908761683,-1.2135676576192795,-0.12135676576192796,18.0,-6.0,27.66666039568739,-12.33333377233648,20315.37890625,1510.4375,29,-18939.71484375,1.7422103213242455,1.0,-8.680825273147596,-163120710.6033452,8246,28.183361629881155,0.8803269038890714,-8740.671875,-1.0599893130002425,8186,27.412655753725872,0.8471619342295104,-11200.671875,-1.368271668091864
EMA 84_two_confirm_fixed_6_RR4,EMA,84,two_confirm,fixed_6,fixed_RR,4,,16433,16432,3702,12730,1,22.52921129503408,88848.0,76380.0,139442.0,157003.328125,21909.333984375,16432.0,-17561.326171875,0.8881467779395202,-1.068727249992393,-0.1068727249992393,24.0,-6.0,37.666666666666664,-12.333332924194815,17938.763671875,1323.89404296875,33,-16558.431640625,1.8580817916260954,1.0,-6.558433512816266,0.0,8246,23.150618481688092,0.9200235705482102,-6250.6630859375,-0.7580236582509702,8186,21.903249450280967,0.856549115692417,-11310.6630859375,-1.3817081707717445
EMA 84_two_confirm_fixed_6_RR5,EMA,84,two_confirm,fixed_6,fixed_RR,5,,16433,16432,3110,13322,1,18.926484907497564,93300.0,79932.0,148243.34375,164304.65625,21909.333984375,16432.0,-16061.328125,0.9022467599727564,-0.9774420718719572,-0.09774420718719572,30.0,-6.0,47.66667001607717,-12.333332551418707,16538.388671875,1144.525390625,37,-15058.0556640625,2.217806718597858,1.0,-5.3310228701115125,0.0,8246,19.439728353140918,0.9326176719129305,-5520.6630859375,-0.6694958872104657,8186,18.409479599315905,0.8720393705753509,-10540.6640625,-1.28764525561935
EMA 84_two_confirm_fixed_6_RR6,EMA,84,two_confirm,fixed_6,fixed_RR,6,,16433,16432,2671,13761,1,16.254868549172347,96156.0,82566.0,154027.65625,169719.0,21909.333984375,16432.0,-15691.328125,0.9075451555217742,-0.9549250319498539,-0.0954925031949854,36.0,-6.0,57.66666276675402,-12.333333333333334,16026.3759765625,1239.47216796875,48,-14688.0419921875,2.5491114897760467,1.0,-4.739635470873766,0.0,8246,16.61411593499879,0.9315991691134852,-5800.66259765625,-0.7034516853815487,8186,15.89298802834107,0.8835227690926221,-9890.6640625,-1.208241395370144
EMA 84_two_confirm_fixed_6_MAexit9,EMA,84,two_confirm,fixed_6,ma_close,,9,16433,16432,2694,13738,1,16.39483933787731,101968.0,76080.0,163660.65625,158855.34375,21909.333984375,16432.0,4805.3330078125,1.0302496119209084,0.29243750047544426,0.029243750047544426,37.85003662109375,-5.537923812866211,60.750057999257606,-11.563207435580143,7578.8212890625,421.5139465332031,48,5804.439453125,3.472249269717624,1.0,0.9493773337000829,14.060455192200976,8246,17.038564152316273,1.08962548242442,7086.0,0.8593257336890614,8186,15.746396286342538,0.9714176447182084,-2280.66796875,-0.27860590871610064
EMA 84_two_confirm_fixed_6_MAexit21,EMA,84,two_confirm,fixed_6,ma_close,,21,16433,16432,2259,14173,1,13.747565725413827,106288.0,80160.0,171875.65625,166670.328125,21909.333984375,16432.0,5205.33056640625,1.0312312826377596,0.31678009776084776,0.03167800977608477,47.050907135009766,-5.655824661254883,76.08484119079239,-11.759707057433147,8202.2001953125,573.3131713867188,59,6204.32861328125,4.762962512171373,1.0,0.8911197377230177,17.46290134071678,8246,13.970409895707009,1.0661513257095374,5499.3330078125,0.6669091690289232,8186,13.52308819936477,0.9964806293867633,-294.00244140625,-0.03591527503130344
EMA 84_two_confirm_fixed_6_MAexit34,EMA,84,two_confirm,fixed_6,ma_close,,34,16433,16432,2020,14412,1,12.293086660175268,109552.0,82176.0,177873.328125,170588.0,21909.333984375,16432.0,7285.32861328125,1.042707154811593,0.4433622573807966,0.04433622573807966,54.23366165161133,-5.701915264129639,88.05610303217821,-11.836525117957258,9066.2646484375,687.185302734375,81,8284.96875,5.828444498539436,1.0,1.1435576916627488,26.156211200228206,8246,12.430269221440698,1.0568967166047205,4852.6650390625,0.5884871500197065,8186,12.15489860737845,1.0285193507287005,2432.66552734375,0.2971738977942524
EMA 84_two_confirm_fixed_6_MAexit55,EMA,84,two_confirm,fixed_6,ma_close,,55,16428,16427,1658,14769,1,10.093139343763315,114144.0,85242.0,186371.328125,176530.984375,21902.66796875,16427.0,9840.328125,1.055742870209665,0.5990337934498082,0.05990337934498082,68.84439086914062,-5.771684169769287,112.40731491254523,-11.952805496309837,9141.84375,679.18603515625,83,10840.6953125,7.304316065014914,1.0,1.3512065616568927,40.129358051744305,8241,10.423492294624438,1.106776517070322,9431.0,1.1443999514622012,8186,9.760566821402394,1.0046407526387438,409.33154296875,0.05000385328228072
EMA 84_two_confirm_fixed_6_MAexit84,EMA,84,two_confirm,fixed_6,ma_close,,84,16433,16432,1453,14979,1,8.842502434274586,120744.0,87690.0,197849.671875,181101.0,21909.333984375,16432.0,16748.66796875,1.0924824925041827,1.0192714197145814,0.10192714197145814,83.09979248046875,-5.854196071624756,136.16632613558156,-12.090326457039856,6803.6904296875,383.4505310058594,83,17748.28515625,8.943281402142162,1.0,1.9863636498124684,84.85312084366099,8246,9.022556390977442,1.1505902363696399,13642.666015625,1.6544586485113995,8186,8.661128756413389,1.0343180423330205,3105.9990234375,0.3794281729095407
EMA 84_two_confirm_fixed_8_RR2,EMA,84,two_confirm,fixed_8,fixed_RR,2,,16433,16432,5746,10686,1,34.96835443037975,91936.0,85488.0,104864.5,125560.5,16432.0,12324.0,-20696.0,0.8351710928197961,-1.259493670886076,-0.1259493670886076,16.0,-8.0,18.25,-11.75,20983.5,1694.95166015625,18,-19696.0,1.5161270691333983,2.0,-11.285478102551835,0.0,8246,35.54450642735872,0.8565200856668201,-8960.5,-1.086648071792384,8186,34.38797947715612,0.8140446923390786,-11735.5,-1.433606156853164
EMA 84_two_confirm_fixed_8_RR3,EMA,84,two_confirm,fixed_8,fixed_RR,3,,16433,16432,4437,11995,1,27.002190847127554,106488.0,95960.0,125345.25,140941.25,16432.0,12324.0,-15596.0,0.8893439642404193,-0.9491236611489776,-0.09491236611489776,24.0,-8.0,28.25,-11.75,15964.5,1228.274658203125,32,-14596.0,2.0090068159688412,2.0,-6.850994213599479,0.0,8246,27.75891341256367,0.9238442883216241,-5330.5,-0.6464346349745331,8186,26.2399218177376,0.8553064633209531,-10265.5,-1.2540312729049596
EMA 84_two_confirm_fixed_8_RR4,EMA,84,two_confirm,fixed_8,fixed_RR,4,,16433,16432,3569,12863,1,21.71981499513145,114208.0,102904.0,136514.25,151140.25,16432.0,12324.0,-14626.0,0.9032289545637248,-0.8900925024342746,-0.08900925024342746,32.0,-8.0,38.25,-11.75,14967.75,1150.9227294921875,32,-13626.0,2.502921129503408,2.0,-5.534219681903588,0.0,8246,22.32597623089983,0.9356818974537845,-4840.5,-0.5870118845500849,8186,21.10921084778891,0.8710423489256275,-9785.5,-1.195394576105546
EMA 84_two_confirm_fixed_8_RR5,EMA,84,two_confirm,fixed_8,fixed_RR,5,,16433,16432,2986,13446,1,18.171859785783838,119440.0,107568.0,144074.5,157990.5,16432.0,12324.0,-13916.0,0.9119187546086632,-0.8468841285296982,-0.08468841285296982,40.0,-8.0,48.25,-11.75,14189.5,1170.50927734375,38,-12916.0,3.0043208373904577,2.0,-4.692096547770255,0.0,8246,18.639340286199367,0.9407528153670998,-4670.5,-0.5663958282803784,8186,17.70095284632299,0.883204532606533,-9245.5,-1.1294282922062058
EMA 84_two_confirm_fixed_8_RR6,EMA,84,two_confirm,fixed_8,fixed_RR,6,,16420,16419,2553,13866,1,15.549059016992508,122544.0,110928.0,148712.25,162925.5,16419.0,12314.25,-14213.25,0.9127622747820323,-0.8656586881052439,-0.08656586881052439,48.0,-8.0,58.25,-11.75,14487.75,1235.8924560546875,46,-13213.25,3.511297886594799,2.0,-4.372881571873347,0.0,8240,16.019417475728158,0.945640142663879,-4420.0,-0.5364077669902912,8179,15.075192566328402,0.8800074740704891,-9793.25,-1.1973652035701186
EMA 84_two_confirm_fixed_8_MAexit9,EMA,84,two_confirm,fixed_8,ma_close,,9,16433,16432,3216,13216,1,19.571567672833496,118640.0,95240.0,142672.0,142178.0,16432.0,12324.0,494.0,1.0034745178578965,0.030063291139240507,0.0030063291139240506,36.89054870605469,-7.206416606903076,44.36318407960199,-10.7580205811138,7617.0,474.2101135253906,34,1494.0,3.9052458617332033,2.0,0.12196961493520951,1.2891863789451288,8246,20.434149890856173,1.0803025420757983,5669.5,0.6875454765947125,8186,18.702663083312974,0.9276924957650059,-5175.5,-0.6322379672611776
EMA 84_two_confirm_fixed_8_MAexit21,EMA,84,two_confirm,fixed_8,ma_close,,21,16433,16432,2719,13713,1,16.546981499513144,124784.0,101560.0,151221.75,150947.75,16432.0,12324.0,274.0,1.001815197642893,0.016674780915287245,0.0016674780915287245,45.89334487915039,-7.406110763549805,55.616678926075764,-11.007638736964925,8256.0,612.690185546875,54,1274.0,5.4719449853943525,2.0,0.05801621006287916,0.8153566046713208,8246,17.002182876546204,1.052620008793317,3949.5,0.478959495512976,8186,16.088443684339115,0.951568537667634,-3675.5,-0.44899828976301004
EMA 84_two_confirm_fixed_8_MAexit34,EMA,84,two_confirm,fixed_8,ma_close,,34,16433,16432,2432,14000,1,14.800389483933788,129528.0,104968.0,157654.0,155710.0,16432.0,12324.0,1944.0,1.0124847472866225,0.11830574488802337,0.011830574488802337,53.25986862182617,-7.497714519500732,64.8248355263158,-11.122142857142856,9391.25,759.65625,49,2944.0,6.784384128529698,2.0,0.37616365273959657,6.251744165654349,8246,15.110356536502549,1.0479255250612034,3719.5,0.4510671840892554,8186,14.488150500855118,0.9772663252240718,-1775.5,-0.21689469826533106
EMA 84_two_confirm_fixed_8_MAexit55,EMA,84,two_confirm,fixed_8,ma_close,,55,16423,16422,2006,14416,1,12.215320910973086,135688.0,109680.0,166099.5,162328.0,16422.0,12316.5,3771.5,1.0232338228771376,0.22966142978930704,0.022966142978930702,67.64107513427734,-7.608212947845459,82.80134596211366,-11.260266370699224,8322.5,652.1057739257812,47,4771.5,8.586530264279626,2.0,0.6336182496029701,13.63718729903764,8238,12.733673221655742,1.1038694086165868,8413.5,1.021303714493809,8184,11.693548387096774,0.9429219603515426,-4642.0,-0.5672043010752689
EMA 84_two_confirm_fixed_8_MAexit84,EMA,84,two_confirm,fixed_8,ma_close,,84,16433,16432,1770,14662,1,10.771665043816943,144384.0,113560.0,177382.5,167608.5,16432.0,12324.0,9774.0,1.0583144649585194,0.5948149951314509,0.05948149951314509,81.57288360595703,-7.74519157409668,100.21610169491525,-11.431489564861547,5893.5,327.68975830078125,59,10774.0,10.60814264849075,2.0,1.4197497955299214,43.42043921119588,8246,11.03565365025467,1.152529921880599,12769.5,1.548569003153044,8186,10.505741509894943,0.964292738748726,-2995.5,-0.3659296359638407
EMA 84_two_confirm_fixed_10_RR2,EMA,84,two_confirm,fixed_10,fixed_RR,2,,16416,16415,5790,10625,1,35.27261650929028,115800.0,106250.0,107694.015625,121125.0078125,13132.001953125,9849.0,-13431.009765625,0.889114622735125,-0.8182156421337191,-0.08182156421337192,20.0,-10.0,18.600002698618308,-11.400000735294118,13845.4404296875,1114.9490966796875,24,-12432.654296875,2.2740176667682,3.0,-7.313143856242262,0.0,8235,35.616272009714635,0.902569048037278,-5889.00439453125,-0.7151189307263206,8180,34.92665036674817,0.8757131479807326,-7542.00439453125,-0.9220054272043093
EMA 84_two_confirm_fixed_10_RR3,EMA,84,two_confirm,fixed_10,fixed_RR,3,,16400,16399,4359,12040,1,26.580889078602354,130770.0,120400.0,124667.40625,137256.015625,13119.2021484375,9839.400390625,-12588.609375,0.9082837330103359,-0.7676449402402585,-0.07676449402402585,30.0,-10.0,28.600001433815095,-11.400001297757475,13106.0537109375,983.642578125,29,-11589.8662109375,2.9795109457893774,3.0,-5.563137231655765,-103078713.31515634,8225,27.185410334346503,0.9366528781403226,-4325.00390625,-0.5258363411854103,8174,25.97259603621238,0.8802053769018372,-8263.6044921875,-1.0109621350853315
EMA 84_two_confirm_fixed_10_RR4,EMA,84,two_confirm,fixed_10,fixed_RR,4,,16383,16382,3511,12871,1,21.432059577585154,140440.0,128710.0,135524.609375,146729.390625,13105.6025390625,9829.201171875,-11204.80078125,0.9236364221082581,-0.6839702588969601,-0.06839702588969601,40.0,-10.0,38.600002670179435,-11.399999271618366,11705.125,956.4573364257812,31,-10204.5791015625,3.7016237333658895,3.0,-4.266738282003179,-91795332.74452434,8216,21.84761441090555,0.9465514946705398,-3912.400390625,-0.4761928420916504,8166,21.0139603232917,0.9008242809057527,-7292.4013671875,-0.8930200057785329
EMA 84_two_confirm_fixed_10_RR5,EMA,84,two_confirm,fixed_10,fixed_RR,5,,16341,16340,2907,13433,1,17.790697674418603,145350.0,134330.0,141280.203125,153136.1875,13072.001953125,9804.0,-11856.0,0.9225788197515365,-0.7255813953488373,-0.07255813953488373,50.0,-10.0,48.6000010749914,-11.399999069455818,12215.8291015625,1033.66259765625,38,-10857.0654296875,4.609241126070992,3.0,-4.0420709769621945,-48627516.45148421,8197,18.287178235939976,0.9540868872677164,-3505.80078125,-0.42769315374527267,8143,17.290924720618936,0.8912437605009182,-8350.201171875,-1.025445311540587
EMA 84_two_confirm_fixed_10_RR6,EMA,84,two_confirm,fixed_10,fixed_RR,6,,16265,16264,2490,13774,1,15.30988686669946,149400.0,137740.0,145914.0,157023.59375,13011.203125,9758.400390625,-11109.599609375,0.9292488887517899,-0.6830791692926095,-0.06830791692926094,60.0,-10.0,58.6,-11.399999546246551,11504.4404296875,1002.1289672851562,46,-10109.4775390625,5.339276930644368,3.0,-3.456084310206238,-91344971.88693844,8151,15.75266838424733,0.961149068403563,-3041.39990234375,-0.37313211904597593,8113,14.865031431036607,0.897533450266473,-8068.2001953125,-0.9944780223483914
EMA 84_two_confirm_fixed_10_MAexit9,EMA,84,two_confirm,fixed_10,ma_close,,9,16425,16424,3637,12787,1,22.14442279590843,132912.0,108392.0,127820.203125,126293.8125,13139.203125,9854.400390625,1526.393798828125,1.0120860285613755,0.09293678755651029,0.00929367875565103,36.544403076171875,-8.476734161376953,35.14440558839703,-9.876735160710096,4908.62744140625,298.2514343261719,31,2526.77490234375,4.370433511933755,2.0,0.4456538914625609,3.738791759960307,8239,23.061051098434277,1.0808487761311467,5081.3974609375,0.6167492973585993,8185,21.22174709835064,0.9439656287057937,-3555.003662109375,-0.4343315408808033
EMA 84_two_confirm_fixed_10_MAexit21,EMA,84,two_confirm,fixed_10,ma_close,,21,16415,16414,3108,13306,1,18.93505544047764,142656.0,117886.0,138304.78125,136514.40625,13131.2021484375,9848.400390625,1790.3955078125,1.0131149162142,0.10907734298845498,0.010907734298845497,45.89961242675781,-8.859612464904785,44.499607866795365,-10.259612674733203,5510.19873046875,350.7507629394531,54,2791.0224609375,6.317594736200804,2.0,0.4424118189728704,4.9642659469846855,8234,19.358756376001942,1.0672222400563511,4564.3974609375,0.5543353729581613,8180,18.508557457212714,0.9595709446950144,-2774.0029296875,-0.3391201625534841
EMA 84_two_confirm_fixed_10_MAexit34,EMA,84,two_confirm,fixed_10,ma_close,,34,16412,16411,2794,13617,1,17.025166047163488,148960.0,122556.0,145048.390625,141619.8125,13128.802734375,9846.6005859375,3428.597900390625,1.0242097349549872,0.2089207178350268,0.02089207178350268,53.31424331665039,-9.00022029876709,51.91424145490336,-10.400221230814424,5349.37646484375,443.2096862792969,49,4429.4267578125,7.891597099506429,2.0,0.7718743649670095,10.163998823969623,8233,17.405562978258228,1.0642632584332552,4529.79736328125,0.5502000927099782,8178,16.642210809488873,0.9845188361262889,-1101.201904296875,-0.1346541824769962
EMA 84_two_confirm_fixed_10_MAexit55,EMA,84,two_confirm,fixed_10,ma_close,,55,16399,16398,2327,14071,1,14.190754970118308,156264.0,128772.0,153006.203125,148471.40625,13118.40234375,9838.80078125,4534.7978515625,1.0305432338086984,0.2765457892159105,0.02765457892159105,67.15255737304688,-9.151588439941406,65.75255828319725,-10.55158881742591,4905.578125,295.9928894042969,46,5535.70068359375,10.022624710330527,3.0,0.8905923771797005,14.958066888253883,8224,14.785992217898833,1.1181979708040153,8736.3974609375,1.0623051387326727,8174,13.591876682162956,0.9436465848304334,-4201.6025390625,-0.5140203742430267
EMA 84_two_confirm_fixed_10_MAexit84,EMA,84,two_confirm,fixed_10,ma_close,,84,16433,16432,2082,14350,1,12.670399221032133,170000.0,134992.0,167085.1875,155082.0,13145.6025390625,9859.201171875,12003.2001953125,1.0773989728014857,0.7304771297049963,0.07304771297049964,81.65225982666016,-9.407108306884766,80.2522514409222,-10.807108013937283,4540.11328125,87.18146514892578,59,13000.5068359375,12.590250730282376,3.0,1.98749560985312,47.27762499218278,8246,12.927479990298327,1.176997335271318,13699.59765625,1.6613628009034684,8186,12.411434155875886,0.978162170773152,-1696.4002685546875,-0.20723189207851056
EMA 84_two_confirm_candle_RR2,EMA,84,two_confirm,candle,fixed_RR,2,,16059,16058,5615,10443,1,34.966994644414,136672.0,129385.0,105101.203125,117606.421875,11642.9755859375,8732.2314453125,-12505.208984375,0.8936689123720524,-0.7787525834085814,-0.07787525834085815,24.340517044067383,-12.389638900756836,18.71793466162066,-11.261746804079287,12845.619140625,1046.9393310546875,24,-11505.716796875,3.0886162660356207,2.0,-6.900258401970794,-256.91984570806,8049,35.358429618586165,0.908996022584552,-5332.50927734375,-0.6625058115720897,8009,34.57360469471844,0.8784493239917766,-7172.7001953125,-0.8955799969175303
EMA 84_two_confirm_candle_RR3,EMA,84,two_confirm,candle,fixed_RR,3,,15884,15883,4204,11679,1,26.468551281244096,152964.0,144607.0,120711.015625,131531.859375,11514.76953125,8636.0771484375,-10820.84765625,0.9177321464060691,-0.6812848741579047,-0.06812848741579047,36.385345458984375,-12.381796836853027,28.713371937440535,-11.262253564089391,11055.4296875,960.242919921875,29,-9821.1806640625,4.3547188818233336,3.0,-4.867376877620247,-223.60431649550642,7969,27.268164136027107,0.9557539949454885,-2888.192626953125,-0.36242848876309763,7914,25.6633813495072,0.8802727818346683,-7932.65576171875,-1.0023573113114417
EMA 84_two_confirm_candle_RR4,EMA,84,two_confirm,candle,fixed_RR,4,,15693,15692,3288,12404,1,20.953352026510323,159424.0,153407.0,127286.03125,139711.8125,11374.736328125,8531.052734375,-12425.791015625,0.911061341001499,-0.7918551501163013,-0.07918551501163013,48.48661804199219,-12.367542266845703,38.71229660888078,-11.263448282811996,12711.3544921875,1078.1400146484375,43,-11426.208984375,5.590683150650013,3.0,-4.876178811005262,-258.3992680431841,7864,21.579348931841302,0.9456246380152835,-3777.3671875,-0.4803366209944049,7828,20.324476239141543,0.8768792338789505,-8648.4248046875,-1.1048064390249746
EMA 84_two_confirm_candle_RR5,EMA,84,two_confirm,candle,fixed_RR,5,,15441,15440,2707,12733,1,17.53238341968912,163460.0,157441.0,131848.46875,143416.9375,11193.4013671875,8395.05078125,-11568.455078125,0.9193368025307331,-0.7492522718992876,-0.07492522718992875,60.38418960571289,-12.364800453186035,48.706490118212045,-11.263405128406502,11848.3740234375,1027.217041015625,45,-10568.7919921875,6.835816062176166,3.0,-4.082202713930673,-242.6968878606909,7748,18.133711925658236,0.9577822179373334,-3016.36962890625,-0.38930945133018197,7692,16.926677067082682,0.8811701263388988,-8552.0859375,-1.11181564450078
EMA 84_two_confirm_candle_RR6,EMA,84,two_confirm,candle,fixed_RR,6,,15194,15193,2307,12886,1,15.184624498124135,167406.0,159187.0,135441.296875,145156.84375,11014.6015625,8260.951171875,-9715.556640625,0.9330686268452293,-0.6394758533946554,-0.06394758533946554,72.56436920166016,-12.353484153747559,58.7088412982228,-11.264693756790315,10020.9990234375,928.7236328125,48,-8715.853515625,7.972224050549595,3.0,-3.1384987656156382,-205.24993498121464,7621,15.772208371604776,0.9758666253229081,-1745.10302734375,-0.2289860946521126,7572,14.5932382461701,0.8905855702909351,-7970.4541015625,-1.0526220419390517
EMA 84_two_confirm_candle_MAexit9,EMA,84,two_confirm,candle,ma_close,,9,16378,16377,3851,12526,1,23.514685229284975,138960.0,116020.0,119787.78125,116059.078125,11865.1328125,8898.849609375,3728.701416015625,1.0321276300418658,0.2276791485629618,0.02276791485629618,36.08413314819336,-9.262333869934082,31.105630031160736,-9.265454105460641,4822.09033203125,331.1394348144531,29,4728.72998046875,4.572510227758442,2.0,1.090591298073666,8.170673871186958,8214,24.336498660822986,1.1044376571325591,6014.76171875,0.7322573312332603,8163,22.687737351463923,0.9609002111226916,-2286.06103515625,-0.2800515784829413
EMA 84_two_confirm_candle_MAexit21,EMA,84,two_confirm,candle,ma_close,,21,16315,16314,3314,13000,1,20.31384087286993,151952.0,128324.0,131001.984375,126204.828125,11822.162109375,8866.62109375,4797.1630859375,1.0380108774067554,0.29405192386523843,0.029405192386523844,45.851539611816406,-9.871076583862305,39.52986855009053,-9.708063701923077,5064.6220703125,243.9921112060547,35,5797.09619140625,6.759470393527032,2.0,1.1939827208400586,11.6035474207296,8183,20.81143834779421,1.0995299256993005,6237.2490234375,0.7622203377046927,8131,19.81306112409298,0.9773349372859408,-1440.0859375,-0.17711055681957938
EMA 84_two_confirm_candle_MAexit34,EMA,84,two_confirm,candle,ma_close,,34,16289,16288,2998,13290,1,18.406188605108053,160176.0,134183.0,137652.5,131277.0,11806.6298828125,8854.9716796875,6375.50390625,1.048565247530032,0.3914233734190815,0.039142337341908154,53.42761993408203,-10.096538543701172,45.914776517678455,-9.877878103837471,5000.70849609375,365.4840087890625,40,7375.451171875,8.517129174852652,2.0,1.461050001199,16.337268356711718,8170,18.776009791921663,1.099121622504141,6462.470703125,0.7910000860618115,8118,18.033998521803397,0.9986838780858726,-86.967041015625,-0.010712865362851072
EMA 84_two_confirm_candle_MAexit55,EMA,84,two_confirm,candle,ma_close,,55,16281,16280,2496,13784,1,15.331695331695332,168680.0,141537.0,145038.140625,137969.28125,11799.8720703125,8849.904296875,7068.86328125,1.0512350235571006,0.4342053612561425,0.04342053612561425,67.58013153076172,-10.268209457397461,58.10822941706731,-10.00937908081834,4225.6962890625,244.30885314941406,46,8068.7255859375,10.846683046683047,3.0,1.4336703117011653,19.364089779076078,8164,16.009309162175402,1.1380462464234968,9464.830078125,1.1593373442093338,8116,14.650073928043373,0.9654792111425008,-2395.96826171875,-0.2952154092802797
EMA 84_two_confirm_candle_MAexit84,EMA,84,two_confirm,candle,ma_close,,84,16433,16432,2257,14175,1,13.73539435248296,185208.0,149993.0,159914.5625,145311.46875,11906.08203125,8929.5625,14603.076171875,1.1004951217933374,0.8886974301287123,0.08886974301287123,82.05937194824219,-10.581517219543457,70.85270824102791,-10.25125,4402.701171875,92.95401763916016,50,15602.494140625,13.613193768257059,3.0,2.466446774525038,45.50472718623002,8246,14.079553723017222,1.2088589375355794,15134.18359375,1.8353363562636429,8186,13.388712435866113,0.9927095721852301,-531.109375,-0.06488020706083557
EMA144_one_break_fixed_6_RR2,EMA,144,one_break,fixed_6,fixed_RR,2,,18333,18333,5403,12930,0,29.471444935362463,64836.0,77580.0,95452.9765625,159470.0,24443.998046875,18333.0,-64017.0078125,0.5985638462563492,-3.4919002788687066,-0.34919002788687065,12.0,-6.0,17.666662328798814,-12.333333333333334,64045.125,6174.015625,33,-63007.79296875,1.443408061964763,1.0,-34.56799400829539,0.0,9166,30.002181976871046,0.6139632579618857,-30547.337890625,-3.3326792374672705,9167,28.9407657903349,0.5833961690229159,-33469.671875,-3.651104164394022
EMA144_one_break_fixed_6_RR3,EMA,144,one_break,fixed_6,fixed_RR,3,,18324,18324,5045,13279,0,27.532198209997816,90810.0,79674.0,139578.296875,163774.328125,24431.998046875,18324.0,-24196.0078125,0.8522599266502104,-1.3204544756876229,-0.1320454475687623,18.0,-6.0,27.666659440039645,-12.333332941110024,24489.689453125,1900.88134765625,33,-23195.359375,1.7411045623226369,1.0,-10.004160993900385,0.0,9162,28.10521720148439,0.8769319404766587,-9998.0048828125,-1.091246985681347,9162,26.95917921851124,0.8279751206808276,-14198.0048828125,-1.5496621788706069
EMA144_one_break_fixed_6_RR4,EMA,144,one_break,fixed_6,fixed_RR,4,,18307,18307,4122,14185,0,22.515977494947286,98928.0,85110.0,155262.0,174948.328125,24409.33203125,18307.0,-19686.322265625,0.8874734709614704,-1.0753439812981374,-0.10753439812981373,24.0,-6.0,37.666666666666664,-12.333332966161437,20402.603515625,1205.8260498046875,33,-18684.60546875,1.8555197465450375,1.0,-6.9668182198949005,0.0,9151,23.101300404327397,0.9174748721248399,-7162.328125,-0.7826825620150804,9156,21.930974224552205,0.8579380447664097,-12523.994140625,-1.3678455811080166
EMA144_one_break_fixed_6_RR5,EMA,144,one_break,fixed_6,fixed_RR,5,,18283,18283,3457,14826,0,18.908275447136685,103710.0,88956.0,164783.671875,182853.984375,24377.33203125,18283.0,-18070.328125,0.9011762715383816,-0.9883677801783077,-0.09883677801783078,30.0,-6.0,47.666668173271624,-12.333332279441521,19126.587890625,940.1881103515625,39,-17069.25390625,2.224306733030684,1.0,-5.688225812291341,-140133583.91418853,9140,19.299781181619256,0.9242980480312848,-6886.66357421875,-0.7534642860195568,9143,18.51689817346604,0.8782841623369855,-11183.6630859375,-1.2231940376175763
EMA144_one_break_fixed_6_RR6,EMA,144,one_break,fixed_6,fixed_RR,6,,18256,18256,2952,15304,0,16.170026292725677,106272.0,91824.0,170232.015625,188749.3125,24341.33203125,18256.0,-18517.328125,0.9018947585570676,-1.0143146431310255,-0.10143146431310254,36.0,-6.0,57.666671959688344,-12.333331972033456,19414.82421875,1040.44970703125,47,-17515.822265625,2.5623904469763366,1.0,-5.317683076794508,-143706173.54537478,9129,16.45306167159601,0.9207901007351029,-7450.998046875,-0.8161899492688137,9127,15.886928892297577,0.8831224060749426,-11066.33203125,-1.212482966062233
EMA144_one_break_fixed_6_MAexit9,EMA,144,one_break,fixed_6,ma_close,,9,18309,18309,3215,15094,0,17.559670107597356,107072.0,82524.0,170951.65625,172759.328125,24411.998046875,18309.0,-1807.6669921875,0.9895364731119349,-0.09873106080001638,-0.009873106080001639,33.30388641357422,-5.4673380851745605,53.1731434681182,-11.445563013449053,7985.44677734375,310.7578430175781,40,-807.9075927734375,3.270468075809711,1.0,-0.35624346539236285,-4.697032959562838,9153,17.983174915328306,1.0330778920943962,2832.9990234375,0.3095158989880367,9156,17.13630406290957,0.9467281361564864,-4640.66748046875,-0.5068444168270806
EMA144_one_break_fixed_6_MAexit21,EMA,144,one_break,fixed_6,ma_close,,21,18287,18287,3267,15020,0,17.865150106633127,108224.0,84330.0,172750.328125,175596.65625,24382.6640625,18287.0,-2846.333984375,0.9837905334544205,-0.15564794577432056,-0.015564794577432057,33.12641525268555,-5.614513874053955,52.87735785889195,-11.69085594207723,8042.576171875,295.46624755859375,40,-1846.571044921875,4.186963416634768,1.0,-0.5005113521062726,-8.584312990774126,9139,18.163912900755005,1.0156539249034284,1365.6658935546875,0.1494327490485488,9148,17.566681241801486,0.9523290323864176,-4212.00048828125,-0.4604285623394458
EMA144_one_break_fixed_6_MAexit34,EMA,144,one_break,fixed_6,ma_close,,34,18266,18266,3262,15004,0,17.858315996934195,107112.0,85170.0,170908.65625,176959.328125,24354.6640625,18266.0,-6050.67041015625,0.965807556238426,-0.33125317037973556,-0.033125317037973556,32.83629608154297,-5.676486492156982,52.393824724095644,-11.7941434367502,9802.091796875,387.5883483886719,40,-5051.240234375,4.886127230920836,1.0,-1.0229660103111293,-19.821975754218524,9131,18.344102507939986,0.9861252325103075,-1219.0009765625,-0.13350136639606833,9135,17.372742200328407,0.9457736989629862,-4831.66943359375,-0.528918383535167
EMA144_one_break_fixed_6_MAexit55,EMA,144,one_break,fixed_6,ma_close,,55,18231,18231,3075,15156,0,16.866875102846798,106840.0,86022.0,170891.671875,178734.0,24307.998046875,18231.0,-7842.337890625,0.9561229082043707,-0.4301649876926663,-0.04301649876926663,34.74471664428711,-5.675772190093994,55.57452743902439,-11.792953285827394,11081.517578125,417.6448974609375,69,-6842.3203125,5.831002139213427,1.0,-1.2182738542726121,-25.689394524075357,9118,17.51480587848212,0.9564969438447366,-3848.667724609375,-0.4220956048047132,9113,16.21858882914518,0.9557561416385089,-3993.6689453125,-0.4382386640307802
EMA144_one_break_fixed_6_MAexit84,EMA,144,one_break,fixed_6,ma_close,,84,18191,18191,2570,15621,0,14.12786542795888,110528.0,87816.0,178216.65625,182809.0,24254.6640625,18191.0,-4592.3408203125,0.9748790062305467,-0.2524512572322852,-0.02524512572322852,43.00700378417969,-5.6216630935668945,69.34500243190662,-11.70277190960886,11666.29296875,359.5167236328125,69,-3592.48193359375,7.18179319443681,1.0,-0.6082925916909202,-14.008299669295775,9093,14.736610579566701,0.9640819887787326,-3247.001953125,-0.35708808458429564,9098,13.519454825236316,0.9854414523665217,-1345.3369140625,-0.14787172060480325
EMA144_one_break_fixed_6_MAexit144,EMA,144,one_break,fixed_6,ma_close,,144,18332,18332,1486,16846,0,8.106044075932795,126072.0,95424.0,206652.65625,198347.328125,24442.6640625,18332.0,8305.32421875,1.041872649374767,0.4530506337960943,0.04530506337960943,84.83983612060547,-5.664490222930908,139.06639047779274,-11.774149835272468,9695.57421875,287.2286682128906,85,9307.2451171875,10.307986035348025,1.0,0.8656688422757519,26.697454586117164,9166,8.411520837879118,1.0983455686178036,9719.330078125,1.0603676716261183,9166,7.8005673139864715,0.9857916578743757,-1414.005859375,-0.15426640403392974
EMA144_one_break_fixed_8_RR2,EMA,144,one_break,fixed_8,fixed_RR,2,,18333,18333,6446,11887,0,35.16063928435062,103136.0,95096.0,117639.5,139672.25,18333.0,13749.75,-22032.75,0.8422539194435544,-1.2018082146948126,-0.12018082146948125,16.0,-8.0,18.25,-11.75,22187.25,1921.805908203125,26,-21032.75,1.5163912071128567,2.0,-11.360119528691582,0.0,9166,35.84987999127209,0.8679910261977132,-9120.5,-0.9950360026183722,9167,34.47147376459038,0.8170609466260993,-12912.25,-1.4085578706228865
EMA144_one_break_fixed_8_RR3,EMA,144,one_break,fixed_8,fixed_RR,3,,18304,18304,4997,13307,0,27.300043706293707,119928.0,106456.0,141165.25,156357.25,18304.0,13728.0,-15192.0,0.9028378920708825,-0.8299825174825175,-0.08299825174825175,24.0,-8.0,28.25,-11.75,15721.25,1034.462890625,26,-14192.0,2.014805506993007,2.0,-6.301343979412805,0.0,9149,28.035850912668053,0.9366517153124273,-4900.75,-0.5356596349327796,9155,26.564718732932825,0.8697231795582646,-10291.25,-1.1241125068268705
EMA144_one_break_fixed_8_RR4,EMA,144,one_break,fixed_8,fixed_RR,4,,18259,18259,4013,14246,0,21.97820253025905,128416.0,113968.0,153497.25,167390.5,18259.0,13694.25,-13893.25,0.917000964809831,-0.7608987348704749,-0.07608987348704749,32.0,-8.0,38.25,-11.75,14692.25,823.4412231445312,30,-12893.25,2.529656607700312,2.0,-4.965823835237216,0.0,9130,22.3986856516977,0.9396087028333758,-5027.5,-0.55065717415115,9129,21.557673348669077,0.8946331636791486,-8865.75,-0.9711633256654617
EMA144_one_break_fixed_8_RR5,EMA,144,one_break,fixed_8,fixed_RR,5,,18205,18205,3340,14865,0,18.34660807470475,133600.0,118920.0,161155.0,174663.75,18205.0,13653.75,-13508.75,0.9226585367599173,-0.7420351551771491,-0.07420351551771491,40.0,-8.0,48.25,-11.75,14115.5,892.2566528320312,47,-12508.75,3.042405932436144,2.0,-4.311253647084157,0.0,9106,18.581155282231496,0.9371459401132992,-5475.5,-0.6013068306611026,9099,18.111880426420484,0.9082430746122897,-8033.25,-0.8828717441477085
EMA144_one_break_fixed_8_RR6,EMA,144,one_break,fixed_8,fixed_RR,6,,18132,18132,2866,15266,0,15.806309287447606,137568.0,122128.0,166944.5,179375.5,18132.0,13599.0,-12431.0,0.9306984510147707,-0.6855834987866755,-0.06855834987866755,48.0,-8.0,58.25,-11.75,13039.75,828.4466552734375,47,-11431.0,3.541032428855063,2.0,-3.6151818011535566,0.0,9062,16.033988082101082,0.9466645042404991,-4768.5,-0.526208342529243,9070,15.578831312017641,0.914832485363136,-7662.5,-0.8448180815876516
EMA144_one_break_fixed_8_MAexit9,EMA,144,one_break,fixed_8,ma_close,,9,18307,18307,3869,14438,0,21.13399246189982,126640.0,102272.0,151529.25,153106.5,18307.0,13730.25,-1577.25,0.9896983472288897,-0.08615556890806796,-0.008615556890806796,32.731971740722656,-7.083529472351074,39.16496510726286,-10.604411968416677,6724.0,224.1746368408203,40,-577.25,3.696345660130005,2.0,-0.3851591585776166,-3.660141472256573,9152,21.72202797202797,1.042067990539987,3184.0,0.3479020979020979,9155,20.546149645002732,0.9385006361446405,-4761.25,-0.5200709994538504
EMA144_one_break_fixed_8_MAexit21,EMA,144,one_break,fixed_8,ma_close,,21,18270,18270,3925,14345,0,21.483305966064588,129008.0,105400.0,154391.25,156853.75,18270.0,13702.5,-2462.5,0.9843006622411004,-0.13478379857690204,-0.013478379857690204,32.86827850341797,-7.347507953643799,39.335350318471335,-10.934384803067271,7047.25,203.2721710205078,37,-1462.5,4.835851122058019,1.0,-0.53244725211401,-6.6563983003181875,9131,21.826744058701127,1.028650231500806,2230.75,0.24430511444529623,9139,21.14016850858956,0.940585943557754,-4693.25,-0.5135408688040267
EMA144_one_break_fixed_8_MAexit34,EMA,144,one_break,fixed_8,ma_close,,34,18243,18243,3888,14355,0,21.31228416378885,127856.0,106864.0,153016.0,158701.25,18243.0,13682.25,-5685.25,0.9641764006269642,-0.31164008112700764,-0.031164008112700765,32.88477325439453,-7.4443745613098145,39.3559670781893,-11.055468477882272,7659.5,321.4900207519531,32,-4685.25,5.708271665844434,1.0,-1.1780818869595224,-16.55717868357708,9121,21.894529108650367,1.004811300354885,378.25,0.04147023352702554,9122,20.730103047577288,0.9242859863206561,-6063.5,-0.6647116860337645
EMA144_one_break_fixed_8_MAexit55,EMA,144,one_break,fixed_8,ma_close,,55,18190,18190,3659,14531,0,20.11544804837823,127640.0,108256.0,153146.75,160749.25,18190.0,13642.5,-7602.5,0.9527058446617946,-0.4179494227597581,-0.04179494227597581,34.883846282958984,-7.450003623962402,41.85481005739273,-11.062504301149268,9012.25,428.593505859375,49,-6602.5,6.87064321055525,1.0,-1.4498604260232772,-22.27777377405531,9096,20.954265611257696,0.9823779661551066,-1398.0,-0.1536939313984169,9094,19.27644600835716,0.9237933226271007,-6204.5,-0.6822630305696064
EMA144_one_break_fixed_8_MAexit84,EMA,144,one_break,fixed_8,ma_close,,84,18139,18139,3074,15065,0,16.946909972986383,131160.0,110952.0,158570.5,165053.75,18139.0,13604.25,-6483.25,0.9607203713941671,-0.35742047521914105,-0.03574204752191411,42.66753387451172,-7.364885330200195,51.58441769681197,-10.956106870229007,9404.75,406.73583984375,49,-5483.25,8.47769998346105,1.0,-1.067294203669691,-17.80602880956431,9067,17.690526083599867,0.9947505997339976,-427.25,-0.047121429359214734,9072,16.203703703703702,0.9276147902012227,-6056.0,-0.6675485008818343
EMA144_one_break_fixed_8_MAexit144,EMA,144,one_break,fixed_8,ma_close,,144,18332,18332,1848,16484,0,10.08073314422867,152144.0,122552.0,186946.0,182037.0,18332.0,13749.0,4909.0,1.0269670451611486,0.2677831114990181,0.026778311149901812,82.3290023803711,-7.434603214263916,101.16125541125541,-11.04325406454744,9479.25,243.9107208251953,69,5909.0,12.419048658084224,2.0,0.6302917122957531,14.147266865305745,9166,10.331660484398865,1.0925429620468636,8399.5,0.9163757364171939,9166,9.829805804058477,0.961757898629124,-3490.5,-0.38080951341915775
EMA144_one_break_fixed_10_RR2,EMA,144,one_break,fixed_10,fixed_RR,2,,17369,17369,6179,11190,0,35.574874776901375,123580.0,111900.0,114929.40625,127566.0078125,13895.201171875,10421.3984375,-12636.6083984375,0.9009406833435313,-0.7275380504598711,-0.07275380504598711,20.0,-10.0,18.600001011490534,-11.400000698168007,12834.1875,1095.4410400390625,21,-11636.7890625,2.277505901318441,3.0,-6.676095339558897,0.0,8658,36.417186417186414,0.9344902592427116,-4111.2041015625,-0.47484454857501734,8711,34.737687980714036,0.8684535399211529,-8525.404296875,-0.9786940990557915
EMA144_one_break_fixed_10_RR3,EMA,144,one_break,fixed_10,fixed_RR,3,,16906,16906,4583,12323,0,27.10871879805986,137490.0,123230.0,131073.8125,140482.203125,13524.80078125,10143.599609375,-9408.4091796875,0.9330278824241638,-0.5565130237600556,-0.05565130237600556,30.0,-10.0,28.60000272747109,-11.400000253590846,10050.4990234375,629.3355102539062,21,-8407.6982421875,3.0066248669111557,3.0,-4.069522771864837,0.0,8425,27.75074183976261,0.9636126388318144,-2525.004638671875,-0.2997038146791543,8481,26.470935031246317,0.9031740174153245,-6883.404296875,-0.8116264941486853
EMA144_one_break_fixed_10_RR4,EMA,144,one_break,fixed_10,fixed_RR,4,,16548,16547,3603,12944,1,21.774339759473015,144120.0,129440.0,139075.8125,147561.59375,13237.6015625,9928.2001953125,-8485.80078125,0.9424932935843952,-0.5128301674774883,-0.051283016747748836,40.0,-10.0,38.600003469331114,-11.399999517150803,8795.685546875,685.2354125976562,40,-7484.8857421875,3.759896053665317,3.0,-3.1968042992318395,-69172438.63956134,8245,22.280169799878717,0.970664411969601,-2143.00048828125,-0.2599151592821407,8302,21.27198265478198,0.9148735726091951,-6342.7998046875,-0.7640086490830523
EMA144_one_break_fixed_10_RR5,EMA,144,one_break,fixed_10,fixed_RR,5,,16220,16219,2953,13266,1,18.207041124606942,147650.0,132660.0,143515.8125,151232.390625,12975.203125,9731.400390625,-7716.6015625,0.9489753610776792,-0.4757754215734632,-0.04757754215734632,50.0,-10.0,48.60000423298341,-11.399999293306196,8342.57421875,677.3768920898438,41,-6715.50146484375,4.691842900302115,3.0,-2.6168877177663465,-63535134.27577561,8070,18.649318463444857,0.977312005618578,-1698.0003662109375,-0.21040896731238382,8149,17.76905141735182,0.9212135281905482,-6018.60107421875,-0.7385692814110627
EMA144_one_break_fixed_10_RR6,EMA,144,one_break,fixed_10,fixed_RR,6,,15970,15969,2487,13482,1,15.573924478677437,149220.0,134820.0,145738.203125,153694.796875,12775.2021484375,9581.400390625,-7956.6005859375,0.9482312094372909,-0.4982529016179786,-0.04982529016179786,60.0,-10.0,58.60000125653398,-11.399999768209465,8620.572265625,589.2391357421875,46,-6955.54052734375,5.435593963303901,3.0,-2.480580501047873,-66021989.548859715,7940,16.095717884130984,0.9860955294567846,-1055.9996337890625,-0.13299743498602803,8029,15.057915057915059,0.9112440906080472,-6900.60009765625,-0.8594594716224
EMA144_one_break_fixed_10_MAexit9,EMA,144,one_break,fixed_10,ma_close,,9,17949,17949,4241,13708,0,23.628057273385707,137600.0,113460.0,131662.609375,132651.203125,14359.201171875,10769.3994140625,-988.6092529296875,0.992547419648592,-0.05507879285362346,-0.005507879285362346,32.4451789855957,-8.276918411254883,31.045180234614477,-9.676918815655092,5745.81201171875,149.66519165039062,32,11.6865234375,4.06395899493008,2.0,-0.2944400930396965,-2.203992074750993,8965,24.38371444506414,1.042654864925383,2782.99560546875,0.3104289576652259,8984,22.873998219056098,0.9440470002184735,-3771.6044921875,-0.4198135009113424
EMA144_one_break_fixed_10_MAexit21,EMA,144,one_break,fixed_10,ma_close,,21,17600,17600,4300,13300,0,24.431818181818183,139088.0,116156.0,133068.015625,134776.015625,14080.0009765625,10559.998046875,-1708.009033203125,0.9873271220247946,-0.0970459677956321,-0.00970459677956321,32.346046447753906,-8.73353385925293,30.94605014534884,-10.133535009398496,5848.3447265625,173.1871337890625,34,-707.9202880859375,5.429204545454546,1.0,-0.45007689563302167,-4.358769323873246,8795,24.911881750994883,1.0168450829493076,1120.9954833984375,0.12745826985769612,8805,23.95229982964225,0.9585362745264184,-2829.00439453125,-0.32129521800468486
EMA144_one_break_fixed_10_MAexit34,EMA,144,one_break,fixed_10,ma_close,,34,17471,17471,4265,13206,0,24.411882548222767,138944.0,117400.0,132973.0,135888.40625,13976.80078125,10482.599609375,-2915.408203125,0.9785455850837165,-0.1668712840206628,-0.016687128402066282,32.57772445678711,-8.889898300170898,31.17772567409144,-10.289899004240496,5579.02392578125,219.2342529296875,30,-1915.2177734375,6.475473642035373,1.0,-0.7265501180101783,-7.929998844003157,8734,25.234714907258986,1.0008134419293104,54.395751953125,0.006228045792663728,8737,23.589332722902597,0.9569619874817776,-2969.8037109375,-0.3399111492431613
EMA144_one_break_fixed_10_MAexit55,EMA,144,one_break,fixed_10,ma_close,,55,17387,17387,4011,13376,0,23.068959567492957,140272.0,118938.0,134656.59375,137664.40625,13909.6015625,10432.19921875,-3007.808349609375,0.9781511243034181,-0.1729917955719431,-0.01729917955719431,34.97182846069336,-8.89189624786377,33.57182591623037,-10.291896400269138,5745.7978515625,243.1048126220703,34,-2007.5107421875,7.868579973543452,1.0,-0.6806266555206243,-8.22740362866886,8693,24.157367997239156,1.0022167760487373,149.79556274414062,0.01723174539792254,8694,21.980676328502415,0.9549492411955263,-3157.6044921875,-0.36319352337100297
EMA144_one_break_fixed_10_MAexit84,EMA,144,one_break,fixed_10,ma_close,,84,17340,17340,3383,13957,0,19.50980392156863,144424.0,121664.0,139687.796875,141203.8125,13872.001953125,10403.9990234375,-1516.008544921875,0.9892636353214613,-0.08742840512813581,-0.008742840512813582,42.69110107421875,-8.717059135437012,41.29110164794561,-10.117060435623701,5677.5087890625,236.6671600341797,41,-515.7388916015625,9.737370242214533,1.0,-0.29676191208004277,-3.924334802506056,8664,20.56786703601108,1.0301332103321867,2084.396484375,0.24058131167763158,8676,18.453204241585986,0.9500159870403021,-3600.404541015625,-0.41498438693126155
EMA144_one_break_fixed_10_MAexit144,EMA,144,one_break,fixed_10,ma_close,,144,18332,18331,2088,16243,1,11.390540614259997,170776.0,139124.0,167852.78125,161864.1875,14664.80078125,10998.599609375,5988.5908203125,1.036997645016443,0.3266919873608914,0.03266919873608914,81.78926849365234,-8.565166473388672,80.38926305076629,-9.9651657637136,7929.7646484375,151.58531188964844,66,6986.96728515625,13.982597785172658,2.0,0.9136659553722458,16.340663759784988,9165,11.696672122204037,1.121767964133377,9814.99609375,1.0709215596017458,9166,11.084442504909447,0.9529116563453398,-3826.404541015625,-0.4174563103879146
EMA144_one_break_candle_RR2,EMA,144,one_break,candle,fixed_RR,2,,15036,15035,5333,9702,1,35.47056867309611,159380.0,146405.0,100925.390625,107293.640625,9147.564453125,6860.6728515625,-6368.23876953125,0.940646528881823,-0.4235609424363984,-0.04235609424363984,29.885618209838867,-15.090188026428223,18.92469353553347,-11.058919874768089,6735.275390625,495.5868835449219,21,-5368.36181640625,4.30881277020286,3.0,-3.6190680744272927,-129.2075514141568,7483,36.1886943739142,0.9709263535901463,-1534.717529296875,-0.20509388337523388,7552,34.75900423728814,0.9113218313290037,-4833.521484375,-0.6400319762149099
EMA144_one_break_candle_RR3,EMA,144,one_break,candle,fixed_RR,3,,14341,14340,3838,10502,1,26.764295676429565,169098.0,156570.0,110935.9609375,116287.359375,8840.80078125,6630.6005859375,-5351.40283203125,0.9539812541426539,-0.3731801138097106,-0.03731801138097106,44.05888366699219,-14.908588409423828,28.90462765437728,-11.072877487621405,6034.1357421875,362.45184326171875,21,-4351.46240234375,6.152022315202231,4.0,-2.52419378963978,-110.45764311478064,7095,27.610993657505283,0.9958385510616408,-236.59812927246094,-0.03334716409759844,7245,25.93512767425811,0.913940960971461,-5114.8046875,-0.7059771825396826
EMA144_one_break_candle_RR4,EMA,144,one_break,candle,fixed_RR,4,,13880,13879,2974,10905,1,21.428056776424814,173756.0,161027.0,115682.796875,120870.703125,8627.3759765625,6470.5322265625,-5187.91015625,0.9570788775454143,-0.37379567376972406,-0.03737956737697241,58.425018310546875,-14.766345977783203,38.8980487138534,-11.083970942228335,5746.611328125,419.9620361328125,28,-4188.02880859375,7.8471791915844085,4.0,-2.1467825749389635,-108.28723145557885,6867,22.17853502257172,1.0002719311158845,16.10595703125,0.002345413867955439,7012,20.693097547062177,0.9155800469337347,-5204.0166015625,-0.7421586710728038
EMA144_one_break_candle_RR5,EMA,144,one_break,candle,fixed_RR,5,,13484,13483,2438,11045,1,18.082029221983237,176815.0,162101.0,119194.734375,122500.6640625,8431.9580078125,6323.96826171875,-3305.9287109375,0.9730129651720638,-0.24519236897852853,-0.024519236897852854,72.52461242675781,-14.676414489746094,48.89037505127153,-11.091051522181983,3974.0419921875,283.87042236328125,30,-2305.90771484375,9.567455314099236,4.0,-1.2331099887716532,-69.82926369170895,6667,18.79406029698515,1.0203317952847637,1220.57421875,0.18307697896355182,6816,17.385563380281692,0.9275387594511855,-4526.5029296875,-0.6640996082287999
EMA144_one_break_candle_RR6,EMA,144,one_break,candle,fixed_RR,6,,13063,13062,2020,11042,1,15.464706783034757,175074.0,161206.0,118945.3359375,122530.84375,8208.8583984375,6156.6435546875,-3585.50537109375,0.9707379162440477,-0.2744989565988172,-0.027449895659881717,86.67029571533203,-14.599348068237305,58.883829672029705,-11.096798021191812,4684.21044921875,285.6247253417969,42,-2585.493896484375,11.296355841371918,4.0,-1.2397117464867038,-76.84348055142527,6473,16.221226633709254,1.0275253683044512,1656.134765625,0.25585273684921983,6589,14.72150553953559,0.9159499640902288,-5241.6396484375,-0.7955136816569283
EMA144_one_break_candle_MAexit9,EMA,144,one_break,candle,ma_close,,9,17839,17839,4771,13068,0,26.744772689052077,153832.0,128225.0,106229.859375,102975.625,10325.302734375,7743.9765625,3254.24072265625,1.0316019871207385,0.18242282205595886,0.018242282205595886,32.24313735961914,-9.81213665008545,22.26574289981136,-7.879983547597184,3252.4755859375,81.67143249511719,23,4254.189453125,4.442289365995852,2.0,1.0879496200815935,6.354412038464277,8917,27.43075025232702,1.0936284370100615,4724.8408203125,0.529868881946002,8922,26.059179556153328,0.9719948886584187,-1470.5989990234375,-0.16482840159419834
EMA144_one_break_candle_MAexit21,EMA,144,one_break,candle,ma_close,,21,17347,17347,4910,12437,0,28.304605983743585,157640.0,133316.0,109062.6953125,106805.96875,10120.2353515625,7590.1767578125,2256.722900390625,1.0211292176730526,0.13009297863553496,0.013009297863553496,32.10590744018555,-10.719305038452148,22.21236157077393,-8.587759809439575,3194.74658203125,135.5103302001953,32,3256.756591796875,6.097942007263504,2.0,0.6724950550237344,4.79641098235096,8676,28.79207007837713,1.0580869766635919,3052.385009765625,0.3518193879397908,8671,27.81686080036905,0.9853354044761682,-795.662353515625,-0.09176131397942855
EMA144_one_break_candle_MAexit34,EMA,144,one_break,candle,ma_close,,34,17133,17133,4868,12265,0,28.4130041440495,158032.0,135293.0,109166.9609375,108186.3828125,10030.322265625,7522.7421875,980.5732421875,1.0090637851040778,0.05723301477776805,0.005723301477776805,32.463436126708984,-11.030818939208984,22.425423364317997,-8.820740547289034,3924.823486328125,231.30056762695312,30,1980.610107421875,7.374190159341621,2.0,0.27941888890541405,2.1769764614027673,8575,29.271137026239067,1.0402990582197467,2132.998046875,0.2487461279154519,8558,27.553166627716756,0.9791444045332325,-1152.4246826171875,-0.13466051444463514
EMA144_one_break_candle_MAexit55,EMA,144,one_break,candle,ma_close,,55,16986,16986,4575,12411,0,26.933945602260685,161656.0,137141.0,110890.46875,109454.375,9968.53515625,7476.4013671875,1436.0830078125,1.0131204782814758,0.08454509642131755,0.008454509642131755,35.33464431762695,-11.049955368041992,24.238353825136613,-8.819142293127065,3719.7060546875,257.5318298339844,30,2436.13671875,9.10485105380902,2.0,0.3734300834831856,3.2079547924242973,8512,28.019266917293233,1.0539612286046551,2883.579833984375,0.33876642786470573,8474,25.843757375501536,0.9741594650500625,-1447.4971923828125,-0.17081628420849806
EMA144_one_break_candle_MAexit84,EMA,144,one_break,candle,ma_close,,84,16996,16996,3846,13150,0,22.62885384796423,167888.0,140596.0,116159.8046875,112126.328125,9972.1240234375,7479.09375,4033.481689453125,1.0359726090200994,0.2373194686663406,0.02373194686663406,43.652626037597656,-10.69171142578125,30.202757329043163,-8.526716967680608,3593.02587890625,182.86642456054688,40,5033.4072265625,11.331019063309014,2.0,0.8952755176341037,8.712965342870376,8521,23.588780659547,1.073685011266398,4033.492919921875,0.4733591033824522,8475,21.663716814159294,0.9999997957931621,-0.0111083984375,-1.3107254793510325e-06
EMA144_one_break_candle_MAexit144,EMA,144,one_break,candle,ma_close,,144,18331,18330,2393,15937,1,13.055100927441355,200368.0,164113.0,136886.09375,127026.953125,10531.2802734375,7898.4599609375,9859.14453125,1.0776145564579367,0.5378693143071468,0.05378693143071468,83.73088073730469,-10.297609329223633,57.20271364396155,-7.970568684507749,4309.197265625,132.0182647705078,56,10858.533203125,16.263720676486635,2.0,1.842552294588411,21.93049969828892,9165,13.464266230223675,1.1629911913925441,10261.564453125,1.1196469670621931,9165,12.64593562465903,0.993718887394194,-402.4232177734375,-0.043908698065841516
EMA144_two_confirm_fixed_6_RR2,EMA,144,two_confirm,fixed_6,fixed_RR,2,,12400,12400,3777,8623,0,30.45967741935484,45324.0,51738.0,66726.9765625,106350.34375,16533.33203125,12400.0,-39623.33984375,0.6274260543939238,-3.195430632560484,-0.3195430632560484,12.0,-6.0,17.666660461344982,-12.33333454134292,39657.82421875,3836.616455078125,20,-38624.15625,1.4486290322580646,1.0,-25.77139998405011,-186556394.05904046,6277,31.145451648876854,0.6479417112536161,-18766.337890625,-2.9896985647004937,6123,29.75665523436224,0.6068102280964841,-20857.00390625,-3.4063374009880776
EMA144_two_confirm_fixed_6_RR3,EMA,144,two_confirm,fixed_6,fixed_RR,3,,12400,12400,3518,8882,0,28.37096774193548,63324.0,53292.0,97331.3046875,109544.671875,16533.33203125,12400.0,-12213.33984375,0.8885078846971534,-0.984946761592742,-0.0984946761592742,18.0,-6.0,27.66665852401933,-12.333333919725288,12416.1875,1096.19091796875,25,-11213.5107421875,1.7555645161290323,1.0,-6.082498614508889,-115006801.1183807,6277,29.0903297753704,0.9202787503454707,-4376.3369140625,-0.697201993637486,6123,27.633512983831455,0.8565936133323574,-7837.0029296875,-1.2799286182733138
EMA144_two_confirm_fixed_6_RR4,EMA,144,two_confirm,fixed_6,fixed_RR,4,,12400,12400,2872,9528,0,23.161290322580644,68928.0,57168.0,108178.65625,117512.0078125,16533.33203125,12400.0,-9333.328125,0.9205753374804716,-0.752687752016129,-0.0752687752016129,24.0,-6.0,37.666663039693596,-12.333334153285055,9479.642578125,849.6839599609375,35,-8333.9658203125,1.8774193548387097,1.0,-3.9736011029050013,-87887195.26579916,6277,24.1038712760873,0.9699377131472668,-1766.3302001953125,-0.2813971961439083,6123,22.19500244977952,0.8712130947788115,-7566.9970703125,-1.235831629971011
EMA144_two_confirm_fixed_6_RR5,EMA,144,two_confirm,fixed_6,fixed_RR,5,,12400,12400,2387,10013,0,19.25,71610.0,60078.0,113780.328125,123493.671875,16533.33203125,12400.0,-9713.328125,0.9213454130683568,-0.7833329133064516,-0.07833329133064516,30.0,-6.0,47.66666448470884,-12.333333853490462,9957.234375,815.9437255859375,41,-8713.8994140625,2.253548387096774,1.0,-3.6873920819928103,-91465458.22768095,6277,19.977696351760397,0.9648696668942095,-2176.330810546875,-0.34671512036751234,6123,18.50400130654908,0.8775333235079397,-7536.9970703125,-1.2309320709313245
EMA144_two_confirm_fixed_6_RR6,EMA,144,two_confirm,fixed_6,fixed_RR,6,,12400,12400,2062,10338,0,16.629032258064516,74232.0,62028.0,118908.6875,127502.0078125,16533.33203125,12400.0,-8593.330078125,0.9326024706596225,-0.693010490171371,-0.0693010490171371,36.0,-6.0,57.66667677012609,-12.333334089040433,9413.306640625,645.6317138671875,52,-7594.189453125,2.600483870967742,1.0,-2.960817965981763,-80919012.89101923,6277,17.14194678986777,0.9673191366428415,-2096.331298828125,-0.3339702563052613,6123,16.103217377102727,0.8974531577408583,-6496.998046875,-1.0610808503797158
EMA144_two_confirm_fixed_6_MAexit9,EMA,144,two_confirm,fixed_6,ma_close,,9,12400,12400,2097,10303,0,16.911290322580644,79168.0,56916.0,127053.65625,118900.34375,16533.33203125,12400.0,8153.330078125,1.0685726570912457,0.657526619203629,0.0657526619203629,37.75297927856445,-5.524216175079346,60.58829577968527,-11.54036142385713,5130.2548828125,268.64617919921875,56,9152.828125,3.5263709677419355,1.0,1.7537261793835783,27.097878085175203,6277,17.50836386808985,1.118552465103032,7046.9990234375,1.1226699097399235,6123,16.299199738690184,1.0186068448402747,1106.33251953125,0.18068471656561327
EMA144_two_confirm_fixed_6_MAexit21,EMA,144,two_confirm,fixed_6,ma_close,,21,12400,12400,1875,10525,0,15.120967741935484,81680.0,59346.0,131758.34375,123468.34375,16533.33203125,12400.0,8289.994140625,1.0671427164908414,0.6685479145665323,0.06685479145665323,43.56266784667969,-5.638574600219727,70.27111666666667,-11.730959026128266,5985.06005859375,324.3934020996094,51,9289.30078125,4.737983870967742,1.0,1.594485830658267,31.289658434642753,6277,15.692209654293451,1.0920570000508787,5703.6650390625,0.9086609907698742,6123,14.535358484403071,1.0420470492573466,2586.330810546875,0.42239601674781563
EMA144_two_confirm_fixed_6_MAexit34,EMA,144,two_confirm,fixed_6,ma_close,,34,12400,12400,1840,10560,0,14.838709677419354,83496.0,60210.0,134866.65625,124990.0,16533.33203125,12400.0,9876.662109375,1.0790195715657254,0.7965050088205645,0.07965050088205645,45.37826156616211,-5.701704502105713,73.29709578804348,-11.836174242424242,6086.40234375,334.29534912109375,54,10876.6630859375,5.676370967741936,1.0,1.7695456558958493,40.80609069658055,6277,15.262067866815357,1.0935177352736432,5863.66552734375,0.9341509522612315,6123,14.404703576678099,1.0644254337377088,4012.9970703125,0.6553972024028254
EMA144_two_confirm_fixed_6_MAexit55,EMA,144,two_confirm,fixed_6,ma_close,,55,12400,12400,1677,10723,0,13.524193548387098,84104.0,61284.0,136260.328125,127160.34375,16533.33203125,12400.0,9099.994140625,1.0715630683799564,0.7338704952116936,0.07338704952116935,50.15146255493164,-5.715191841125488,81.2524317978533,-11.85865371164786,8150.9072265625,291.0350341796875,69,10099.451171875,6.867822580645162,1.0,1.483182613120865,38.431721884433244,6277,14.067229568265095,1.0962414247886292,6143.6640625,0.9787580153735861,6123,12.967499591703413,1.0466853740940583,2956.330078125,0.48282379195247427
EMA144_two_confirm_fixed_6_MAexit84,EMA,144,two_confirm,fixed_6,ma_close,,84,12394,12394,1354,11040,0,10.924640955300951,89880.0,63540.0,146640.65625,131660.0,16525.33203125,12394.0,14980.6611328125,1.113782897235303,1.2087026894313782,0.12087026894313782,66.38109588623047,-5.755434989929199,108.30181406942393,-11.92572463768116,6812.29052734375,150.10513305664062,69,15982.126953125,8.633451670162982,1.0,2.058676906841102,68.0518696414472,6273,11.398055157022158,1.1326659481257533,8779.6640625,1.399595737685318,6121,10.439470674726351,1.0946986205873788,6200.99560546875,1.013069041899812
EMA144_two_confirm_fixed_6_MAexit144,EMA,144,two_confirm,fixed_6,ma_close,,144,12400,12400,976,11424,0,7.870967741935483,92280.0,67314.0,151522.65625,138846.0,16533.33203125,12400.0,12676.6591796875,1.0913001184765856,1.0223112241683467,0.10223112241683467,94.54917907714844,-5.892332077026367,155.2486232069672,-12.153886554621849,7516.46728515625,318.8096008300781,73,13677.384765625,11.343709677419355,1.0,1.5267094597970308,85.7547438050381,6277,8.236418671339813,1.1439365804885016,10076.998046875,1.6053844267763262,6123,7.496325330720236,1.0377660535548259,2599.66259765625,0.42457334601604607
EMA144_two_confirm_fixed_8_RR2,EMA,144,two_confirm,fixed_8,fixed_RR,2,,12400,12400,4480,7920,0,36.12903225806451,71680.0,63360.0,81760.0,93060.0,12400.0,9300.0,-11300.0,0.8785729636793467,-0.9112903225806451,-0.09112903225806451,16.0,-8.0,18.25,-11.75,11556.75,996.9160766601562,16,-10300.0,1.5216935483870968,2.0,-7.041520463739306,0.0,6277,36.88067548191811,0.9075311201091217,-4304.75,-0.6857973554245659,6123,35.35848440307039,0.8495855418059841,-6995.25,-1.142454679078883
EMA144_two_confirm_fixed_8_RR3,EMA,144,two_confirm,fixed_8,fixed_RR,3,,12400,12400,3460,8940,0,27.903225806451616,83040.0,71520.0,97745.0,105045.0,12400.0,9300.0,-7300.0,0.9305059736303489,-0.5887096774193549,-0.05887096774193549,24.0,-8.0,28.25,-11.75,7655.75,623.3055419921875,24,-6300.0,2.0386290322580645,2.0,-3.6539859820064704,0.0,6277,28.723912697148318,0.9689030711724479,-1634.75,-0.2604349211406723,6123,27.061897762534702,0.8920400949014302,-5665.25,-0.925240894986118
EMA144_two_confirm_fixed_8_RR4,EMA,144,two_confirm,fixed_8,fixed_RR,4,,12400,12399,2770,9629,1,22.340511331558996,88640.0,77032.0,105952.5,113140.75,12399.0,9299.25,-7188.25,0.9364663041388712,-0.5797443342205016,-0.057974433422050164,32.0,-8.0,38.25,-11.75,7572.25,666.8648071289062,35,-6188.25,2.558432131623518,2.0,-3.0996743032849996,0.0,6276,23.024219247928617,0.9736982343640583,-1493.0,-0.23789037603569152,6123,21.639719091948393,0.8989782976949615,-5695.25,-0.9301404540258044
EMA144_two_confirm_fixed_8_RR5,EMA,144,two_confirm,fixed_8,fixed_RR,5,,12400,12399,2318,10081,1,18.695056052907493,92720.0,80648.0,111843.5,118451.75,12399.0,9299.25,-6608.25,0.9442114616288911,-0.5329663682555045,-0.05329663682555045,40.0,-8.0,48.25,-11.75,7521.75,645.6437377929688,37,-5608.25,3.078796677151383,2.0,-2.5369973254612157,0.0,6276,19.20012746972594,0.9757821907634987,-1443.0,-0.22992351816443596,6123,18.17736403723665,0.9122563383870557,-5165.25,-0.8435815776580108
EMA144_two_confirm_fixed_8_RR6,EMA,144,two_confirm,fixed_8,fixed_RR,6,,12400,12399,2001,10398,1,16.138398257924024,96048.0,83184.0,116558.25,122176.5,12399.0,9299.25,-5618.25,0.9540152975408528,-0.45312121945318173,-0.045312121945318175,48.0,-8.0,58.25,-11.75,6620.75,470.7251892089844,41,-4618.25,3.583756754576982,2.0,-1.959286323538141,0.0,6276,16.634799235181642,0.9892153035330861,-663.0,-0.10564053537284895,6123,15.629593336599706,0.9183655818321101,-4955.25,-0.8092846643802057
EMA144_two_confirm_fixed_8_MAexit9,EMA,144,two_confirm,fixed_8,ma_close,,9,12400,12400,2509,9891,0,20.233870967741936,92480.0,71024.0,111209.25,106089.25,12400.0,9300.0,5120.0,1.0482612517290866,0.4129032258064516,0.04129032258064516,36.85930633544922,-7.18066930770874,44.32413312076525,-10.72583661914872,3760.5,228.28958129882812,49,6120.0,3.982741935483871,2.0,1.3776792355401029,15.1648124286384,6277,20.837979926716585,1.0948691257306773,5035.25,0.8021746057033615,6123,19.614568022211333,1.0015986494006244,84.75,0.01384125428711416
EMA144_two_confirm_fixed_8_MAexit21,EMA,144,two_confirm,fixed_8,ma_close,,21,12400,12400,2247,10153,0,18.120967741935484,96648.0,74952.0,116877.75,111457.75,12400.0,9300.0,5420.0,1.0486282918863874,0.43709677419354837,0.04370967741935484,43.01201629638672,-7.382251739501953,52.01502002670227,-10.977814439082044,4858.5,313.24951171875,51,6420.0,5.488790322580646,1.0,1.2937408606390755,18.23384276527242,6277,18.81472040783814,1.0650918564675549,3635.25,0.5791381233073124,6123,17.40976645435244,1.0320941921155913,1784.75,0.29148293320267843
EMA144_two_confirm_fixed_8_MAexit34,EMA,144,two_confirm,fixed_8,ma_close,,34,12400,12400,2199,10201,0,17.733870967741936,99280.0,76336.0,120251.75,113271.75,12400.0,9300.0,6980.0,1.061621719449024,0.5629032258064516,0.05629032258064516,45.14779281616211,-7.483188152313232,54.68474306502956,-11.103984903440839,4608.5,317.6085510253906,53,7980.0,6.657016129032258,1.0,1.5471102378683905,25.49910435278003,6277,18.065955074079977,1.0564699767883334,3205.25,0.5106340608570974,6123,17.39343459088682,1.0667961388389973,3774.75,0.6164870161685448
EMA144_two_confirm_fixed_8_MAexit55,EMA,144,two_confirm,fixed_8,ma_close,,55,12400,12400,2001,10399,0,16.137096774193548,100664.0,78144.0,122328.25,115878.25,12400.0,9300.0,6450.0,1.0556618692463857,0.5201612903225806,0.052016129032258066,50.306846618652344,-7.51456880569458,61.133558220889554,-11.143210885662082,6373.0,263.83770751953125,54,7450.0,8.154596774193548,1.0,1.290495739299645,24.261793490905664,6277,16.55249322924964,1.0530143565334684,3085.25,0.4915166480802931,6123,15.711252653927813,1.0583330082738474,3364.75,0.5495263759594969
EMA144_two_confirm_fixed_8_MAexit84,EMA,144,two_confirm,fixed_8,ma_close,,84,12393,12393,1617,10776,0,13.047688211086905,107536.0,81568.0,131590.25,120818.0,12393.0,9294.75,10772.25,1.089160969391978,0.8692205277172598,0.08692205277172597,66.50340270996094,-7.569413661956787,81.37925170068027,-11.211766889383815,5370.5,113.30766296386719,53,11772.25,10.31364479948358,2.0,1.827991569535756,42.87921774778908,6273,13.374780806631595,1.0812876750631173,4942.25,0.7878606727243743,6120,12.712418300653594,1.097136716179178,5830.0,0.9526143790849673
EMA144_two_confirm_fixed_8_MAexit144,EMA,144,two_confirm,fixed_8,ma_close,,144,12400,12399,1209,11190,1,9.750786353738205,114744.0,87376.0,141314.25,128802.5,12399.0,9299.25,12511.75,1.097139030686516,1.0090934752802645,0.10090934752802645,94.90818786621094,-7.8084001541137695,116.88523573200993,-11.510500446827525,5146.75,179.9091033935547,65,13511.75,13.890313734978628,2.0,1.811245673138099,73.49137080966132,6276,10.086042065009561,1.1198703979152975,7797.0,1.2423518164435947,6123,9.407153356197941,1.0739484529210404,4714.75,0.7700065327453862
EMA144_two_confirm_fixed_10_RR2,EMA,144,two_confirm,fixed_10,fixed_RR,2,,12395,12395,4463,7932,0,36.00645421540944,89260.0,79320.0,83011.796875,90424.796875,9916.0009765625,7436.99951171875,-7413.00634765625,0.9180202747898072,-0.598064247491428,-0.05980642474914279,20.0,-10.0,18.59999929979834,-11.399999606026222,7844.7021484375,592.2314453125,18,-6412.0986328125,2.294150867285196,3.0,-4.623720130566339,-69818580.85892321,6273,36.68101386896222,0.9451821636586425,-2482.203125,-0.39569633747808064,6122,35.31525645213983,0.8907763291820626,-4930.80322265625,-0.8054235907638435
EMA144_two_confirm_fixed_10_RR3,EMA,144,two_confirm,fixed_10,fixed_RR,3,,12387,12386,3360,9026,1,27.12740190537704,100800.0,90260.0,96096.015625,102896.40625,9908.80078125,7431.599609375,-6800.40625,0.9339103193897988,-0.5490397424511545,-0.05490397424511545,30.0,-10.0,28.60000465029762,-11.400000692444051,7232.7353515625,587.8361206054688,26,-5799.48681640625,3.0272081382205718,3.0,-3.4357620324473723,0.0,6270,27.751196172248804,0.9636343295825762,-1878.00341796875,-0.2995220762310606,6116,26.48790058862001,0.9039614581917043,-4922.4033203125,-0.8048403074415468
EMA144_two_confirm_fixed_10_RR4,EMA,144,two_confirm,fixed_10,fixed_RR,4,,12376,12375,2703,9672,1,21.842424242424244,108120.0,96720.0,104335.8125,110260.796875,9900.001953125,7424.9990234375,-5925.0009765625,0.9462639075453353,-0.4787879577020202,-0.04787879577020202,40.0,-10.0,38.600004624491305,-11.399999676902398,6979.51513671875,526.2791137695312,32,-4924.05908203125,3.7773737373737375,3.0,-2.5781598887205517,-55849043.115983866,6264,22.349936143039592,0.9745787595126149,-1409.600341796875,-0.22503198304547814,6111,21.32220585828833,0.9176191253683543,-4515.4013671875,-0.7388972945814923
EMA144_two_confirm_fixed_10_RR5,EMA,144,two_confirm,fixed_10,fixed_RR,5,,12359,12358,2258,10100,1,18.271564978151805,112900.0,101000.0,109738.8125,115140.015625,9886.4013671875,7414.79931640625,-5401.20166015625,0.953090130345377,-0.43706114744750363,-0.04370611474475036,50.0,-10.0,48.600005535872455,-11.400001547029703,6482.91259765625,414.9855041503906,40,-4400.470703125,4.697604790419161,3.0,-2.095514018568092,-50946719.372324616,6257,18.778967556336905,0.9856769900973009,-829.8004760742188,-0.13261954228451633,6101,17.751188329782003,0.9200877160157798,-4571.4013671875,-0.7492872262231601
EMA144_two_confirm_fixed_10_RR6,EMA,144,two_confirm,fixed_10,fixed_RR,6,,12339,12338,1967,10371,1,15.942616307343169,118020.0,103710.0,115266.1875,118229.40625,9870.40234375,7402.798828125,-2963.2001953125,0.9749367027714393,-0.24016860068994164,-0.024016860068994166,60.0,-10.0,58.59999364514489,-11.400000602641983,5307.4755859375,465.8948974609375,52,-1962.53369140625,5.443345761063381,3.0,-1.0410528995978814,0.0,6244,16.319666880205,1.0024912385629146,148.4002685546875,0.023766859153537396,6094,15.556284870364292,0.9469590935943377,-3111.600830078125,-0.5106007269573556
EMA144_two_confirm_fixed_10_MAexit9,EMA,144,two_confirm,fixed_10,ma_close,,9,12397,12397,2801,9596,0,22.59417601032508,102432.0,81268.0,98510.609375,94702.40625,9917.6015625,7438.19921875,3808.193359375,1.040212316410915,0.30718668705130275,0.030718668705130275,36.56979751586914,-8.468945503234863,35.169799848268475,-9.868946045227178,3003.4375,161.0941619873047,44,4808.6259765625,4.43050738081794,2.0,1.2190975641452415,10.702152093810186,6274,23.286579534587183,1.0936155990070804,4434.39697265625,0.7067894441594278,6123,21.884697043932714,0.9867706821408542,-626.203369140625,-0.10227067926516822
EMA144_two_confirm_fixed_10_MAexit21,EMA,144,two_confirm,fixed_10,ma_close,,21,12392,12392,2537,9855,0,20.472885732730795,109512.0,87160.0,105960.1953125,100957.0078125,9913.6015625,7435.19921875,5003.1943359375,1.0495576048498987,0.4037438941201985,0.04037438941201985,43.16594314575195,-8.84424114227295,41.76594218072527,-10.244242294520548,3514.238037109375,160.11746215820312,40,6003.6767578125,6.303663653970303,2.0,1.397452112665047,15.72599369508827,6272,21.285076530612244,1.082563375857994,4177.19677734375,0.6660071392448581,6120,19.640522875816995,1.0164007855437611,825.996826171875,0.1349668016620711
EMA144_two_confirm_fixed_10_MAexit34,EMA,144,two_confirm,fixed_10,ma_close,,34,12383,12383,2496,9887,0,20.156666397480414,112840.0,89230.0,109345.59375,103071.8046875,9906.4013671875,7429.79931640625,6273.7939453125,1.0608681402399163,0.5066457195600824,0.05066457195600824,45.20833206176758,-9.024982452392578,43.80833082932692,-10.4249827740973,3262.2119140625,181.96173095703125,43,7274.32177734375,7.697811515787773,2.0,1.6284972399075939,21.316676390694663,6270,20.494417862838915,1.0719718079176959,3717.996826171875,0.5929819499476675,6113,19.810240471127106,1.049711290612033,2555.797119140625,0.4180921182955382
EMA144_two_confirm_fixed_10_MAexit55,EMA,144,two_confirm,fixed_10,ma_close,,55,12380,12380,2285,10095,0,18.45718901453958,114360.0,91702.0,111161.0,105835.015625,9904.001953125,7427.9990234375,5325.994140625,1.0503234618859159,0.4302095428614701,0.04302095428614701,50.04814147949219,-9.083903312683105,48.648140043763675,-10.48390447003467,4412.4501953125,231.6983184814453,50,6326.59521484375,9.445153473344103,2.0,1.2566083676469204,18.62721937003642,6269,18.854681767427024,1.0736711751958097,3913.396240234375,0.6242456915352329,6111,18.049419080346915,1.02679677915497,1412.5968017578125,0.23115640676776508
EMA144_two_confirm_fixed_10_MAexit84,EMA,144,two_confirm,fixed_10,ma_close,,84,12370,12370,1851,10519,0,14.963621665319321,122664.0,95842.0,120072.59375,110568.609375,9896.001953125,7421.9990234375,9503.9951171875,1.085955538635443,0.7683100337257478,0.07683100337257479,66.26904296875,-9.111322402954102,64.86904038357645,-10.511323260290903,4515.76806640625,93.53190612792969,50,10503.048828125,11.97227162489895,2.0,1.8968556230747422,34.53853774028221,6262,15.346534653465346,1.0951199523652433,5289.197265625,0.8446498348171511,6108,14.571054354944335,1.0766838325072599,4214.79736328125,0.690045409836485
EMA144_two_confirm_fixed_10_MAexit144,EMA,144,two_confirm,fixed_10,ma_close,,144,12399,12398,1405,10993,1,11.332472979512824,133448.0,104698.0,131480.984375,120088.2109375,9918.4013671875,7438.79931640625,11392.7958984375,1.094870040519043,0.9189220760152848,0.09189220760152847,94.98078155517578,-9.52406120300293,93.58077179715302,-10.924061760893295,4647.8076171875,128.92771911621094,61,12390.93359375,16.390466204226488,3.0,1.912088867995918,57.79543329970253,6276,11.647546207775655,1.1367551598379242,8285.59765625,1.3202035781150414,6122,11.009474028095394,1.0522206449462126,3107.19775390625,0.5075461865250327
EMA144_two_confirm_candle_RR2,EMA,144,two_confirm,candle,fixed_RR,2,,12149,12148,4359,7789,1,35.882449785972995,105722.0,96692.0,81568.3125,87704.484375,8814.951171875,6611.21337890625,-6136.1669921875,0.9300358252063436,-0.50511746725284,-0.050511746725284,24.25372886657715,-12.41391658782959,18.712620440467997,-11.260044212992682,6470.4794921875,538.0326538085938,19,-5136.25634765625,3.169163648337175,2.0,-3.8710952202160858,-144.46943249064756,6156,36.3872644574399,0.9501876394141449,-2196.646728515625,-0.3568302028128046,5992,35.36381842456609,0.909656618181512,-3939.52001953125,-0.6574632876387266
EMA144_two_confirm_candle_RR3,EMA,144,two_confirm,candle,fixed_RR,3,,12047,12046,3289,8757,1,27.30366926780674,118848.0,108704.0,94411.609375,98606.4140625,8739.884765625,6554.91357421875,-4194.80078125,0.9574591092538748,-0.34823184303918314,-0.034823184303918314,36.13499450683594,-12.413383483886719,28.70526280784433,-11.260296227303872,4644.4189453125,371.6669921875,20,-3194.83837890625,4.454341690187614,3.0,-2.14602859184867,-99.13019647214655,6111,27.63868433971527,0.9733172887636667,-1328.9554443359375,-0.21746939033479587,5935,26.95871946082561,0.9412742859439014,-2865.84521484375,-0.4828719822820135
EMA144_two_confirm_candle_RR4,EMA,144,two_confirm,candle,fixed_RR,4,,11970,11969,2657,9312,1,22.199014119809508,128420.0,115258.0,102845.96875,104882.796875,8683.900390625,6512.92578125,-2036.82861328125,0.9805799598629363,-0.17017533739504137,-0.017017533739504136,48.332706451416016,-12.377362251281738,38.7075531614603,-11.26318694963488,4331.80810546875,363.6357727050781,25,-1036.8055419921875,5.63839919792798,3.0,-0.8963458743424961,-48.35917355478014,6062,22.74826789838337,1.0116152023891085,612.8527221679688,0.1010974467449635,5907,21.635347892331133,0.9491618523601338,-2649.681640625,-0.44856638574995766
EMA144_two_confirm_candle_RR5,EMA,144,two_confirm,candle,fixed_RR,5,,11822,11821,2237,9584,1,18.923948904492004,134975.0,118544.0,108953.296875,107955.1328125,8578.19140625,6433.6435546875,998.16259765625,1.0092461010097005,0.08443977647037053,0.008443977647037052,60.33750534057617,-12.368947982788086,48.70509471390255,-11.26409983435935,4625.9619140625,266.302978515625,41,1998.16845703125,6.952119110058371,3.0,0.3907825951198829,23.83035586493287,5976,19.410977242302543,1.0411580516837786,2233.474365234375,0.3737406903002636,5845,18.426005132591957,0.9769914535735058,-1235.3116455078125,-0.21134502061724764
EMA144_two_confirm_candle_RR6,EMA,144,two_confirm,candle,fixed_RR,6,,11679,11678,1888,9790,1,16.16715190957356,136662.0,121003.0,110836.84375,110288.765625,8475.3828125,6356.537109375,548.076904296875,1.00496948281082,0.04693242886597662,0.004693242886597662,72.38453674316406,-12.359856605529785,58.70595537605932,-11.265451034218591,4635.69921875,249.549560546875,50,1548.077880859375,8.193183764343209,3.0,0.19686297391984686,13.14438361835068,5900,16.76271186440678,1.0490460822720955,2714.312255859375,0.460052924721928,5778,15.559016960886119,0.9605756973611276,-2166.2353515625,-0.3749109296577535
EMA144_two_confirm_candle_MAexit9,EMA,144,two_confirm,candle,ma_close,,9,12363,12363,2986,9377,0,24.152713742619106,108488.0,86345.0,94037.1015625,86506.015625,8968.310546875,6726.2333984375,7531.08935546875,1.0870585228447804,0.6091635812884211,0.06091635812884211,36.332218170166016,-9.208168983459473,31.492666296885467,-9.225340260744375,1922.8626708984375,103.86310577392578,41,8531.0390625,4.661651702661167,3.0,2.3714816940217793,18.816464201078446,6264,24.568965517241377,1.1398677181826524,6084.19677734375,0.9712957818237149,6099,23.72520085259879,1.033643771045239,1446.89208984375,0.23723431543593212
EMA144_two_confirm_candle_MAexit21,EMA,144,two_confirm,candle,ma_close,,21,12318,12318,2722,9596,0,22.097743140120148,117248.0,94527.0,101012.6484375,92967.15625,8934.298828125,6700.7236328125,8045.4912109375,1.0865412314631275,0.6531491484768225,0.06531491484768225,43.07421112060547,-9.850666999816895,37.10971654573843,-9.688115490829512,1972.1263427734375,103.68926239013672,33,9045.4267578125,6.779184932618931,2.0,2.2301038127540096,22.017625025997553,6243,22.745474931923752,1.1161659922767708,5438.6533203125,0.8711602307083934,6075,21.432098765432098,1.056487156546492,2606.838134765625,0.4291091579861111
EMA144_two_confirm_candle_MAexit34,EMA,144,two_confirm,candle,ma_close,,34,12292,12292,2684,9608,0,21.83534005857468,120920.0,97399.0,103179.609375,95170.65625,8915.7333984375,6686.7998046875,8008.955078125,1.0841535977640167,0.6515583369773024,0.06515583369773023,45.052162170410156,-10.13728141784668,38.44247741244411,-9.90535556307244,2120.9775390625,126.41078186035156,35,9008.900390625,8.347299056296778,2.0,2.109387873671755,23.45237970655142,6233,22.108134124819507,1.0954222966136107,4567.85791015625,0.7328506193095219,6059,21.55471199867965,1.0727493855387678,3441.0986328125,0.5679317763347912
EMA144_two_confirm_candle_MAexit55,EMA,144,two_confirm,candle,ma_close,,55,12267,12267,2455,9812,0,20.013043123828155,123504.0,100833.0,104836.9296875,98122.21875,8898.537109375,6673.90283203125,6714.703125,1.0684321147956104,0.547379402054292,0.0547379402054292,50.30712890625,-10.276497840881348,42.70343368126273,-10.000226126172034,3622.937744140625,175.4123992919922,39,7714.69140625,10.334800684764001,2.0,1.6249888106541461,20.306388173381137,6216,20.527670527670526,1.0891933404402798,4395.17626953125,0.7070746894355293,6051,19.484382746653445,1.0474872007063754,2319.5283203125,0.3833297505061147
EMA144_two_confirm_candle_MAexit84,EMA,144,two_confirm,candle,ma_close,,84,12256,12256,1995,10261,0,16.277741514360315,131840.0,105769.0,112688.3984375,102725.2890625,8889.453125,6667.08984375,9963.1171875,1.0969878933018944,0.812917525089752,0.0812917525089752,66.08521270751953,-10.307865142822266,56.485412750626566,-10.011235655637853,3883.43701171875,98.10118103027344,44,10962.8291015625,13.095055483028721,2.0,2.0353756052178458,30.82539965623511,6208,16.736469072164947,1.1083169220452722,5592.935546875,0.9009238960816688,6048,15.806878306878309,1.085538258278647,4370.1806640625,0.7225827817563657
EMA144_two_confirm_candle_MAexit144,EMA,144,two_confirm,candle,ma_close,,144,12399,12398,1552,10846,1,12.518148088401354,147456.0,116994.0,127375.71875,112662.375,8994.044921875,6745.5341796875,14713.3447265625,1.1305967830875214,1.186751470121189,0.1186751470121189,95.01030731201172,-10.786833763122559,82.0719837306701,-10.387458510049788,4173.5625,134.5653076171875,57,15712.892578125,18.06355863849008,3.0,2.4828932196283007,56.81235738699879,6276,12.954110898661567,1.1897194514084035,10787.841796875,1.71890404666587,6122,12.071218556027443,1.0703491580885967,3925.50341796875,0.6412125805241343
EMA200_one_break_fixed_6_RR2,EMA,200,one_break,fixed_6,fixed_RR,2,,15311,15311,4555,10756,0,29.749853046829077,54660.0,64536.0,80471.65625,132657.34375,20414.666015625,15311.0,-52185.6796875,0.6066129018959796,-3.408378269708053,-0.34083782697080534,12.0,-6.0,17.666664379802416,-12.333334301785051,52367.59375,4480.96923828125,22,-51181.2578125,1.4463457644830513,1.0,-30.751219100759606,-442231313.81000143,7656,30.041797283176592,0.6151221139684642,-25424.00390625,-3.320794658601097,7655,29.457870672762898,0.59817309496997,-26761.671875,-3.495972811887655
EMA200_one_break_fixed_6_RR3,EMA,200,one_break,fixed_6,fixed_RR,3,,15309,15309,4247,11062,0,27.74185119864132,76446.0,66372.0,117500.3046875,136431.34375,20412.0,15309.0,-18931.0078125,0.8612412768052062,-1.2365933641975309,-0.12365933641975309,18.0,-6.0,27.666659921709442,-12.33333427499548,19462.52734375,1391.505859375,25,-17929.5546875,1.7494937618394408,1.0,-8.54336896236206,-160435413.14205936,7654,27.9592370002613,0.8706092454158456,-8799.337890625,-1.1496391286418866,7655,27.52449379490529,0.8519307598393916,-10131.6708984375,-1.3235363681825605
EMA200_one_break_fixed_6_RR4,EMA,200,one_break,fixed_6,fixed_RR,4,,15294,15294,3451,11843,0,22.56440434157186,82824.0,71058.0,129987.65625,146063.671875,20392.0,15294.0,-16075.9921875,0.8899383028056579,-1.0511306517261672,-0.10511306517261672,24.0,-6.0,37.666663648217906,-12.333333773114921,17098.322265625,933.4840087890625,33,-15073.6435546875,1.8630835621812476,1.0,-6.219635608622896,-136306685.40547064,7651,22.833616520716244,0.9036978694586355,-7012.330078125,-0.9165246475133969,7643,22.294910375506998,0.8762598789935943,-9063.6640625,-1.185877804854115
EMA200_one_break_fixed_6_RR5,EMA,200,one_break,fixed_6,fixed_RR,5,,15276,15276,2878,12398,0,18.84001047394606,86340.0,74388.0,137184.65625,152908.65625,20368.0,15276.0,-15723.994140625,0.8971673652386831,-1.0293266653983373,-0.10293266653983373,30.0,-6.0,47.666663047255035,-12.333332493144056,16785.76953125,832.6275024414062,48,-14722.1025390625,2.2270882429955488,1.0,-5.422446169357885,-133400656.47201285,7641,19.172883130480304,0.9167789846915515,-6338.99609375,-0.8296029438227981,7635,18.50687622789784,0.8777007479996872,-9384.99609375,-1.2292070849705306
EMA200_one_break_fixed_6_RR6,EMA,200,one_break,fixed_6,fixed_RR,6,,15258,15258,2473,12785,0,16.207890942456416,89028.0,76710.0,142609.671875,157681.65625,20344.0,15258.0,-15071.994140625,0.9044151061484046,-0.9878092895939835,-0.09878092895939836,36.0,-6.0,57.66666877274565,-12.333332518576457,15724.22265625,984.8169555664062,49,-14069.890625,2.56501507405951,1.0,-4.729977638153052,-127944561.2583461,7627,16.585813557099776,0.929696657840706,-5516.330078125,-0.7232634165628687,7631,15.830166426418558,0.8793735680157037,-9555.6640625,-1.2522164935788231
EMA200_one_break_fixed_6_MAexit9,EMA,200,one_break,fixed_6,ma_close,,9,15298,15298,2731,12567,0,17.852006798274285,89432.0,68706.0,142681.0,143833.0,20397.33203125,15298.0,-1152.000244140625,0.9919907114500844,-0.07530397726112073,-0.007530397726112073,32.746978759765625,-5.4671759605407715,52.24496521420725,-11.445293228296332,6713.2890625,251.30760192871094,48,-152.04296875,3.269708458622042,1.0,-0.24570912469164033,-3.2742595868561324,7652,18.09984317825405,1.030876155935023,2208.66552734375,0.2886389868457593,7646,17.60397593512948,0.953517678077455,-3360.66796875,-0.4395328235351818
EMA200_one_break_fixed_6_MAexit21,EMA,200,one_break,fixed_6,ma_close,,21,15271,15271,2838,12433,0,18.584244646715998,88800.0,70092.0,141378.0,145830.34375,20361.33203125,15271.0,-4452.33544921875,0.9694690169719908,-0.29155493741200644,-0.029155493741200644,31.289640426635742,-5.637577533721924,49.81606765327695,-11.72929652939757,9735.943359375,354.29412841796875,48,-3452.962890625,4.1282168816711415,1.0,-0.874242473420571,-15.123470968758523,7639,18.719727713051444,1.0123662845511392,898.99853515625,0.11768536917872104,7632,18.448637316561843,0.9268269076898129,-5351.33447265625,-0.7011706594151271
EMA200_one_break_fixed_6_MAexit34,EMA,200,one_break,fixed_6,ma_close,,34,15254,15254,2872,12382,0,18.82784843319785,89152.0,70506.0,141885.328125,146401.34375,20338.666015625,15254.0,-4516.00439453125,0.9691531818675674,-0.2960537822558837,-0.02960537822558837,31.04178237915039,-5.694233417510986,49.402969402855156,-11.823723449361976,10756.974609375,447.6474304199219,46,-3516.59423828125,4.839255277304313,1.0,-0.8441019522461913,-16.62651338882132,7629,19.12439376065015,1.0172710235261322,1258.9990234375,0.16502805393072487,7625,18.531147540983607,0.9214335569904843,-5775.001953125,-0.7573773053278688
EMA200_one_break_fixed_6_MAexit55,EMA,200,one_break,fixed_6,ma_close,,55,15232,15232,2811,12421,0,18.454569327731093,89048.0,70980.0,141854.328125,147282.328125,20309.33203125,15232.0,-5428.00537109375,0.9631456124498983,-0.3563553946358817,-0.03563553946358817,31.67840576171875,-5.714515686035156,50.464008582355035,-11.85752581313904,12080.5048828125,481.29541015625,47,-4428.43994140625,5.7166491596638656,1.0,-0.9286824750000346,-20.660090388275652,7617,18.70815281606932,1.0172259884743313,1263.6640625,0.165900493960877,7615,18.20091923834537,0.9094795512514644,-6691.669921875,-0.8787485123933026
EMA200_one_break_fixed_6_MAexit84,EMA,200,one_break,fixed_6,ma_close,,84,15204,15204,2633,12571,0,17.31781110234149,92392.0,71730.0,147843.0,148882.34375,20272.0,15204.0,-1039.337890625,0.9930190261395586,-0.0683595034612602,-0.00683595034612602,35.09001159667969,-5.705989837646484,56.15001898974554,-11.843317456845119,9559.90234375,303.2664489746094,48,-39.69189453125,6.857734806629834,1.0,-0.15125727695805524,-3.9046539923399552,7601,17.602946980660438,1.0409532947906255,3037.66357421875,0.3996399913457111,7603,17.0327502301723,0.945428016266102,-4077.00244140625,-0.5362360175465277
EMA200_one_break_fixed_6_MAexit144,EMA,200,one_break,fixed_6,ma_close,,144,15196,15196,1832,13364,0,12.055804158989208,97544.0,75078.0,158298.65625,156312.671875,20261.33203125,15196.0,1985.99609375,1.0127052039426985,0.13069203038628585,0.013069203038628584,53.24454116821289,-5.617928981781006,86.40756345524018,-11.696548329467225,7185.6279296875,251.2460174560547,65,2986.1328125,9.363779942090023,1.0,0.24478893392174092,6.597885202598779,7603,12.600289359463371,1.0811133956737269,6299.6640625,0.8285760966066027,7593,11.510601870143553,0.9451519444611659,-4313.6689453125,-0.5681112795090874
EMA200_one_break_fixed_6_MAexit200,EMA,200,one_break,fixed_6,ma_close,,200,15311,15310,1137,14173,1,7.426518615284127,108728.0,80634.0,178560.328125,167460.328125,20413.33203125,15310.0,11099.9990234375,1.0662843559682653,0.7250162654106793,0.07250162654106793,95.62709045410156,-5.689268112182617,157.045143469657,-11.815446844351937,7123.71728515625,153.02142333984375,111,12101.2841796875,12.161332462442848,1.0,1.1317901402732393,40.48234821599474,7655,7.981711299804049,1.2218120159699841,18444.998046875,2.409535995672763,7655,6.871325930764207,0.9128751730384542,-7345.0009765625,-0.9595037199951012
EMA200_one_break_fixed_8_RR2,EMA,200,one_break,fixed_8,fixed_RR,2,,15311,15311,5420,9891,0,35.399386062308146,86720.0,79128.0,98915.0,116219.25,15311.0,11483.25,-17304.25,0.8511068519199703,-1.1301841813075566,-0.11301841813075567,16.0,-8.0,18.25,-11.75,17651.5,1369.3948974609375,22,-16304.25,1.522565475801711,2.0,-9.747955581008448,0.0,7656,35.658307210031346,0.860782128696193,-8058.0,-1.0525078369905956,7655,35.14043109079033,0.8415075742966724,-9246.25,-1.2078706727629
EMA200_one_break_fixed_8_RR3,EMA,200,one_break,fixed_8,fixed_RR,3,,15290,15290,4192,11098,0,27.416612164813603,100608.0,88784.0,118424.0,130401.5,15290.0,11467.5,-11977.5,0.9081490627024996,-0.7833551340745586,-0.07833551340745586,24.0,-8.0,28.25,-11.75,12510.25,868.4658203125,24,-10977.5,2.027338129496403,2.0,-5.428463234777768,0.0,7648,27.628138075313807,0.9178304407157547,-5344.0,-0.698744769874477,7642,27.20492017796388,0.8985164135377742,-6633.5,-0.8680319288144465
EMA200_one_break_fixed_8_RR4,EMA,200,one_break,fixed_8,fixed_RR,4,,15268,15268,3357,11911,0,21.987162693214565,107424.0,95288.0,128405.25,139954.25,15268.0,11451.0,-11549.0,0.9174801765576965,-0.7564186533927167,-0.07564186533927167,32.0,-8.0,38.25,-11.75,12283.0,806.8976440429688,32,-10549.0,2.536547026460571,2.0,-4.51352301143372,0.0,7637,22.246955610841955,0.9314225722537139,-4784.75,-0.6265221945790231,7631,21.72716550910759,0.9036194791455165,-6764.25,-0.8864172454462063
EMA200_one_break_fixed_8_RR5,EMA,200,one_break,fixed_8,fixed_RR,5,,15234,15234,2814,12420,0,18.471839306813706,112560.0,99360.0,135775.5,145935.0,15234.0,11425.5,-10159.5,0.930383389865351,-0.6668964159117763,-0.06668964159117763,40.0,-8.0,48.25,-11.75,11124.5,817.82763671875,46,-9159.5,3.0569121701457265,2.0,-3.5351286776979545,0.0,7615,18.686802363755746,0.943698801473418,-4096.25,-0.5379185817465528,7619,18.256989106181916,0.9171449459544405,-6063.25,-0.7958065362908519
EMA200_one_break_fixed_8_RR6,EMA,200,one_break,fixed_8,fixed_RR,6,,15194,15194,2419,12775,0,15.920758194023957,116112.0,102200.0,140906.75,150106.25,15194.0,11395.5,-9199.5,0.9387134113336387,-0.6054692641832302,-0.06054692641832302,48.0,-8.0,58.25,-11.75,10498.0,616.8037109375,46,-8199.5,3.572989337896538,2.0,-2.91409612371718,0.0,7594,16.157492757440085,0.9553615885099032,-3339.5,-0.439755069791941,7600,15.68421052631579,0.9221717533933647,-5860.0,-0.7710526315789473
EMA200_one_break_fixed_8_MAexit9,EMA,200,one_break,fixed_8,ma_close,,9,15296,15296,3279,12017,0,21.436976987447697,106928.0,85128.0,127921.75,127439.75,15296.0,11472.0,482.0,1.0037821794220405,0.031511506276150625,0.0031511506276150625,32.60994338989258,-7.0839643478393555,39.01242756938091,-10.60495547973704,4665.25,174.90150451660156,31,1482.0,3.706916841004184,2.0,0.12554148001880605,1.2239220152430086,7650,21.542483660130717,1.0314009471502754,1992.5,0.2604575163398693,7646,21.331415119016476,0.9763933657621755,-1510.5,-0.19755427674601098
EMA200_one_break_fixed_8_MAexit21,EMA,200,one_break,fixed_8,ma_close,,21,15266,15266,3408,11858,0,22.3241189571597,107136.0,87520.0,127956.0,130151.5,15266.0,11449.5,-2195.5,0.9831311971049124,-0.143816323856937,-0.0143816323856937,31.43661880493164,-7.380671501159668,37.54577464788732,-10.975839095968967,6196.0,234.56369018554688,44,-1195.5,4.779837547491157,1.0,-0.5230522291207249,-6.648937611276084,7637,22.338614639256253,1.0113134095254215,735.25,0.09627471520230457,7629,22.309608074452747,0.9550238059612736,-2930.75,-0.3841591296369118
EMA200_one_break_fixed_8_MAexit34,EMA,200,one_break,fixed_8,ma_close,,34,15241,15241,3423,11818,0,22.459156223344927,107472.0,88296.0,128349.75,131051.5,15241.0,11430.75,-2701.75,0.9793840589386615,-0.1772685519322879,-0.01772685519322879,31.39702033996582,-7.471314907073975,37.496275197195445,-11.089143679133525,5976.75,284.5732727050781,40,-1701.75,5.674430811626534,1.0,-0.6148890343835682,-8.809097177293749,7624,22.678384050367264,1.0128298853654336,838.0,0.10991605456453306,7617,22.239726926611528,0.9461514179987145,-3539.75,-0.4647170802153079
EMA200_one_break_fixed_8_MAexit55,EMA,200,one_break,fixed_8,ma_close,,55,15215,15215,3340,11875,0,21.952021031876438,108232.0,89200.0,129445.0,132281.25,15215.0,11411.25,-2836.25,0.9785589416489487,-0.18641143608281302,-0.018641143608281303,32.404788970947266,-7.5115790367126465,38.7559880239521,-11.139473684210527,6773.0,279.0113220214844,40,-1836.25,6.799737101544529,1.0,-0.5843939536262444,-9.603636856669437,7611,22.099592694783865,1.0233355925529055,1540.75,0.20243726185783734,7604,21.80431351920042,0.9339375599006875,-4377.0,-0.5756180957390847
EMA200_one_break_fixed_8_MAexit84,EMA,200,one_break,fixed_8,ma_close,,84,15174,15174,3121,12053,0,20.568076973770925,110528.0,90328.0,132698.25,134002.75,15174.0,11380.5,-1304.5,0.9902651251560136,-0.08596942137867405,-0.008596942137867405,35.41429138183594,-7.49423360824585,42.517862864466515,-11.117792250891894,6505.5,188.9551544189453,48,-304.5,8.145973375510742,1.0,-0.23408949554129524,-4.351565035596372,7587,20.79873467773824,1.0313212079487246,2092.75,0.275833662844339,7587,20.33741926980361,0.9494359027788114,-3397.25,-0.4477725056016871
EMA200_one_break_fixed_8_MAexit144,EMA,200,one_break,fixed_8,ma_close,,144,15162,15162,2199,12963,0,14.503363672338743,120280.0,95264.0,146501.75,141765.25,15162.0,11371.5,4736.5,1.0334108676138898,0.3123928241656774,0.03123928241656774,54.69758987426758,-7.348916053771973,66.62198726693951,-10.936145182442337,5469.5,93.27715301513672,65,5736.5,11.375544123466561,1.0,0.7005108376526333,14.068220919966098,7586,15.01450039546533,1.0921045633914674,6494.5,0.8561165304508305,7576,13.991552270327348,0.9753273546376995,-1758.0,-0.23204857444561774
EMA200_one_break_fixed_8_MAexit200,EMA,200,one_break,fixed_8,ma_close,,200,15311,15310,1430,13880,1,9.340300457217506,134000.0,103664.0,164997.5,153870.0,15310.0,11482.5,11127.5,1.072317540781179,0.7268125408229915,0.07268125408229915,93.70629119873047,-7.468587875366211,115.38286713286713,-11.085734870317003,6115.5,107.94573974609375,85,12127.5,14.884128020901372,2.0,1.3933443224915076,36.113122753402436,7655,9.810581319399086,1.2063409631313526,15793.75,2.06319399085565,7655,8.870019595035924,0.9396563987171529,-4666.25,-0.6095689092096669
EMA200_one_break_fixed_10_RR2,EMA,200,one_break,fixed_10,fixed_RR,2,,14488,14488,5150,9338,0,35.54665930425179,103000.0,93380.0,95790.0078125,106453.2109375,11590.400390625,8692.7998046875,-10663.20703125,0.8998320198038883,-0.736002694039895,-0.0736002694039895,20.0,-10.0,18.600001516990293,-11.400001171289356,10967.255859375,860.717041015625,16,-9663.6669921875,2.292448923246825,3.0,-6.169361710785186,-92893115.73205996,7262,35.58248416414211,0.9012398372256758,-5266.8037109375,-0.7252552617650097,7226,35.51065596457238,0.8984187571164018,-5396.40380859375,-0.7468037376963396
EMA200_one_break_fixed_10_RR3,EMA,200,one_break,fixed_10,fixed_RR,3,,14121,14121,3787,10334,0,26.81821400750655,113610.0,103340.0,108308.21875,117807.609375,11296.8017578125,8472.599609375,-9499.408203125,0.919365220333417,-0.6727149779140996,-0.06727149779140996,30.0,-10.0,28.600004951148666,-11.400000907199535,9992.7236328125,682.0961303710938,21,-8499.1220703125,3.020253523121592,3.0,-4.511151259515563,0.0,7079,26.811696567311767,0.9190599667425716,-4780.603515625,-0.6753218697026416,7042,26.824765691564895,0.9196721272231915,-4718.8037109375,-0.6700942503461375
EMA200_one_break_fixed_10_RR4,EMA,200,one_break,fixed_10,fixed_RR,4,,13885,13885,2993,10892,0,21.55563557796183,119720.0,108920.0,115529.8125,124168.8125,11108.001953125,8330.9990234375,-8639.001953125,0.9304253634542893,-0.6221823516834714,-0.06221823516834714,40.0,-10.0,38.60000417641163,-11.400001147631288,9246.693359375,704.1339111328125,38,-7638.44140625,3.7680230464530067,3.0,-3.565819574291911,-76875960.62706482,6961,21.6204568309151,0.9339951184440518,-4105.400390625,-0.5897716406586697,6924,21.49046793760832,0.9268424747094506,-4533.6005859375,-0.654766115819974
EMA200_one_break_fixed_10_RR5,EMA,200,one_break,fixed_10,fixed_RR,5,,13665,13665,2475,11190,0,18.111964873765093,123750.0,111900.0,120285.0078125,127566.0078125,10932.0009765625,8199.0,-7281.0009765625,0.942923666540527,-0.5328211472054519,-0.05328211472054519,50.0,-10.0,48.600003156565656,-11.400000698168007,8262.876953125,501.7531433105469,38,-6280.041015625,4.696231247713135,3.0,-2.6955162867448985,0.0,6850,18.145985401459853,0.9450874417223242,-3510.00048828125,-0.5124088304060219,6815,18.077769625825386,0.9407505897469827,-3771.0009765625,-0.553338367800807
EMA200_one_break_fixed_10_RR6,EMA,200,one_break,fixed_10,fixed_RR,6,,13487,13487,2123,11364,0,15.741084006821385,127380.0,113640.0,124407.796875,129549.6015625,10789.6015625,8092.19921875,-5141.7998046875,0.9603101466505137,-0.3812411807434937,-0.03812411807434937,60.0,-10.0,58.599998528026376,-11.4000001374956,6694.078125,415.6763916015625,43,-4140.90234375,5.419440943130422,3.0,-1.7367374003884208,0.0,6764,16.01123595505618,0.9799331472835225,-1299.59912109375,-0.1921347015218436,6723,15.469284545589767,0.9406939942122129,-3842.19970703125,-0.5715007745100773
EMA200_one_break_fixed_10_MAexit9,EMA,200,one_break,fixed_10,ma_close,,9,14961,14961,3564,11397,0,23.821937036294365,116152.0,94390.0,111162.40625,110345.8125,11968.802734375,8976.599609375,816.59228515625,1.007400314805784,0.05458139731008957,0.005458139731008957,32.59034729003906,-8.282004356384277,31.190349677328843,-9.682005132929719,3157.40087890625,129.31507873535156,30,1816.5150146484375,4.076398636454782,2.0,0.2542487942533654,1.993352125751047,7501,23.890147980269298,1.030022463274977,1656.595947265625,0.22085001296702106,7460,23.753351206434317,0.9847734922347225,-840.0040893554688,-0.11260108436400386
EMA200_one_break_fixed_10_MAexit21,EMA,200,one_break,fixed_10,ma_close,,21,14680,14680,3717,10963,0,25.320163487738416,117312.0,96520.0,112108.203125,111868.203125,11744.001953125,8808.0,239.992431640625,1.0021453817375776,0.016348258286146118,0.0016348258286146117,31.560935974121094,-8.804159164428711,30.160937079634113,-10.204159730456992,5169.6328125,167.9239044189453,42,1239.872314453125,5.403133514986376,1.0,0.067894084883718,0.6907713470232028,7371,25.193325193325194,1.0084858807099766,476.5968017578125,0.06465836409684066,7309,25.448077712409358,0.9957524273546707,-236.6031494140625,-0.032371480286504654
EMA200_one_break_fixed_10_MAexit34,EMA,200,one_break,fixed_10,ma_close,,34,14565,14565,3725,10840,0,25.575008582217645,117112.0,97100.0,111897.0,112276.015625,11652.001953125,8738.9990234375,-379.00634765625,0.9966242512001325,-0.026021719715499485,-0.0026021719715499485,31.439462661743164,-8.957564353942871,30.039463087248322,-10.357566017066421,5019.1181640625,227.91592407226562,32,621.01318359375,6.4384483350497765,1.0,-0.10277796521759029,-1.1570174706077954,7311,25.61893037888114,1.0070899918969536,398.5966796875,0.054520131266242645,7254,25.53074165977392,0.9861283288115529,-777.602783203125,-0.10719641345507651
EMA200_one_break_fixed_10_MAexit55,EMA,200,one_break,fixed_10,ma_close,,55,14495,14495,3641,10854,0,25.11900655398413,119208.0,97996.0,114110.59375,113191.6171875,11596.0009765625,8697.0,918.992919921875,1.008118768733357,0.06340068436853226,0.006340068436853226,32.740455627441406,-9.028560638427734,31.34045420214227,-10.428562482725262,5429.57177734375,194.65187072753906,33,1918.959228515625,7.792273197654364,1.0,0.22391430787875005,2.9006121146614037,7272,25.06875687568757,1.0252144491709838,1431.19677734375,0.19680923780854648,7223,25.169597120310122,0.9909233052694738,-512.203125,-0.0709127959296691
EMA200_one_break_fixed_10_MAexit84,EMA,200,one_break,fixed_10,ma_close,,84,14455,14455,3415,11040,0,23.625043237634035,120792.0,99194.0,116011.0,114650.015625,11564.001953125,8672.9990234375,1360.99462890625,1.011870773567546,0.09415390030482532,0.009415390030482532,35.371009826660156,-8.984963417053223,33.971010248901905,-10.384965183423914,5057.2822265625,168.49826049804688,34,2360.956787109375,9.304323763403666,1.0,0.2920006900649692,4.247963612281305,7241,23.739814942687474,1.0176469074547605,1012.5966796875,0.1398421046385168,7214,23.50984197393956,1.0060835216571733,348.397216796875,0.04829459617367272
EMA200_one_break_fixed_10_MAexit144,EMA,200,one_break,fixed_10,ma_close,,144,14581,14581,2403,12178,0,16.48035114189699,131016.0,105396.0,127651.796875,122445.203125,11664.8017578125,8748.599609375,5206.59375,1.042521827046869,0.35708070434126604,0.035708070434126604,54.521846771240234,-8.654623031616211,53.12184638992925,-10.054623347429791,4192.74658203125,72.12385559082031,46,6207.15771484375,12.892188464440025,2.0,0.9251423786817877,14.653263434619948,7312,16.821663019693656,1.0816911761187173,5001.19677734375,0.6839711128752394,7269,16.13702022286422,1.00335497375625,205.39697265625,0.028256565229914706
EMA200_one_break_fixed_10_MAexit200,EMA,200,one_break,fixed_10,ma_close,,200,15311,15310,1619,13691,1,10.574787720444153,151872.0,117884.0,149605.390625,137051.40625,12248.001953125,9186.0,12553.994140625,1.091600551344215,0.8199865539271718,0.08199865539271718,93.8060531616211,-8.61032772064209,92.4060473285979,-10.01032840917391,3673.94873046875,87.3448486328125,54,13551.94921875,16.770476812540824,2.0,1.8534487266402044,38.83446811755652,7655,10.907903331156108,1.2152178509075686,14704.998046875,1.9209664332952319,7655,10.241672109732201,0.9687014172797269,-2151.001708984375,-0.2809930384042293
EMA200_one_break_candle_RR2,EMA,200,one_break,candle,fixed_RR,2,,12623,12623,4438,8185,0,35.15804483878634,132346.0,123163.0,83981.7109375,90536.9140625,7694.40283203125,5770.8017578125,-6555.2060546875,0.9275963490375343,-0.5193065083330033,-0.051930650833300326,29.821090698242188,-15.047403335571289,18.923323780419107,-11.061321204948076,6796.9970703125,547.4447021484375,18,-5555.4111328125,4.304206606987245,3.0,-4.073727543485252,-145.5181580507971,6339,35.44723142451491,0.9394705785065184,-2739.1484375,-0.432110496529421,6284,34.86632718014004,0.9157302546940502,-3816.057861328125,-0.6072657322291733
EMA200_one_break_candle_RR3,EMA,200,one_break,candle,fixed_RR,3,,12125,12125,3246,8879,0,26.771134020618558,143178.0,132036.0,93833.53125,98334.90625,7480.787109375,5610.5908203125,-4501.37890625,0.9542240373061829,-0.3712477448453608,-0.037124774484536084,44.10905838012695,-14.870593070983887,28.907434149722736,-11.074997888275707,4825.26416015625,384.26116943359375,23,-3501.45458984375,6.071505154639175,4.0,-2.3085875695773375,-101.2338607568751,6069,27.33564013840831,0.9818295654154681,-887.432373046875,-0.14622382155987396,6056,26.205416116248347,0.9269846483638846,-3613.946533203125,-0.5967547115593007
EMA200_one_break_candle_RR4,EMA,200,one_break,candle,fixed_RR,4,,11794,11794,2556,9238,0,21.672036628794302,148676.0,136513.0,99417.3125,102379.53125,7326.98046875,5495.2353515625,-2962.218017578125,0.9710662989580742,-0.2511631352872753,-0.025116313528727528,58.167449951171875,-14.777332305908203,38.89566216744914,-11.082434644944794,4129.0634765625,307.1155090332031,31,-1962.225830078125,7.792691198914702,4.0,-1.3243823863414628,-67.29812236946196,5907,22.17707804299983,1.0001138409079062,5.80322265625,0.0009824314637294734,5887,21.16527942925089,0.9422837324402745,-2968.021484375,-0.5041653617080006
EMA200_one_break_candle_RR5,EMA,200,one_break,candle,fixed_RR,5,,11533,11533,2121,9412,0,18.3907049336686,153125.0,138297.0,103691.421875,104368.9765625,7204.3173828125,5403.23828125,-677.5567626953125,0.9935080834380488,-0.058749394146823244,-0.005874939414682324,72.19471740722656,-14.693689346313477,48.88798768269684,-11.08892653660221,2747.302734375,196.9171905517578,39,322.5101318359375,9.516257695309113,4.0,-0.27149038128694625,-15.526466150605707,5778,18.951194184839046,1.0308567613616022,1602.5040283203125,0.2773457992939274,5755,17.827975673327543,0.9565165761854622,-2280.0615234375,-0.3961879276172893
EMA200_one_break_candle_RR6,EMA,200,one_break,candle,fixed_RR,6,,11212,11212,1770,9442,0,15.786657153050305,152934.0,138038.0,104223.9375,104757.0234375,7036.04443359375,5277.03369140625,-533.0810546875,0.9949112153055967,-0.047545581045977524,-0.004754558104597752,86.40338897705078,-14.619571685791016,58.88358050847457,-11.094791721828003,3252.62548828125,184.82846069335938,39,466.970458984375,11.200588655012487,4.0,-0.19728609818109688,-12.357940954661139,5618,16.35813456746173,1.0379115881226308,1976.7979736328125,0.3518686318321133,5594,15.212727922774402,0.9522969201338242,-2509.87890625,-0.44867338331247764
EMA200_one_break_candle_MAexit9,EMA,200,one_break,candle,ma_close,,9,14887,14887,4039,10848,0,27.13105393967891,130208.0,106195.0,90567.046875,85981.8671875,8649.28125,6486.9609375,4585.171875,1.0533272867580457,0.30799837945858805,0.030799837945858805,32.2376823425293,-9.789361953735352,22.423136141371625,-7.926057078493732,2144.189453125,80.09712982177734,25,5585.14111328125,4.465977026936253,2.0,1.624725390821914,9.759619419632545,7459,27.242257675291594,1.081715262341864,3517.1640625,0.4715329216382893,7428,27.01938610662359,1.024872001209532,1068.0059814453125,0.14378109604810346
EMA200_one_break_candle_MAexit21,EMA,200,one_break,candle,ma_close,,21,14441,14441,4233,10208,0,29.312374489301295,131368.0,110265.0,91597.8359375,88851.5,8461.888671875,6346.416015625,2746.34130859375,1.0309092805129907,0.19017667118577314,0.019017667118577313,31.03425407409668,-10.8018217086792,21.638987937042288,-8.70410462382445,4165.73388671875,159.14324951171875,32,3746.37841796875,6.06924728204418,2.0,0.8923782133042517,6.47732376594728,7252,29.17815774958632,1.0231332870117502,1036.0020751953125,0.1428574290120398,7189,29.447767422450966,1.0388120841367716,1710.33837890625,0.23791047140162053
EMA200_one_break_candle_MAexit34,EMA,200,one_break,candle,ma_close,,34,14220,14220,4242,9978,0,29.831223628691983,131816.0,111366.0,91342.2265625,89460.390625,8369.615234375,6277.2109375,1881.827880859375,1.021035409351031,0.13233670048237517,0.013233670048237518,31.07402229309082,-11.161154747009277,21.532820971829327,-8.965763742734016,4022.348388671875,230.1316680908203,31,2881.8505859375,7.354852320675105,2.0,0.5930893576910979,4.660059559612208,7138,29.91033903054077,1.0060742415034278,272.5118408203125,0.03817761849542064,7082,29.75148263202485,1.0360863616615748,1609.3160400390625,0.2272403332447137
EMA200_one_break_candle_MAexit55,EMA,200,one_break,candle,ma_close,,55,14083,14083,4132,9951,0,29.340339416317544,135576.0,112932.0,93791.859375,90400.234375,8311.2646484375,6233.44873046875,3391.625,1.0375178783932217,0.24083114393240077,0.024083114393240075,32.81122970581055,-11.348809242248535,22.698901107212002,-9.084537672093257,3930.28271484375,179.591064453125,37,4391.64501953125,9.05027337925158,2.0,0.9511936996386036,8.62231807236415,7069,29.311076531333995,1.0583690748708223,2643.243408203125,0.37392041423159217,7014,29.369831765041344,1.0165881524996563,748.38134765625,0.10669822464446108
EMA200_one_break_candle_MAexit84,EMA,200,one_break,candle,ma_close,,84,14041,14041,3864,10177,0,27.519407449611847,138176.0,114862.0,96491.890625,91618.6171875,8291.759765625,6218.81982421875,4873.2763671875,1.053190864336303,0.34707473592959903,0.034707473592959906,35.75983428955078,-11.286430358886719,24.972021383281575,-9.002517164930726,2992.55615234375,114.20951080322266,31,5873.19873046875,10.88604800227904,2.0,1.1600509031421677,12.319021231655466,7042,27.534791252485093,1.0558176333776133,2558.541015625,0.3633259039512923,6999,27.503929132733244,1.0505610183262062,2314.734375,0.33072358551221603
EMA200_one_break_candle_MAexit144,EMA,200,one_break,candle,ma_close,,144,14323,14323,2727,11596,0,19.03930740766599,149864.0,123028.0,104745.71875,97488.34375,8410.7578125,6308.068359375,7257.37890625,1.0744435152022982,0.5066940519618794,0.05066940519618794,54.95562744140625,-10.60952091217041,38.41060460212688,-8.407066553121766,2240.142578125,79.51124572753906,43,8257.31640625,14.993646582419885,2.0,1.48416981302857,17.133448368672976,7184,19.44599109131403,1.1023569989764028,4988.150390625,0.6943416468019209,7139,18.630060232525565,1.0465429097857317,2269.227783203125,0.3178635359578547
EMA200_one_break_candle_MAexit200,EMA,200,one_break,candle,ma_close,,200,15311,15310,1882,13428,1,12.292619203135207,175520.0,138568.0,122101.140625,107566.59375,8825.2919921875,6618.96875,14534.546875,1.1351213826551052,0.9493498938602221,0.09493498938602221,93.26248931884766,-10.31933307647705,64.8783956562168,-8.01061913538874,3046.534423828125,79.62348175048828,53,15534.0146484375,19.505943827563684,2.0,2.4828989433335003,35.783027108995704,7655,12.658393207054214,1.2493937987270756,13401.9775390625,1.7507482088912476,7655,11.9268451992162,1.0210403170724556,1132.568603515625,0.14795148315031026
EMA200_two_confirm_fixed_6_RR2,EMA,200,two_confirm,fixed_6,fixed_RR,2,,10470,10470,3195,7275,0,30.515759312320917,38340.0,43650.0,56444.98046875,89725.0,13959.998046875,10470.0,-33280.00390625,0.6290886650181109,-3.1786059127268387,-0.31786059127268385,12.0,-6.0,17.666660553599375,-12.333333333333334,33357.25,3156.837646484375,31,-32282.9140625,1.4509073543457498,1.0,-23.54417678806211,0.0,5189,31.200616689150124,0.6496099073075176,-15427.669921875,-2.97314895391694,5281,29.842832796818787,0.6093152551321308,-17852.3359375,-3.380483987407688
EMA200_two_confirm_fixed_6_RR3,EMA,200,two_confirm,fixed_6,fixed_RR,3,,10470,10470,2989,7481,0,28.54823304680038,53802.0,44886.0,82695.640625,92265.65625,13959.998046875,10470.0,-9570.005859375,0.896277596519019,-0.914040674247851,-0.0914040674247851,18.0,-6.0,27.666657954165274,-12.33333194091699,10005.68359375,737.5198364257812,31,-8570.333984375,1.761127029608405,1.0,-5.177055526090717,-98070588.42617165,5189,29.389092310657162,0.9336641636558963,-2997.669921875,-0.5776970363991135,5281,27.722022344252984,0.8603897095308981,-6572.3359375,-1.2445248887521303
EMA200_two_confirm_fixed_6_RR4,EMA,200,two_confirm,fixed_6,fixed_RR,4,,10470,10470,2456,8014,0,23.457497612225406,58944.0,48084.0,92509.328125,98839.328125,13959.998046875,10470.0,-6329.99462890625,0.9359566670465973,-0.6045840142221824,-0.06045840142221824,24.0,-6.0,37.66666454600977,-12.333332683429,6714.5234375,498.60321044921875,31,-5330.18994140625,1.877650429799427,1.0,-2.9198991854699807,0.0,5189,24.686837540952013,1.0010858379276266,52.33599853515625,0.010085950768000819,5281,22.249573944328727,0.8739682397653196,-6382.3310546875,-1.2085459296889793
EMA200_two_confirm_fixed_6_RR5,EMA,200,two_confirm,fixed_6,fixed_RR,5,,10470,10470,2056,8414,0,19.637058261700098,61680.0,50484.0,98002.671875,103772.6640625,13959.998046875,10470.0,-5769.99609375,0.9443977637114062,-0.5510980032234957,-0.055109800322349564,30.0,-6.0,47.66666919990272,-12.333333023829333,6159.0576171875,459.17425537109375,38,-4770.0576171875,2.2613180515759312,1.0,-2.365836722371019,0.0,5189,20.582000385430717,1.0016199677666533,82.33560180664062,0.0158673350947467,5281,18.708577920848324,0.8894681828054469,-5852.33154296875,-1.1081862418043458
EMA200_two_confirm_fixed_6_RR6,EMA,200,two_confirm,fixed_6,fixed_RR,6,,10470,10470,1772,8698,0,16.924546322827126,63792.0,52188.0,102185.34375,107275.34375,13959.998046875,10470.0,-5089.99755859375,0.9525520047564517,-0.48615067417323304,-0.048615067417323306,36.0,-6.0,57.666672545146724,-12.333334530926649,5608.5703125,386.0880126953125,43,-4090.205078125,2.6104106972301815,1.0,-1.8951837252957735,-26080394.583571337,5189,17.729813066101368,1.0076416372670984,402.3346862792969,0.0775360736710921,5281,16.13330808558985,0.8994527250402786,-5492.33203125,-1.0400174268604432
EMA200_two_confirm_fixed_6_MAexit9,EMA,200,two_confirm,fixed_6,ma_close,,9,10470,10470,1790,8680,0,17.096466093600764,67624.0,47676.0,108530.0,99713.3359375,13959.998046875,10470.0,8816.6650390625,1.088420109302393,0.8420883513908787,0.08420883513908786,37.778770446777344,-5.492626667022705,60.63128491620112,-11.487711513536865,2688.84130859375,71.63802337646484,45,9816.2001953125,3.5501432664756445,1.0,2.040770439384067,30.96909075712087,5189,17.99961456928117,1.1708621177396343,8318.998046875,1.6031986985690885,5281,16.20905131603863,1.0097534143802058,497.666015625,0.09423707927002462
EMA200_two_confirm_fixed_6_MAexit21,EMA,200,two_confirm,fixed_6,ma_close,,21,10470,10470,1631,8839,0,15.577841451766952,67240.0,49974.0,108261.0,103914.328125,13959.998046875,10470.0,4346.66455078125,1.0418293795805649,0.4151542073334527,0.04151542073334527,41.22624206542969,-5.653807163238525,66.37706928264868,-11.75634439699061,3584.3427734375,136.5985107421875,44,5346.52294921875,4.686246418338109,1.0,0.934119452799642,18.218156286367524,5189,16.438620158026595,1.1301258979973514,6625.66552734375,1.2768675134599634,5281,14.732058322287445,0.9569974921929543,-2279.00244140625,-0.4315475177819068
EMA200_two_confirm_fixed_6_MAexit34,EMA,200,two_confirm,fixed_6,ma_close,,34,10470,10470,1642,8828,0,15.682903533906401,68472.0,50532.0,110288.65625,104818.671875,13959.998046875,10470.0,5469.99560546875,1.0521852097260225,0.5224446614583333,0.052244466145833335,41.70036697387695,-5.724059581756592,67.1672693361754,-11.873433606139557,4992.29052734375,259.02557373046875,47,6470.1689453125,5.589493791786055,1.0,1.0961406442628228,25.52144918246652,5189,16.207361726729623,1.1208328484846095,6222.33154296875,1.199138859697196,5281,15.167581897367924,0.9858910564338697,-752.33544921875,-0.14246079326240296
EMA200_two_confirm_fixed_6_MAexit55,EMA,200,two_confirm,fixed_6,ma_close,,55,10469,10469,1573,8896,0,15.025312828350367,69424.0,50988.0,112036.328125,105737.34375,13958.6650390625,10469.0,6298.99609375,1.0595719936930985,0.6016807807574744,0.06016807807574744,44.13477325439453,-5.731564521789551,71.22462054990464,-11.885942417940647,8072.0625,414.80255126953125,49,7298.77197265625,6.718120164294584,1.0,1.1346177423738935,29.779242518161958,5189,15.687030256311427,1.118290797334357,6155.66455078125,1.1862911063367219,5280,14.374999999999998,1.0026691750544703,143.330078125,0.027145848129734848
EMA200_two_confirm_fixed_6_MAexit84,EMA,200,two_confirm,fixed_6,ma_close,,84,10466,10466,1417,9049,0,13.539078922224345,70464.0,51978.0,114133.6640625,107744.3359375,13954.6650390625,10466.0,6389.328125,1.0593008260657553,0.6104842466080642,0.06104842466080642,49.72759246826172,-5.744060039520264,80.54598734121383,-11.906767149685049,8581.869140625,299.09014892578125,54,7388.63525390625,8.034492642843492,1.0,1.0308139887811316,30.90563158663161,5189,14.241665060705339,1.1021515166841225,5412.3310546875,1.0430393244724416,5277,12.848209209778283,1.0178411643322802,976.99853515625,0.18514279612587645
EMA200_two_confirm_fixed_6_MAexit144,EMA,200,two_confirm,fixed_6,ma_close,,144,10460,10460,931,9529,0,8.900573613766731,73912.0,55152.0,121014.328125,114154.3359375,13946.6650390625,10460.0,6859.99072265625,1.0600940133474726,0.6558308530264101,0.06558308530264101,79.38990020751953,-5.787805557250977,129.98316662191192,-11.979676349826844,4817.677734375,180.76065063476562,76,7859.29443359375,10.986998087954111,1.0,0.9748401409408127,36.31491638480921,5185,9.73963355834137,1.142224947656807,7981.6630859375,1.5393757157063646,5275,8.075829383886255,0.9806722717356845,-1121.67041015625,-0.21263894031398103
EMA200_two_confirm_fixed_6_MAexit200,EMA,200,two_confirm,fixed_6,ma_close,,200,10470,10469,750,9719,1,7.164008023688987,78720.0,57378.0,129449.9921875,118307.671875,13958.6650390625,10469.0,11142.3232421875,1.0941808771646915,1.064315908127567,0.1064315908127567,104.95999908447266,-5.903693675994873,172.59998958333333,-12.172823528655211,5581.0712890625,179.38502502441406,95,12143.599609375,13.264686216448563,1.0,1.357345068197632,86.65334823762886,5188,7.922127987663839,1.2214190599686379,12887.99609375,2.484193541586353,5281,6.419238780533989,0.9709545245913445,-1745.6728515625,-0.3305572527101875
EMA200_two_confirm_fixed_8_RR2,EMA,200,two_confirm,fixed_8,fixed_RR,2,,10470,10470,3812,6658,0,36.40878701050621,60992.0,53264.0,69569.0,78231.5,10470.0,7852.5,-8662.5,0.8892709458466219,-0.8273638968481375,-0.08273638968481375,16.0,-8.0,18.25,-11.75,8911.25,753.5940551757812,31,-7662.5,1.5245463228271252,2.0,-5.864716580972502,0.0,5189,37.23260743881288,0.9213282030846818,-3010.75,-0.580217768356138,5281,35.59931831092596,0.8585710085269038,-5651.75,-1.0702045067222117
EMA200_two_confirm_fixed_8_RR3,EMA,200,two_confirm,fixed_8,fixed_RR,3,,10470,10470,2974,7496,0,28.404966571155683,71376.0,59968.0,84015.5,88078.0,10470.0,7852.5,-4062.5,0.9538761098117577,-0.38801337153772686,-0.03880133715377269,24.0,-8.0,28.25,-11.75,4388.0,344.8330078125,31,-3062.5,2.0393505253104105,2.0,-2.2010071005724945,0.0,5189,29.63962227789555,1.0128032541361445,549.25,0.10584891115821932,5281,27.191819731111533,0.8979221426002268,-4611.75,-0.8732721075553872
EMA200_two_confirm_fixed_8_RR4,EMA,200,two_confirm,fixed_8,fixed_RR,4,,10470,10470,2387,8083,0,22.79847182425979,76384.0,64664.0,91302.75,94975.25,10470.0,7852.5,-3672.5,0.9613320312397177,-0.35076408787010505,-0.0350764087870105,32.0,-8.0,38.25,-11.75,3906.75,326.6513366699219,39,-2672.5,2.574212034383954,2.0,-1.7110102567428127,0.0,5189,23.85816149547119,1.020016478456841,929.25,0.17908074773559451,5281,21.757242946411665,0.9052182241354452,-4601.75,-0.8713785267941677
EMA200_two_confirm_fixed_8_RR5,EMA,200,two_confirm,fixed_8,fixed_RR,5,,10470,10470,2007,8463,0,19.169054441260744,80280.0,67704.0,96837.75,99440.25,10470.0,7852.5,-2602.5,0.9738285050570569,-0.248567335243553,-0.0248567335243553,40.0,-8.0,48.25,-11.75,3183.0,229.19891357421875,39,-1602.5,3.098758357211079,2.0,-1.0769040278081774,0.0,5189,20.100211986895356,1.033033634058975,1609.25,0.31012719213721335,5281,18.25411853815565,0.9169685409982307,-4211.75,-0.7975288771066086
EMA200_two_confirm_fixed_8_RR6,EMA,200,two_confirm,fixed_8,fixed_RR,6,,10470,10470,1723,8747,0,16.456542502387776,82704.0,69976.0,100364.75,102777.25,10470.0,7852.5,-2412.5,0.9765269064895198,-0.2304202483285578,-0.02304202483285578,48.0,-8.0,58.25,-11.75,3656.25,193.6060333251953,40,-1412.5,3.6033428844317097,2.0,-0.9083859846549865,0.0,5189,17.325110811331662,1.038868223974607,1959.25,0.3775775679321642,5281,15.6031054724484,0.9165214651587987,-4371.75,-0.8278261692861201
EMA200_two_confirm_fixed_8_MAexit9,EMA,200,two_confirm,fixed_8,ma_close,,9,10470,10470,2156,8314,0,20.592168099331424,79984.0,59216.0,96207.0,88569.5,10470.0,7852.5,7637.5,1.0862317163357589,0.7294651384909264,0.07294651384909265,37.098331451416016,-7.122444152832031,44.62291280148423,-10.653055087803704,2266.75,60.571258544921875,39,8637.5,4.036389684813754,2.0,2.207514337432035,23.884487440795304,5189,21.680477934091346,1.1864460761604745,8049.25,1.551214106764309,5281,19.522817648172694,0.990930117297208,-411.75,-0.07796818784321151
EMA200_two_confirm_fixed_8_MAexit21,EMA,200,two_confirm,fixed_8,ma_close,,21,10470,10470,1971,8499,0,18.825214899713465,80848.0,62872.0,97610.75,93463.25,10470.0,7852.5,4147.5,1.044375730567897,0.3961318051575931,0.03961318051575931,41.01877212524414,-7.397576332092285,49.523465246067985,-10.996970231791975,3007.75,88.02311706542969,37,5147.5,5.4810888252149,1.0,1.096406319125704,15.360567821299322,5189,19.734052804008478,1.130811934257664,5979.25,1.1522933127770283,5281,17.932209808748343,0.9616423583117821,-1831.75,-0.3468566559363757
EMA200_two_confirm_fixed_8_MAexit34,EMA,200,two_confirm,fixed_8,ma_close,,34,10470,10470,1973,8497,0,18.844317096466092,81472.0,63920.0,98387.25,94769.75,10470.0,7852.5,3617.5,1.0381714629404426,0.3455109837631328,0.034551098376313275,41.293460845947266,-7.522655010223389,49.86682716675114,-11.153318818406497,3810.25,204.9072265625,40,4617.5,6.569054441260745,1.0,0.9006611740968574,14.92531411204243,5189,19.38716515706302,1.0945663447638394,4399.25,0.8478030449026788,5281,18.310925960992236,0.9837977595622752,-781.75,-0.14803067600833175
EMA200_two_confirm_fixed_8_MAexit55,EMA,200,two_confirm,fixed_8,ma_close,,55,10469,10469,1886,8583,0,18.015092176903238,83360.0,64824.0,100899.5,96050.25,10469.0,7851.75,4849.25,1.0504865942566521,0.4632008787849842,0.04632008787849842,44.199363708496094,-7.5526041984558105,53.4992046659597,-11.190754980775953,5794.75,242.89007568359375,49,5849.25,7.994937434329927,1.0,1.0645020104241818,20.626121295060905,5189,18.731932935054925,1.1182666010717366,5589.25,1.0771343226055117,5280,17.31060606060606,0.984833113003556,-740.0,-0.14015151515151514
EMA200_two_confirm_fixed_8_MAexit84,EMA,200,two_confirm,fixed_8,ma_close,,84,10465,10465,1701,8764,0,16.25418060200669,85096.0,66304.0,103393.25,98217.0,10465.0,7848.75,5176.25,1.052702179867029,0.4946249402771142,0.04946249402771142,50.027042388916016,-7.565495014190674,60.783803644914755,-11.206869009584665,6326.75,180.27496337890625,54,6176.25,9.64854276158624,1.0,1.0165983294287737,22.326448674221,5188,16.942945258288358,1.1230511125034304,5941.0,1.1451426368542792,5277,15.57703240477544,0.9846854739793236,-764.75,-0.14492135683153307
EMA200_two_confirm_fixed_8_MAexit144,EMA,200,two_confirm,fixed_8,ma_close,,144,10456,10456,1144,9312,0,10.941086457536343,92912.0,71152.0,114138.0,105236.0,10456.0,7842.0,8902.0,1.0845908244327036,0.8513771996939556,0.08513771996939556,81.21678161621094,-7.640893459320068,99.77097902097903,-11.301116838487973,3227.0,81.06578063964844,63,9902.0,13.483454475899006,2.0,1.452176360238772,42.04468771055648,5183,11.846420991703646,1.178242944761555,9219.75,1.7788442986687247,5273,10.051204248056136,0.9940618853397246,-317.75,-0.06025981414754409
EMA200_two_confirm_fixed_8_MAexit200,EMA,200,two_confirm,fixed_8,ma_close,,200,10470,10469,944,9525,1,9.017098099149871,99808.0,74616.0,123108.0,109938.75,10469.0,7851.75,13169.25,1.1197871542108675,1.2579281688795492,0.1257928168879549,105.72881317138672,-7.833700656890869,130.41101694915255,-11.54212598425197,4414.5,77.12266540527344,63,14169.25,16.453242907632056,2.0,1.8749312647469778,90.2131440311838,5188,9.888203546646105,1.2614455321807956,14121.0,2.721858134155744,5281,8.161333080855899,0.9829824326136516,-951.75,-0.18022154894906267
EMA200_two_confirm_fixed_10_RR2,EMA,200,two_confirm,fixed_10,fixed_RR,2,,10463,10463,3830,6633,0,36.605180158654306,76600.0,66330.0,71238.0078125,75616.1953125,8370.400390625,6277.7998046875,-4378.205078125,0.9420998705117838,-0.41844643774491064,-0.04184464377449106,20.0,-10.0,18.600002039817234,-11.399999293306196,4950.66162109375,389.44757080078125,20,-3377.615234375,2.287584822708592,3.0,-2.9617511844344926,-44881557.04384222,5184,37.210648148148145,0.966917461664915,-1227.6024169921875,-0.23680602179633248,5279,36.01060806971017,0.9181859448153369,-3150.6025390625,-0.5968180600610912
EMA200_two_confirm_fixed_10_RR3,EMA,200,two_confirm,fixed_10,fixed_RR,3,,10462,10462,2910,7552,0,27.814949340470275,87300.0,75520.0,83226.0078125,86092.796875,8369.6005859375,6277.19970703125,-2866.8056640625,0.9667011740057376,-0.2740208052057446,-0.02740208052057446,30.0,-10.0,28.600002684707903,-11.39999958620233,3264.80322265625,275.5108642578125,31,-1866.55810546875,3.032116230166316,3.0,-1.5637527920574557,-29389404.53684663,5184,28.665123456790127,1.008122130693511,342.39752197265625,0.06604890470151548,5278,26.979916635089047,0.9269570016906851,-3209.203125,-0.608033938044714
EMA200_two_confirm_fixed_10_RR4,EMA,200,two_confirm,fixed_10,fixed_RR,4,,10455,10455,2337,8118,0,22.35294117647059,93480.0,81180.0,90208.2109375,92545.1875,8364.0009765625,6272.99951171875,-2337.001220703125,0.9747477245912977,-0.22352952852253707,-0.022352952852253707,40.0,-10.0,38.60000468014549,-11.399998460211874,3402.95166015625,237.76852416992188,39,-1336.765869140625,3.79636537541846,3.0,-1.097228405872796,-11983035.505020298,5181,23.219455703532134,1.0239608544597592,1086.599853515625,0.20972782349268965,5274,21.501706484641637,0.9274601634225625,-3423.6005859375,-0.6491468687784414
EMA200_two_confirm_fixed_10_RR5,EMA,200,two_confirm,fixed_10,fixed_RR,5,,10445,10445,1958,8487,0,18.74581139301101,97900.0,84870.0,95158.7890625,96751.796875,8356.0,6267.0,-1593.0029296875,0.9835351087633224,-0.15251344468046912,-0.015251344468046912,50.0,-10.0,48.599994413942795,-11.399999631789797,3671.4833984375,190.2917938232422,39,-593.0517578125,4.705696505505026,3.0,-0.6656349578823239,-16344147.195533315,5175,19.594202898550726,1.0388950037476956,1844.9990234375,0.35652155042270534,5270,17.91271347248577,0.9302867326732673,-3438.00146484375,-0.6523721944675047
EMA200_two_confirm_fixed_10_RR6,EMA,200,two_confirm,fixed_10,fixed_RR,6,,10434,10434,1690,8744,0,16.19704811194173,101400.0,87440.0,99033.9921875,99681.609375,8347.201171875,6260.3994140625,-647.603271484375,0.9935031427405663,-0.06206663518155789,-0.0062066635181557885,60.0,-10.0,58.59999537721893,-11.40000107216377,3211.112548828125,146.61270141601562,40,352.24481201171875,5.497316465401572,3.0,-0.24583175979200872,-6647885.697634611,5168,17.008513931888544,1.0534782325950158,2614.798828125,0.505959525565983,5266,15.400683630839346,0.9357628939428633,-3262.401611328125,-0.619521764399568
EMA200_two_confirm_fixed_10_MAexit9,EMA,200,two_confirm,fixed_10,ma_close,,9,10469,10469,2424,8045,0,23.154073932562806,89368.0,67650.0,85974.40625,78913.0,8375.201171875,6281.3994140625,7061.39453125,1.0894834342883934,0.6745051610707804,0.06745051610707804,36.86798858642578,-8.408949851989746,35.46798937706271,-9.808949658172779,1633.60546875,68.60456848144531,39,8061.810546875,4.502149202407106,2.0,2.4056556373359386,21.07460996086222,5188,24.11333847340015,1.1700404112315606,6560.7978515625,1.2646102258216076,5281,22.211702329104334,1.0124129781510083,500.5972595214844,0.0947921339749071
EMA200_two_confirm_fixed_10_MAexit21,EMA,200,two_confirm,fixed_10,ma_close,,21,10465,10465,2227,8238,0,21.280458671763018,92440.0,73046.0,89322.203125,84579.1953125,8372.0009765625,6278.99951171875,4742.99560546875,1.0560777126688865,0.45322461590719065,0.045322461590719065,41.50875473022461,-8.866957664489746,40.10875757745846,-10.266957430504977,2603.4169921875,86.77667999267578,37,5743.373046875,6.313330148112756,2.0,1.4526651625022209,16.378794485920782,5187,22.267206477732792,1.1300657409625035,5388.1982421875,1.0387889420064584,5278,20.31072375899962,0.985048448386143,-645.2027587890625,-0.12224379666333128
EMA200_two_confirm_fixed_10_MAexit34,EMA,200,two_confirm,fixed_10,ma_close,,34,10461,10461,2236,8225,0,21.374629576522324,93288.0,74782.0,90157.6015625,86296.9921875,8368.80078125,6276.599609375,3860.5947265625,1.0447363144084088,0.3690464321348341,0.03690464321348341,41.72093200683594,-9.092036247253418,40.320930931350624,-10.49203552431611,3227.610595703125,190.98257446289062,37,4860.890625,7.624032119300258,2.0,1.1155569179330327,14.786727553866632,5186,21.924411878133437,1.0936272775113844,3967.597412109375,0.7650592773060885,5275,20.834123222748815,0.9975638633173545,-107.0028076171875,-0.020284892439277252
EMA200_two_confirm_fixed_10_MAexit55,EMA,200,two_confirm,fixed_10,ma_close,,55,10456,10456,2125,8331,0,20.32325937260903,95016.0,76162.0,92041.0,87825.3984375,8364.80078125,6273.599609375,4215.595703125,1.0479998000293729,0.40317479945724943,0.040317479945724946,44.71341323852539,-9.142000198364258,43.31341176470588,-10.541999572380266,4812.7919921875,242.6298370361328,49,5215.93115234375,9.281752104055087,1.0,1.0848643131477007,16.47568016442507,5185,21.099324975891996,1.1199470136556904,5178.99755859375,0.9988423449554001,5271,19.559855814835895,0.9784222732541211,-963.40234375,-0.18277411188579018
EMA200_two_confirm_fixed_10_MAexit84,EMA,200,two_confirm,fixed_10,ma_close,,84,10445,10445,1911,8534,0,18.29583532790809,97144.0,78138.0,94468.59375,90085.6015625,8356.0,6267.0,4382.99560546875,1.0486536373346982,0.4196261948749402,0.04196261948749402,50.8341178894043,-9.156081199645996,49.434114992150704,-10.556081739219593,5168.7138671875,183.18423461914062,54,5383.533203125,11.247391096218287,2.0,1.0104375891573787,17.359300428211743,5179,19.057733153118363,1.1055854161301137,4671.39794921875,0.9019884049466595,5266,17.546524876566654,0.993708800062169,-288.40234375,-0.05476687120205089
EMA200_two_confirm_fixed_10_MAexit144,EMA,200,two_confirm,fixed_10,ma_close,,144,10433,10433,1289,9144,0,12.355027317166682,105912.0,84106.0,104107.390625,96907.609375,8346.400390625,6259.7998046875,7199.794921875,1.0742953138193643,0.6900982384620914,0.06900982384620914,82.16602325439453,-9.197943687438965,80.76601289759503,-10.597945032261592,3203.39306640625,97.74356842041016,63,8200.2451171875,15.692322438416562,3.0,1.3741436366896957,30.541727748231768,5172,13.147718484145399,1.1571495428586156,7479.197265625,1.4460938255268754,5261,11.575746055882911,0.9943342318443609,-279.402099609375,-0.053108173276824745
EMA200_two_confirm_fixed_10_MAexit200,EMA,200,two_confirm,fixed_10,ma_close,,200,10470,10469,1098,9371,1,10.488107746680676,116160.0,89666.0,114622.796875,102785.40625,8375.201171875,6281.3994140625,11837.3955078125,1.1151660635188665,1.1307092853006495,0.11307092853006495,105.79235076904297,-9.568455696105957,104.39234688069217,-10.96845654145769,4069.26904296875,89.63037109375,63,12836.0078125,19.47654981373579,3.0,1.9634370983155816,69.42552759997038,5188,11.333847340015419,1.2657942440580645,13408.796875,2.5845791971858136,5281,9.657261882219277,0.969975463442395,-1571.40283203125,-0.2975578170860159
EMA200_two_confirm_candle_RR2,EMA,200,two_confirm,candle,fixed_RR,2,,10293,10293,3736,6557,0,36.29651219275235,91218.0,81536.0,69929.71875,73816.265625,7449.455078125,5587.091796875,-3886.54931640625,0.9473483677060506,-0.3775915006709657,-0.03775915006709657,24.415952682495117,-12.434954643249512,18.717804804603855,-11.257627821412232,4269.1005859375,367.62530517578125,18,-2886.5732421875,3.1321286311085204,2.0,-2.6567910062756335,-99.3693625210605,5110,36.69275929549902,0.963421516217673,-1332.305908203125,-0.2607252266542319,5183,35.9058460351148,0.9316921264062228,-2554.2431640625,-0.49281172372419446
EMA200_two_confirm_candle_RR3,EMA,200,two_confirm,candle,fixed_RR,3,,10215,10215,2846,7369,0,27.86098874204601,103887.0,91635.0,81718.421875,82960.5,7389.7568359375,5542.3173828125,-1242.0765380859375,0.9850280781215157,-0.12159339579891704,-0.012159339579891704,36.502811431884766,-12.435201644897461,28.71343003338018,-11.258040439679739,1991.1925048828125,179.2792510986328,32,-242.034912109375,4.458149779735683,3.0,-0.6856372002391947,-31.85213802124314,5076,28.329393223010246,1.0078447026943314,321.3319091796875,0.06330415862483993,5139,27.39832652266978,0.9627745736997069,-1563.408203125,-0.304224207652267
EMA200_two_confirm_candle_RR4,EMA,200,two_confirm,candle,fixed_RR,4,,10145,10145,2280,7865,0,22.47412518482011,110508.0,97711.0,88256.015625,88554.203125,7341.822265625,5506.36669921875,-298.191650390625,0.9966327120624745,-0.029392967017311485,-0.0029392967017311485,48.468421936035156,-12.423521995544434,38.70877878289474,-11.259275667514304,2477.06005859375,222.51278686523438,41,701.8310546875,5.767964514539182,3.0,-0.14191803343351006,-7.671280926150227,5035,22.800397219463754,1.0151255787999305,661.9804077148438,0.1314757512839809,5110,22.15264187866928,0.9785622117806099,-960.171875,-0.1879005626223092
EMA200_two_confirm_candle_RR5,EMA,200,two_confirm,candle,fixed_RR,5,,10060,10060,1909,8151,0,18.97614314115308,116110.0,101022.0,92990.609375,91795.46875,7282.77294921875,5462.080078125,1195.144287109375,1.0130196037045673,0.11880161899695577,0.011880161899695577,60.822418212890625,-12.393816947937012,48.71168641959141,-11.261865875352717,2949.93017578125,156.7740020751953,42,2195.1630859375,7.093737574552684,3.0,0.5066316999924093,30.899003409494814,4986,19.253910950661854,1.0311142170996386,1410.8011474609375,0.28295249648233806,5074,18.70319274733938,0.9953575333372463,-215.656494140625,-0.04250226530166042
EMA200_two_confirm_candle_RR6,EMA,200,two_confirm,candle,fixed_RR,6,,9938,9938,1619,8319,0,16.291004226202453,117642.0,103161.0,95049.34375,93686.125,7192.4443359375,5394.33349609375,1363.2197265625,1.0145509140227542,0.13717244179538138,0.013717244179538138,72.66337585449219,-12.400649070739746,58.708674336009885,-11.261705132828466,3488.3388671875,160.3697509765625,42,2363.2392578125,8.418494666934997,3.0,0.5291678826032684,35.39886963261472,4926,16.86967113276492,1.0575799307637845,2655.476318359375,0.5390735522451026,5012,15.722266560255388,0.9728335254515352,-1292.25634765625,-0.2578324715994114
EMA200_two_confirm_candle_MAexit9,EMA,200,two_confirm,candle,ma_close,,9,10432,10432,2567,7865,0,24.606978527607364,93504.0,72551.0,80661.328125,72396.421875,7554.8662109375,5666.1494140625,8264.8994140625,1.1141618057349605,0.7922641309492428,0.07922641309492427,36.42539978027344,-9.224538803100586,31.422410644721463,-9.204885171646536,1656.1617431640625,58.69992446899414,39,9264.8505859375,4.708109662576687,2.0,2.793525662896989,22.262615637719396,5174,25.280247390800152,1.1893465214230843,6732.8701171875,1.301289160646985,5258,23.94446557626474,1.0415883571262847,1532.02880859375,0.2913710172296976
EMA200_two_confirm_candle_MAexit21,EMA,200,two_confirm,candle,ma_close,,21,10395,10395,2399,7996,0,23.078403078403078,100376.0,79624.0,85233.734375,77970.1875,7527.17822265625,5645.38330078125,7263.5390625,1.0931580018965583,0.6987531565656566,0.06987531565656566,41.84076690673828,-9.957979202270508,35.52885968111713,-9.751149012006003,2111.999267578125,54.94682693481445,36,8263.501953125,6.823953823953824,2.0,2.2200674480212506,22.026572355596453,5154,23.80675203725262,1.1518199344679698,5835.986328125,1.1323217555539387,5241,22.362144628887616,1.0361129782090077,1427.552001953125,0.27238160693629554
EMA200_two_confirm_candle_MAexit34,EMA,200,two_confirm,candle,ma_close,,34,10381,10381,2397,7984,0,23.090261053848376,101536.0,81971.0,86036.8125,79731.0,7515.19189453125,5636.39404296875,6305.810546875,1.0790885916393875,0.6074376791132838,0.060743767911328385,42.359615325927734,-10.266908645629883,35.89353879849812,-9.986347695390782,2630.56689453125,116.20144653320312,33,7305.78125,8.306425199884405,2.0,1.8290149319161408,20.652883839464444,5150,23.320388349514563,1.1192203125230997,4693.625,0.9113834951456311,5231,22.86369718982986,1.039943541712315,1612.1851806640625,0.30819827579125647
EMA200_two_confirm_candle_MAexit55,EMA,200,two_confirm,candle,ma_close,,55,10363,10363,2278,8085,0,21.98205152947988,104072.0,84247.0,87786.828125,81602.65625,7502.76025390625,5627.0703125,6184.16455078125,1.0757839531112077,0.5967542748992811,0.059675427489928115,45.68568801879883,-10.420161247253418,38.53679900131694,-10.093092918985777,3443.642333984375,190.9078369140625,48,7184.1533203125,10.19048538068127,2.0,1.6206798598438352,20.953980246178343,5143,22.554929029749175,1.126379382466781,5095.92578125,0.990846933939335,5220,21.4176245210728,1.0263623413400385,1088.240478515625,0.20847518745510057
EMA200_two_confirm_candle_MAexit84,EMA,200,two_confirm,candle,ma_close,,84,10339,10339,2055,8284,0,19.876196924267337,107104.0,86627.0,91175.21875,83711.7265625,7485.6376953125,5614.228515625,7463.48828125,1.0891570690747572,0.7218771913386207,0.07218771913386207,52.118736267089844,-10.457146644592285,44.36750304136253,-10.105230149987928,3738.49951171875,127.10691833496094,46,8463.453125,12.430022245865171,2.0,1.74504129983421,25.534758084956554,5129,20.35484499902515,1.1268927351491123,5237.06591796875,1.0210695882177325,5210,19.404990403071018,1.05246030436998,2226.42236328125,0.4273363461192418
EMA200_two_confirm_candle_MAexit144,EMA,200,two_confirm,candle,ma_close,,144,10342,10342,1399,8943,0,13.527364146199961,116912.0,93478.0,100519.875,90250.078125,7489.81884765625,5617.3642578125,10269.79296875,1.1137926646531642,0.9930180785873138,0.09930180785873138,83.5682601928711,-10.452644348144531,71.85123302358828,-10.091700561891983,2125.669921875,81.25692749023438,53,11269.61328125,17.308547669696384,3.0,2.028536130785966,36.151571472323546,5128,14.235569422776912,1.1707234854955944,7573.095703125,1.4768127346187598,5214,12.83084004602992,1.058762819028682,2696.6982421875,0.5172033452603567
EMA200_two_confirm_candle_MAexit200,EMA,200,two_confirm,candle,ma_close,,200,10470,10469,1220,9249,1,11.653453051867418,129448.0,100741.0,113052.6875,96614.390625,7579.009765625,5684.25732421875,16438.3046875,1.170143358237426,1.5701886223612571,0.1570188622361257,106.10491943359375,-10.892096519470215,92.66613729508197,-10.445928276029841,2636.123046875,88.87194061279297,63,17437.908203125,21.53309771706944,3.0,2.7098510033282674,72.09186908050033,5188,12.181958365458751,1.29919007823248,14229.35546875,2.742743922272552,5281,11.134254875970461,1.0450302208952629,2208.949462890625,0.418282420543576
HMA  9_one_break_fixed_6_RR2,HMA,9,one_break,fixed_6,fixed_RR,2,,96112,96112,27797,68315,0,28.92146662227401,333564.0,409890.0,491080.1875,842551.6875,128149.3203125,96112.0,-351471.375,0.582848737692428,-3.656893780173131,-0.3656893780173131,12.0,-6.0,17.666661420297153,-12.333333638293201,351526.25,35591.5859375,34,-350538.59375,1.4147036790411187,1.0,-83.34902636761429,-1188778824.4123175,47987,29.201658782586954,0.5908244052275864,-171449.6875,-3.572836132702607,48125,28.642077922077924,0.5749582258836977,-180021.6875,-3.7407103896103897
HMA  9_one_break_fixed_6_RR3,HMA,9,one_break,fixed_6,fixed_RR,3,,95491,95491,25723,69768,0,26.937617157637895,463014.0,418608.0,711669.5,860472.0625,127321.3125,95491.0,-148802.375,0.827068688241113,-1.558286906619472,-0.1558286906619472,18.0,-6.0,27.666660187380945,-12.3333342291595,148962.203125,14773.111328125,34,-147868.375,1.7054696254097246,1.0,-27.135773649103413,-504926954.399989,47659,27.13443420969806,0.8353619216684579,-70514.359375,-1.4795601958706646,47832,26.741511958521492,0.8188497703028798,-78288.0234375,-1.6367290399209735
HMA  9_one_break_fixed_6_RR4,HMA,9,one_break,fixed_6,fixed_RR,4,,93631,93631,20297,73334,0,21.677649496427463,487128.0,440004.0,764520.3125,904452.75,124841.3203125,93631.0,-139932.296875,0.8452849665170458,-1.4945081957364548,-0.14945081957364548,24.0,-6.0,37.6666656402424,-12.333334469686639,140258.484375,12493.33203125,42,-139030.3125,1.8197819098375538,1.0,-22.196737222314358,-239760720.7152952,46722,21.852660416934206,0.8540175724337217,-65737.984375,-1.4070027904413338,46909,21.503336246775675,0.83662599529218,-74194.3125,-1.5816647658231895
HMA  9_one_break_fixed_6_RR5,HMA,9,one_break,fixed_6,fixed_RR,5,,90778,90778,16474,74304,0,18.147568794201238,494220.0,445824.0,785260.75,916416.0625,121037.3203125,90778.0,-131155.296875,0.8568823508590564,-1.4447916551917865,-0.14447916551917867,30.0,-6.0,47.66667172514265,-12.333334174472437,131549.15625,11614.109375,42,-130258.65625,2.1719469474982924,1.0,-18.824317484521284,-456452351.5537519,45289,18.328954050652477,0.867368953355859,-60504.31640625,-1.335960529184791,45489,17.966981028380488,0.8464878550715939,-70650.984375,-1.553144372815406
HMA  9_one_break_fixed_6_RR6,HMA,9,one_break,fixed_6,fixed_RR,6,,88028,88028,13719,74309,0,15.584813922842732,493884.0,445854.0,791129.125,916477.75,117370.65625,88028.0,-125348.65625,0.863227857959454,-1.4239634690098606,-0.14239634690098607,36.0,-6.0,57.66667577811794,-12.333334454776676,125742.8515625,10665.2109375,48,-124402.90625,2.4921729449720544,1.0,-16.639877253089633,-221502774.3667696,43929,15.848300666985363,0.8805706294135758,-54450.9921875,-1.239522688599786,44099,15.322342910270073,0.8460591801511829,-70897.65625,-1.607693059933332
HMA  9_one_break_fixed_6_MAexit9,HMA,9,one_break,fixed_6,ma_close,,9,96112,96112,19025,77087,0,19.794614616281006,480536.0,413838.0,756501.625,869599.6875,128149.3203125,96112.0,-113097.9921875,0.8699423836901965,-1.1767312321822456,-0.11767312321822457,25.258134841918945,-5.3684539794921875,39.76355453350854,-11.280756645089316,113326.0703125,10188.1396484375,46,-112115.125,2.220253454303313,1.0,-14.820155348878675,-118.87490508441333,47987,20.024173213578678,0.8946687513066928,-45563.0,-0.9494863192114531,48125,19.565714285714286,0.8454686280835914,-67535.0,-1.4033246753246753
HMA  9_one_break_fixed_8_RR2,HMA,9,one_break,fixed_8,fixed_RR,2,,96112,96112,33315,62797,0,34.662685200599306,533040.0,502376.0,607998.75,737864.75,96112.0,72084.0,-129866.0,0.823997555107491,-1.3511944398202098,-0.13511944398202097,16.0,-8.0,18.25,-11.75,129918.75,12879.1826171875,24,-128866.0,1.482291493257866,1.0,-29.340916060800623,0.0,47987,34.986558859691165,0.8358398588016417,-60177.25,-1.25403234209265,48125,34.33974025974026,0.8123055335039555,-69688.75,-1.448077922077922
HMA  9_one_break_fixed_8_RR3,HMA,9,one_break,fixed_8,fixed_RR,3,,93067,93067,24753,68314,0,26.59696777590338,594072.0,546512.0,699272.25,802689.5,93067.0,69800.25,-103417.25,0.871161576176093,-1.1112128896386475,-0.11112128896386475,24.0,-8.0,28.25,-11.75,103737.25,8352.435546875,28,-102417.25,1.9709456628020674,2.0,-19.18059378346038,0.0,46422,26.85580112877515,0.8827522033229211,-46778.5,-1.0076795484899401,46645,26.339371851216637,0.8597072339434741,-56638.75,-1.2142512595133454
HMA  9_one_break_fixed_8_RR4,HMA,9,one_break,fixed_8,fixed_RR,4,,88523,88523,18971,69552,0,21.430588660574088,607072.0,556416.0,725640.75,817236.0,88523.0,66392.25,-91595.25,0.8879206863133783,-1.034705669712956,-0.1034705669712956,32.0,-8.0,38.25,-11.75,92023.25,7088.25390625,43,-90595.25,2.4681382239643934,2.0,-15.004830565914538,0.0,44158,21.710675302323477,0.9027434751916654,-39506.5,-0.8946623488382626,44365,21.151808858334274,0.873271630131129,-52088.75,-1.1740955708328638
HMA  9_one_break_fixed_8_RR5,HMA,9,one_break,fixed_8,fixed_RR,5,,84054,84054,14964,69090,0,17.802841030765936,598560.0,552720.0,722013.0,811807.5,84054.0,63040.5,-89794.5,0.8893894180578524,-1.0682953815404383,-0.10682953815404383,40.0,-8.0,48.25,-11.75,90202.5,6769.41845703125,55,-88794.5,2.9637851857139457,2.0,-13.494172341997338,0.0,41957,18.11139976642753,0.9082136403550599,-37054.75,-0.8831601401434802,42097,17.495308454284153,0.8707678981428617,-52739.75,-1.252814927429508
HMA  9_one_break_fixed_8_RR6,HMA,9,one_break,fixed_8,fixed_RR,6,,79629,79629,12226,67403,0,15.353702796719787,586848.0,539224.0,712164.5,791985.25,79629.0,59721.75,-79820.75,0.8992143477419561,-1.0024080422961483,-0.10024080422961483,48.0,-8.0,58.25,-11.75,80275.75,5743.2119140625,55,-78820.75,3.457107335267302,2.0,-11.209121979735665,0.0,39789,15.519364648520947,0.9106989362335096,-35270.75,-0.8864447460353364,39840,15.188253012048191,0.8877892402349248,-44550.0,-1.118222891566265
HMA  9_one_break_fixed_8_MAexit9,HMA,9,one_break,fixed_8,ma_close,,9,96112,96112,22939,73173,0,23.86694689528883,576552.0,507056.0,680546.75,761872.75,96112.0,72084.0,-81326.0,0.8932551400479936,-0.8461586482437157,-0.08461586482437157,25.134138107299805,-6.929550647735596,29.667672958716597,-10.411938146584122,81859.25,5496.67626953125,34,-80326.0,2.4437947394706176,2.0,-12.713834099837474,-77.05395723224689,47987,24.09610936295247,0.9191307758543272,-30617.25,-0.6380321753808323,48125,23.63844155844156,0.8676947040701645,-50708.75,-1.0536883116883118
HMA  9_one_break_fixed_10_RR2,HMA,9,one_break,fixed_10,fixed_RR,2,,88393,88393,30967,57426,0,35.03331711787133,619340.0,574260.0,575986.25,654656.3125,70714.421875,53035.7890625,-78670.2421875,0.8798299794901924,-0.8900053419105586,-0.08900053419105586,20.0,-10.0,18.600001614622016,-11.399998476299935,78758.71875,6946.43798828125,18,-77590.09375,2.2778048035477925,3.0,-18.488187243661528,-138730346.77769306,44134,35.281189105904744,0.8894485508430022,-35997.62109375,-0.8156437461764173,44259,34.78614519080865,0.8703112157764363,-42672.625,-0.9641570076142706
HMA  9_one_break_fixed_10_RR3,HMA,9,one_break,fixed_10,fixed_RR,3,,81264,81264,21544,59720,0,26.51112423705454,646320.0,597200.0,616158.5,680807.9375,65011.20703125,48758.3984375,-64649.6484375,0.9050401237426818,-0.7955509012293266,-0.07955509012293266,30.0,-10.0,28.60000464166357,-11.399998953449431,64873.2578125,5442.38720703125,26,-63595.03125,2.991730655640874,3.0,-12.844943430053057,-118901402.50066924,40517,26.687563245057632,0.9132561426162268,-29373.8203125,-0.7249752033097219,40747,26.335681154440817,0.8969095975501368,-35275.82421875,-0.8657281325925835
HMA  9_one_break_fixed_10_RR4,HMA,9,one_break,fixed_10,fixed_RR,4,,74860,74859,15898,58961,1,21.237259380969554,635920.0,589610.0,613662.75,672155.25,59887.20703125,44915.3984375,-58492.6171875,0.9129776937694082,-0.7813705391135335,-0.07813705391135335,40.0,-10.0,38.599996854950305,-11.399997455945455,58716.0078125,4853.36474609375,29,-57461.37890625,3.7160394875699647,3.0,-10.454404858071682,-74723583.56180419,37434,21.4724581930865,0.9258533933377224,-24847.609375,-0.6637711538975263,37425,21.00200400801603,0.9001753495865488,-33645.0078125,-0.898998204742819
HMA  9_one_break_fixed_10_RR5,HMA,9,one_break,fixed_10,fixed_RR,5,,68952,68951,12258,56693,1,17.777842235790633,612900.0,566930.0,595738.8125,646300.125,55160.8046875,41370.59765625,-50561.41796875,0.9217680601562626,-0.7332949191273513,-0.07332949191273513,50.0,-10.0,48.60000101974221,-11.399998677085355,50815.296875,4203.77978515625,35,-49551.87890625,4.634262012153559,3.0,-8.393898722093489,-100952916.29669505,34487,17.971989445298227,0.9340398826453196,-21271.80859375,-0.6168065820091628,34464,17.58356545961003,0.9095458327711711,-29289.609375,-0.8498609962569638
HMA  9_one_break_fixed_10_RR6,HMA,9,one_break,fixed_10,fixed_RR,6,,63892,63890,9808,54082,2,15.351385193300986,588480.0,540820.0,574748.875,616534.8125,51112.0078125,38334.0,-41785.99609375,0.9322245286838527,-0.6540303035490687,-0.06540303035490687,60.0,-10.0,58.60000764681892,-11.400000231130505,41935.55078125,3726.942138671875,41,-40783.640625,5.368414462357176,3.0,-6.551376260514308,0.0,31888,15.57325639739087,0.9481829309940001,-15903.19921875,-0.4987204973265805,32002,15.13030435597775,0.9164056646125623,-25882.80078125,-0.8087869752281107
HMA  9_one_break_fixed_10_MAexit9,HMA,9,one_break,fixed_10,ma_close,,9,96112,96112,25547,70565,0,26.580447810887296,642872.0,564514.0,607106.375,663305.125,76889.609375,57667.1953125,-56198.8515625,0.9152746633760744,-0.5847225274939654,-0.05847225274939653,25.16428565979004,-7.99991512298584,23.76429228480839,-9.399916743428046,56620.6953125,4033.38623046875,32,-55183.26953125,2.648066838688197,2.0,-10.2470772728937,-51.30481813252786,47987,26.786421322441495,0.938575791384807,-20273.82421875,-0.42248576111759434,48125,26.375064935064934,0.8921958181768737,-35925.02734375,-0.7464940746753247
HMA  9_one_break_candle_RR2,HMA,9,one_break,candle,fixed_RR,2,,58523,58521,19560,38961,2,33.42389911313887,735504.0,693720.0,375165.8125,446980.6875,41945.65625,31459.240234375,-71814.890625,0.8393333828321162,-1.2271644473778645,-0.12271644473778645,37.602455139160156,-17.805498123168945,19.180256262781185,-11.472515785015785,71898.9921875,7207.3173828125,18,-70820.484375,5.734949847063447,5.0,-20.261477766641008,-104.28966176569399,29337,33.61284384906432,0.8434475448155319,-35099.109375,-1.1964109955005624,29184,33.23396381578947,0.8351928812186552,-36715.78515625,-1.25807926111054
HMA  9_one_break_candle_RR3,HMA,9,one_break,candle,fixed_RR,3,,47338,47336,11883,35453,2,25.103515294912963,672105.0,633967.0,346556.46875,407113.8125,35724.21484375,26793.16015625,-60557.375,0.8512520531344046,-1.279309088220382,-0.1279309088220382,56.560211181640625,-17.881900787353516,29.16405526802996,-11.483197825289821,60625.30859375,6016.90283203125,17,-59562.36328125,8.390970931215143,6.0,-15.630724557674448,-96.45336337356582,23731,25.371876448527242,0.8603421848441964,-28498.578125,-1.200900852260756,23605,24.833721669137894,0.8421166679645574,-32058.796875,-1.3581358557509002
HMA  9_one_break_candle_RR4,HMA,9,one_break,candle,fixed_RR,4,,39766,39764,8020,31744,2,20.16899708278845,605456.0,569600.0,313955.28125,364309.0,30693.5546875,23020.1640625,-50353.7265625,0.8617829404434147,-1.2663144191353988,-0.12663144191353987,75.4932632446289,-17.94354820251465,39.1465437967581,-11.476467993951612,50502.49609375,4645.4755859375,21,-49356.72265625,10.964691680917413,6.0,-12.329145288045776,-87.60632862032783,20010,20.434782608695652,0.8726970900054681,-23346.15234375,-1.16672425505997,19754,19.89976713576997,0.8507196527992851,-27007.5703125,-1.367195014300901
HMA  9_one_break_candle_RR5,HMA,9,one_break,candle,fixed_RR,5,,34312,34310,5822,28488,2,16.96881375692218,550970.0,512818.0,286052.9375,326443.0625,26634.35546875,19975.765625,-40390.12109375,0.8762720681190767,-1.1772113405348295,-0.11772113405348295,94.6358642578125,-18.00119400024414,49.13310503263483,-11.458967372226903,40419.01171875,3931.576904296875,21,-39390.94921875,13.54782862139318,6.0,-9.52346510353557,-76.47163926257372,17212,17.319312107831745,0.8931785141152532,-17510.71484375,-1.0173550339152917,17098,16.615978477014856,0.8592192750919754,-22879.40625,-1.338133480524038
HMA  9_one_break_candle_RR6,HMA,9,one_break,candle,fixed_RR,6,,29774,29772,4393,25379,2,14.755474942899369,497112.0,457092.0,259645.75,290975.53125,23497.021484375,17622.765625,-31329.79296875,0.8923284679113375,-1.0523240954168347,-0.10523240954168347,113.16002655029297,-18.010639190673828,59.104427498292736,-11.465208686315458,31439.607421875,2831.78759765625,26,-30329.369140625,16.358289668144565,6.0,-7.213178012518991,-63.3151027021485,14806,15.210049979737944,0.9194042612915589,-11664.287109375,-0.7878081257176145,14966,14.305759722036615,0.865534812880022,-19665.505859375,-1.3140121515017373
HMA  9_one_break_candle_MAexit9,HMA,9,one_break,candle,ma_close,,9,92287,92286,28599,63687,1,30.989532540146936,720432.0,624662.0,376156.0,437095.53125,56374.8828125,42281.1640625,-60939.5546875,0.8605807497602963,-0.6603336875311532,-0.06603336875311532,25.190811157226562,-9.80831241607666,13.152767579285989,-6.86318292979729,61061.79296875,5711.62158203125,27,-59940.9140625,2.9667013414819148,2.0,-15.98522638812156,-42.31983024449853,46224,31.09423676012461,0.8697842977595466,-28620.42578125,-0.6191680897639754,46062,30.884460075550347,0.8512717826355566,-32319.12890625,-0.7016440646574182
HMA  9_two_confirm_fixed_6_RR2,HMA,9,two_confirm,fixed_6,fixed_RR,2,,74292,74291,21284,53007,1,28.649499939427386,255408.0,318042.0,376017.25,653753.0,99054.65625,74291.0,-277735.6875,0.5751671502845876,-3.7384836319338817,-0.37384836319338816,12.0,-6.0,17.666662751362527,-12.333333333333334,277644.875,27372.15234375,34,-276625.21875,1.3763712966577377,1.0,-75.1251517106262,0.0,37029,29.258149018336983,0.5924401639613038,-131671.015625,-3.5558890497988065,37262,28.04465675487091,0.5582916784872747,-146064.6875,-3.9199368659760614
HMA  9_two_confirm_fixed_6_RR3,HMA,9,two_confirm,fixed_6,fixed_RR,3,,74099,74098,19810,54288,1,26.734864638721696,356580.0,325728.0,548076.5,669552.0,98797.328125,74098.0,-121475.3671875,0.8185719705116257,-1.6393879347283327,-0.16393879347283327,18.0,-6.0,27.66665825340737,-12.333333333333334,121798.7265625,9825.1201171875,46,-120543.734375,1.6644443844638181,1.0,-25.207941904368138,0.0,36923,27.286515180239956,0.8418009231776867,-52383.68359375,-1.418727719680145,37175,26.186953597848017,0.7958443359173188,-69091.6875,-1.8585524546065904
HMA  9_two_confirm_fixed_6_RR4,HMA,9,two_confirm,fixed_6,fixed_RR,4,,73451,73450,15912,57538,1,21.663716814159294,381888.0,345228.0,599352.0,709635.25,97933.328125,73450.0,-110283.296875,0.8445916405646422,-1.501474429884275,-0.1501474429884275,24.0,-6.0,37.666666666666664,-12.33333188501512,110574.8203125,9255.703125,50,-109317.6875,1.7772498298162014,1.0,-19.755856341958207,-426691252.5385832,36596,22.196414908733196,0.8712844423023803,-45200.6484375,-1.2351253808476337,36854,21.1347479242416,0.8184424599594141,-65082.6484375,-1.7659588765805612
HMA  9_two_confirm_fixed_6_RR5,HMA,9,two_confirm,fixed_6,fixed_RR,5,,72453,72452,13137,59315,1,18.13200463755314,394110.0,355890.0,626197.0,731551.625,96602.65625,72452.0,-105354.640625,0.8559847023783181,-1.4541301913680782,-0.14541301913680782,30.0,-6.0,47.666666666666664,-12.333332630869089,105746.34375,7956.8349609375,50,-104382.015625,2.1269806216529563,1.0,-16.93157045675355,0.0,36130,18.54691392194852,0.8800320526397537,-43543.3203125,-1.2051846197758096,36322,17.719288585430316,0.8323052288141923,-61811.32421875,-1.7017599311367766
HMA  9_two_confirm_fixed_6_RR6,HMA,9,two_confirm,fixed_6,fixed_RR,6,,70860,70859,11074,59785,1,15.628219421668385,398664.0,358710.0,638600.6875,737348.25,94478.65625,70859.0,-98747.6484375,0.8660774437316424,-1.3935794809057425,-0.13935794809057425,36.0,-6.0,57.66666854795015,-12.333331939449694,99205.640625,7118.31884765625,51,-97766.6484375,2.4458431533044496,1.0,-14.594116896387808,-388981696.9450649,35299,15.960792090427493,0.8880080315783018,-40974.328125,-1.1607787224850563,35560,15.29808773903262,0.8444780712015175,-57773.32421875,-1.6246716596948818
HMA  9_two_confirm_fixed_6_MAexit9,HMA,9,two_confirm,fixed_6,ma_close,,9,74292,74291,14633,59658,1,19.696867722873566,369304.0,320754.0,581363.0,673792.0,99054.65625,74291.0,-92429.0,0.8628226515007599,-1.2441480125452613,-0.12441480125452613,25.237751007080078,-5.376546382904053,39.72958381739903,-11.294243856649569,92878.921875,6546.9169921875,50,-91434.9296875,2.1278620559690946,1.0,-14.01667169732578,-111.13160636956744,37029,20.162575278835508,0.8945208228424392,-35151.0,-0.9492829944097869,37262,19.23407224518276,0.8318034175704658,-57278.0,-1.5371692340722451
HMA  9_two_confirm_fixed_8_RR2,HMA,9,two_confirm,fixed_8,fixed_RR,2,,74292,74291,25449,48842,1,34.2558317965837,407184.0,390736.0,464444.25,573893.5,74291.0,55718.25,-109449.25,0.8092864791115425,-1.4732504610248887,-0.14732504610248887,16.0,-8.0,18.25,-11.75,109634.25,9545.8642578125,25,-108449.25,1.4383034284099017,1.0,-28.205095191647136,0.0,37029,34.702530449107456,0.8254481425326884,-49590.75,-1.3392408652677632,37262,33.81192635929365,0.7934419808809993,-59858.5,-1.6064220922119048
HMA  9_two_confirm_fixed_8_RR3,HMA,9,two_confirm,fixed_8,fixed_RR,3,,72995,72994,19341,53653,1,26.496698358769216,464184.0,429224.0,546383.25,630422.75,72994.0,54745.5,-84039.5,0.8666934212002977,-1.1513206564923144,-0.11513206564923144,24.0,-8.0,28.25,-11.75,84369.25,7204.888671875,30,-83039.5,1.9236375592514454,1.0,-17.62100084963747,0.0,36384,26.877198768689535,0.8837140675045084,-36352.0,-0.9991204925241864,36610,26.118546845124285,0.8499515439848465,-47687.5,-1.3025812619502868
HMA  9_two_confirm_fixed_8_RR4,HMA,9,two_confirm,fixed_8,fixed_RR,4,,71180,71178,15150,56028,2,21.28466661046953,484800.0,448224.0,579487.5,658329.0,71178.0,53383.5,-78841.5,0.8802399711998105,-1.1076666947652365,-0.11076666947652365,32.0,-8.0,38.25,-11.75,79137.5,6291.98974609375,42,-77841.5,2.4144117564415972,1.0,-14.439392417855307,0.0,35480,21.555806087936865,0.8945343795294564,-34490.0,-0.9720969560315671,35698,21.015182923413075,0.8661300984295343,-44351.5,-1.2424085382934618
HMA  9_two_confirm_fixed_8_RR5,HMA,9,two_confirm,fixed_8,fixed_RR,5,,68470,68468,12197,56271,2,17.81416136005141,487880.0,450168.0,588505.25,661184.25,68468.0,51351.0,-72679.0,0.8900775389008434,-1.0615031839691536,-0.10615031839691536,40.0,-8.0,48.25,-11.75,73248.75,5121.39453125,44,-71679.0,2.90220248875387,1.0,-12.098532233134037,0.0,34112,17.932106003752345,0.8972582490034314,-33796.0,-0.9907363977485929,34356,17.697054371870998,0.8829681889460425,-38883.0,-1.1317673768774013
HMA  9_two_confirm_fixed_8_RR6,HMA,9,two_confirm,fixed_8,fixed_RR,6,,65818,65816,10106,55710,2,15.354928892670475,485088.0,445680.0,588674.5,654592.5,65816.0,49362.0,-65918.0,0.8992991823157155,-1.0015497751306672,-0.10015497751306672,48.0,-8.0,58.25,-11.75,66615.5,4452.90771484375,87,-64918.0,3.3858940075361614,1.0,-10.181586116064793,0.0,32764,15.474301062141373,0.9075704238878073,-30077.0,-0.9179892565010377,33052,15.236596877647344,0.8911230056988712,-35841.0,-1.0843821856468594
HMA  9_two_confirm_fixed_8_MAexit9,HMA,9,two_confirm,fixed_8,ma_close,,9,74292,74291,17541,56750,1,23.6112045873659,441848.0,393696.0,521613.25,591432.5,74291.0,55718.25,-69819.25,0.8819489121751003,-0.9398076483019477,-0.09398076483019477,25.189441680908203,-6.937374591827393,29.736802348782852,-10.421718061674008,70312.0,4795.3623046875,41,-68819.25,2.3326378699977117,1.0,-12.623967402495023,-75.47608947232135,37029,23.978503335223746,0.9046788716766953,-27920.75,-0.7540238731804801,37262,23.246202565616443,0.8596459198713654,-41898.5,-1.124429713917664
HMA  9_two_confirm_fixed_10_RR2,HMA,9,two_confirm,fixed_10,fixed_RR,2,,72466,72465,24914,47551,1,34.38073552749603,498280.0,475510.0,463400.4375,542081.5,57972.0078125,43479.0,-78681.03125,0.8548538134948342,-1.0857797729938592,-0.10857797729938592,20.0,-10.0,18.60000150517781,-11.400002103005194,78784.453125,7436.705078125,22,-77615.109375,2.255530255985648,2.0,-20.512159365755178,-153241296.63035294,36103,34.72841592111459,0.8680984799416321,-35434.21875,-0.981475743013046,36362,34.035531598921956,0.841841927641006,-43246.8203125,-1.1893410789423025
HMA  9_two_confirm_fixed_10_RR3,HMA,9,two_confirm,fixed_10,fixed_RR,3,,69686,69684,18154,51530,2,26.051891395442283,544620.0,515300.0,519204.4375,587442.0,55747.203125,41810.39453125,-68237.640625,0.8838394896857903,-0.9792440248120085,-0.09792440248120085,30.0,-10.0,28.600002065660462,-11.4,68476.71875,5557.27294921875,29,-67178.9765625,2.947807244130647,3.0,-14.723610286929805,-271054980.8633074,34756,26.401196915640462,0.89994110324678,-29178.41796875,-0.8395217507408793,34928,25.704306000916173,0.8679675087888314,-39059.21875,-1.1182781364521301
HMA  9_two_confirm_fixed_10_RR4,HMA,9,two_confirm,fixed_10,fixed_RR,4,,65974,65972,13785,52187,2,20.895228278663673,551400.0,521870.0,532101.0,594931.8125,52777.609375,39583.19921875,-62830.8046875,0.8943898927912852,-0.9523859317210331,-0.09523859317210331,40.0,-10.0,38.6,-11.400000239523253,63218.14453125,4864.4306640625,30,-61786.35546875,3.6571424240586916,3.0,-12.03366355267109,0.0,32883,21.092965970258188,0.905116346094318,-28066.203125,-0.853517109904814,33089,20.69872162954456,0.8837833167856761,-34764.6015625,-1.05063923244885
HMA  9_two_confirm_fixed_10_RR5,HMA,9,two_confirm,fixed_10,fixed_RR,5,,62040,62038,10828,51210,2,17.45381862729295,541400.0,512100.0,526240.8125,583794.0,49630.40625,37222.80078125,-57553.203125,0.9014152466452208,-0.9277088739965828,-0.09277088739965828,50.0,-10.0,48.60000115441448,-11.4,58030.66015625,4721.0087890625,42,-56529.484375,4.527080176665915,3.0,-10.14601749606853,-242292802.78829923,30898,17.632209204479253,0.9126006014545204,-25357.203125,-0.8206745784516797,31140,17.276814386640975,0.89036460461616,-32196.00390625,-1.0339114934569684
HMA  9_two_confirm_fixed_10_RR6,HMA,9,two_confirm,fixed_10,fixed_RR,6,,58660,58658,8859,49799,2,15.102799277165946,531540.0,497990.0,519137.4375,567708.625,46926.40625,35194.796875,-48571.203125,0.914443456799692,-0.8280405592587541,-0.0828040559258754,60.0,-10.0,58.60000423298341,-11.400000502018113,49384.29296875,3085.36083984375,42,-47560.94921875,5.2242831327355175,3.0,-8.00095369739671,0.0,29204,15.312970825914258,0.9294698519235923,-19885.6015625,-0.680920475362964,29454,14.894411624906635,0.8996179208767381,-28685.599609375,-0.9739118493031507
HMA  9_two_confirm_fixed_10_MAexit9,HMA,9,two_confirm,fixed_10,ma_close,,9,74260,74259,19357,54902,1,26.06687404893683,485616.0,436278.0,458516.25,513140.8125,59407.2109375,44555.39453125,-54624.63671875,0.8935485910117508,-0.735596179840154,-0.0735596179840154,25.087358474731445,-7.946486473083496,23.687361161336984,-9.34648669447379,55070.2578125,3801.091796875,30,-53600.25390625,2.507345910933355,2.0,-11.613211623886048,-57.624092693406205,37015,26.36768877482102,0.9133608843690795,-22035.01953125,-0.5952997306835067,37244,25.767908924927507,0.8740790474279255,-32589.619140625,-0.8750300488837128
HMA  9_two_confirm_candle_RR2,HMA,9,two_confirm,candle,fixed_RR,2,,60491,60489,20045,40444,2,33.13825654251186,500604.0,472834.0,374697.59375,496525.40625,67593.0234375,50694.76953125,-121827.796875,0.7546393176129645,-2.0140487836631453,-0.20140487836631454,24.974008560180664,-11.691079139709473,18.69282084060863,-12.276861988181189,121881.4375,11621.888671875,19,-120814.109375,3.116103754401627,2.0,-33.35841090710617,-145.69198518584662,30313,33.342130439085544,0.7592192233094615,-59883.59375,-1.9755086514036881,30176,32.933457051961824,0.7500430788560903,-61944.21484375,-2.052764277695851
HMA  9_two_confirm_candle_RR3,HMA,9,two_confirm,candle,fixed_RR,3,,55295,55293,13883,41410,2,25.108060694843832,518250.0,486165.0,397951.53125,506494.6875,63390.3828125,47542.7890625,-108543.171875,0.7856973450486586,-1.9630544892662725,-0.19630544892662724,37.32982635498047,-11.740280151367188,28.664664067564647,-12.231216795460034,108709.609375,9473.048828125,28,-107533.4375,4.396089920966488,3.0,-25.681229721988693,-138.5027075442034,27650,25.468354430379748,0.7982147462741633,-51001.1171875,-1.8445250339059676,27643,24.747675722606086,0.77322900625726,-57542.05859375,-2.081614100993018
HMA  9_two_confirm_candle_RR4,HMA,9,two_confirm,candle,fixed_RR,4,,50356,50354,10229,40125,2,20.314175636493626,508236.0,472027.0,395222.1875,490309.8125,58855.8125,44141.859375,-95087.6796875,0.8060662410259227,-1.8883838361897765,-0.18883838361897765,49.685794830322266,-11.76391315460205,38.63742179098641,-12.219559190031152,95136.6796875,9359.4697265625,33,-94081.6015625,5.663204512054653,3.0,-20.489409909770487,-127.80540133279521,25190,20.647082175466455,0.8199605492183649,-44099.1015625,-1.7506590536919413,25164,19.980925131139724,0.7921959618400585,-50988.578125,-2.0262509189715465
HMA  9_two_confirm_candle_RR5,HMA,9,two_confirm,candle,fixed_RR,5,,46065,46063,7843,38220,2,17.026680850140025,486105.0,449888.0,381297.5625,467116.46875,54725.08203125,41043.8125,-85818.90625,0.8162794249587245,-1.8630767915680697,-0.18630767915680696,61.97947311401367,-11.771010398864746,48.616290003825064,-12.221780972004186,86023.6953125,7115.46337890625,40,-84814.7265625,6.947636932027875,3.0,-17.3310259768443,-120.46714189011317,23041,17.303936461091098,0.8293391213993513,-39864.8828125,-1.7301715555965453,23022,16.749196420814872,0.8032159802869256,-45954.0234375,-1.9960917139040917
HMA  9_two_confirm_candle_RR6,HMA,9,two_confirm,candle,fixed_RR,6,,42445,42443,6292,36151,2,14.824588271328606,465978.0,425992.0,368699.1875,441864.90625,50957.55859375,38218.16796875,-73165.734375,0.8344160902685401,-1.7238586898899702,-0.17238586898899702,74.05880737304688,-11.783684730529785,58.59809082962492,-12.222757496334818,73269.6953125,6629.90625,40,-72164.5546875,8.172513724289047,3.0,-14.005800611982112,-106.90703611103989,21250,15.157647058823528,0.8535284274624763,-32379.3046875,-1.5237319852941176,21193,14.49063369980654,0.8152811685766005,-40786.4296875,-1.9245236487283537
HMA  9_two_confirm_candle_MAexit9,HMA,9,two_confirm,candle,ma_close,,9,67477,67476,17891,49585,1,26.514612602999588,450800.0,393747.0,387180.875,474699.28125,72712.3359375,54534.25,-87518.4140625,0.815634003027048,-1.297030263538147,-0.1297030263538147,25.1970272064209,-7.9408488273620605,21.641097479179475,-9.573445220328729,87693.2265625,7559.81982421875,29,-86511.5078125,2.5524779180745747,2.0,-16.9102851362206,-62.748746042142194,33796,26.837495561604925,0.8402341057346245,-37989.11328125,-1.1240712889469169,33680,26.190617577197152,0.7909445478001718,-49529.3046875,-1.4705850560421616
HMA 21_one_break_fixed_6_RR2,HMA,21,one_break,fixed_6,fixed_RR,2,,74870,74870,22304,52566,0,29.79030319219981,267648.0,315396.0,394037.25,648314.0,99826.65625,74870.0,-254276.703125,0.6077876615343799,-3.396242862628556,-0.3396242862628556,12.0,-6.0,17.66666293041607,-12.333333333333334,254117.53125,25729.078125,30,-253124.09375,1.4452918391879257,1.0,-67.7322426586946,0.0,37437,30.189384833186423,0.6194508218582704,-122663.015625,-3.276518300745252,37433,29.39117890631261,0.5962551265722431,-131613.6875,-3.5159802179894744
HMA 21_one_break_fixed_6_RR3,HMA,21,one_break,fixed_6,fixed_RR,3,,74644,74644,20784,53860,0,27.844166979261566,374112.0,323160.0,575023.875,664273.3125,99525.328125,74644.0,-89249.3671875,0.8656434997153374,-1.1956669951704089,-0.11956669951704088,18.0,-6.0,27.66666065242494,-12.333332946528035,89331.71875,8927.2216796875,33,-88242.4453125,1.7453244735008842,1.0,-18.219855082063965,0.0,37321,28.16376838777096,0.8794749614238259,-39852.3515625,-1.0678264666675599,37323,27.52458269699649,0.8519346634090605,-49397.015625,-1.3235006731773973
HMA 21_one_break_fixed_6_RR4,HMA,21,one_break,fixed_6,fixed_RR,4,,73881,73881,16546,57335,0,22.395473802466128,397104.0,344010.0,623232.6875,707131.625,98507.9921875,73881.0,-83898.9609375,0.8813531533114504,-1.1355959033784058,-0.11355959033784058,24.0,-6.0,37.66666792578267,-12.333332606610274,84148.7421875,7638.3115234375,38,-82881.4609375,1.867462541113412,1.0,-14.808003427116024,0.0,36921,22.781073102028657,0.9010049461666453,-34808.98046875,-0.942796253317895,36960,22.010281385281385,0.8619161155338667,-49089.984375,-1.3281922179383117
HMA 21_one_break_fixed_6_RR5,HMA,21,one_break,fixed_6,fixed_RR,5,,72486,72486,13603,58883,0,18.76638247385702,408090.0,353298.0,648409.6875,726223.625,96647.9921875,72486.0,-77813.9765625,0.8928512722234835,-1.0735035256808212,-0.10735035256808212,30.0,-6.0,47.66666819819157,-12.333332625715402,78131.7109375,7157.10302734375,54,-76794.4296875,2.230734210744144,1.0,-12.337327686067987,0.0,36237,19.162734221927863,0.916178746247071,-30282.986328125,-0.8356924228861384,36249,18.37016193550167,0.8697578545161038,-47530.9921875,-1.3112359565091452
HMA 21_one_break_fixed_6_RR6,HMA,21,one_break,fixed_6,fixed_RR,6,,70947,70947,11470,59477,0,16.166997899840727,412920.0,356862.0,661436.6875,733549.625,94595.9921875,70947.0,-72112.984375,0.9016931710652841,-1.016434583210002,-0.10164345832100019,36.0,-6.0,57.66666848299913,-12.33333263278242,72382.8203125,6788.01025390625,61,-71093.859375,2.56432266339662,1.0,-10.50572897421391,0.0,35468,16.527574151347693,0.9257858701698832,-27098.65625,-0.7640311336979813,35479,15.80653344231799,0.8778143718847778,-45014.32421875,-1.268759666809944
HMA 21_one_break_fixed_6_MAexit9,HMA,21,one_break,fixed_6,ma_close,,9,74870,74870,15161,59709,0,20.24976626151997,381712.0,316746.0,600811.0,667231.0,99826.65625,74870.0,-66420.0,0.9004542654642845,-0.8871377053559503,-0.08871377053559502,25.177230834960938,-5.304828643798828,39.62871842226766,-11.174714029710763,66872.2578125,5218.95849609375,44,-65398.96875,2.23904100440764,1.0,-9.875066523891691,-75.84283167589544,37437,20.64000854769346,0.9302927369342564,-23126.33203125,-0.6177399906843497,37433,19.859482274997998,0.870945364051024,-43293.6640625,-1.1565641028637832
HMA 21_one_break_fixed_6_MAexit21,HMA,21,one_break,fixed_6,ma_close,,21,74868,74868,13690,61178,0,18.28551584121387,420720.0,337182.0,669256.625,704718.625,99823.9921875,74868.0,-35462.00390625,0.9496792070736033,-0.4736603609853342,-0.04736603609853342,30.73192024230957,-5.511490821838379,48.886532140248356,-11.519151083722907,38336.37890625,1723.4625244140625,47,-34475.1171875,2.7422129614788693,1.0,-4.110274063477371,-47.39096805591777,37436,18.621113366812693,0.9851735333552041,-5197.33544921875,-0.1388325528693971,37432,17.94988245351571,0.9145484586570255,-30264.66796875,-0.8085239359037721
HMA 21_one_break_fixed_8_RR2,HMA,21,one_break,fixed_8,fixed_RR,2,,74870,74870,26559,48311,0,35.47348737812207,424944.0,386488.0,484701.75,567654.25,74870.0,56152.5,-82952.5,0.8538679134349827,-1.1079537865633766,-0.11079537865633766,16.0,-8.0,18.25,-11.75,82999.0,8301.9755859375,21,-81952.5,1.5177908374515827,2.0,-21.12191363452159,0.0,37437,35.85490290354462,0.8681806180437298,-37194.75,-0.9935291289366135,37433,35.092031095557395,0.8397219164610988,-45757.75,-1.2223906713327812
HMA 21_one_break_fixed_8_RR3,HMA,21,one_break,fixed_8,fixed_RR,3,,73661,73661,20125,53536,0,27.32110614843676,483000.0,428288.0,568531.25,629048.0,73661.0,55245.75,-60516.75,0.903796292174842,-0.821557540625297,-0.0821557540625297,24.0,-8.0,28.25,-11.75,60814.75,5237.00732421875,31,-59516.75,2.024205481869646,2.0,-12.509601912881923,0.0,36820,27.789244975556766,0.9252422305375325,-23355.0,-0.6343020097772949,36841,26.85323416845363,0.8826368514301776,-37161.75,-1.00870633261855
HMA 21_one_break_fixed_8_RR4,HMA,21,one_break,fixed_8,fixed_RR,4,,71352,71352,15706,55646,0,22.0119968606346,502592.0,445168.0,600754.5,653840.5,71352.0,53514.0,-53086.0,0.918808944994995,-0.7440015696826998,-0.07440015696826999,32.0,-8.0,38.25,-11.75,53416.0,4679.45654296875,33,-52086.0,2.534995515192286,2.0,-9.593195049522997,0.0,35673,22.507218344406134,0.9454839186372634,-17707.75,-0.4963908277969333,35679,21.516858656352476,0.8924750055847075,-35378.25,-0.9915706718237619
HMA 21_one_break_fixed_8_RR5,HMA,21,one_break,fixed_8,fixed_RR,5,,68678,68678,12632,56046,0,18.393080753662016,505280.0,448368.0,609494.0,658540.5,68678.0,51508.5,-49046.5,0.9255224242092931,-0.7141515478027898,-0.07141515478027897,40.0,-8.0,48.25,-11.75,49331.75,4204.70947265625,39,-48046.5,3.0443810244911034,2.0,-8.051137476181182,0.0,34292,18.797387145689957,0.9505761933796978,-16171.0,-0.4715677125860259,34386,17.989879602163672,0.9007831598008148,-32875.5,-0.9560722387017973
HMA 21_one_break_fixed_8_RR6,HMA,21,one_break,fixed_8,fixed_RR,6,,65673,65673,10369,55304,0,15.788832549145008,497712.0,442432.0,603994.25,649822.0,65673.0,49254.75,-45827.75,0.9294764566296616,-0.6978172155984955,-0.06978172155984955,48.0,-8.0,58.25,-11.75,46330.25,3642.315185546875,48,-44827.75,3.5673107669818647,2.0,-7.006114182808293,0.0,32870,16.020687557042894,0.9457294194180923,-17602.5,-0.5355187100699726,32803,15.556503978294668,0.9132798217989093,-28225.25,-0.8604472151937322
HMA 21_one_break_fixed_8_MAexit9,HMA,21,one_break,fixed_8,ma_close,,9,74870,74870,18116,56754,0,24.196607452918393,454040.0,387352.0,535847.0,583509.5,74870.0,56152.5,-47662.5,0.9183175252502316,-0.6366034459730199,-0.063660344597302,25.06292724609375,-6.825104713439941,29.578659748288807,-10.281381048031857,47976.75,3876.9091796875,44,-46662.5,2.4569654067049553,2.0,-8.489721313825644,-49.210602780895044,37437,24.577289846942865,0.9476265239226122,-15194.75,-0.40587520367550817,37433,23.81588438009243,0.8893345467497652,-32467.75,-0.8673563433334224
HMA 21_one_break_fixed_8_MAexit21,HMA,21,one_break,fixed_8,ma_close,,21,74868,74868,16551,58317,0,22.106908158358713,504672.0,417472.0,601875.75,623894.75,74868.0,56151.0,-22019.0,0.9647071881915981,-0.2941042902174494,-0.029410429021744938,30.491933822631836,-7.158667087554932,36.364917527641836,-10.698334104977965,26873.5,1293.611083984375,44,-21019.0,3.0722070844686646,2.0,-3.100089767128663,-26.232486210184884,37436,22.56918474195961,1.0074434421806349,2307.0,0.06162517362966129,37432,21.644582175678565,0.9225181752307239,-24326.0,-0.649871767471682
HMA 21_one_break_fixed_10_RR2,HMA,21,one_break,fixed_10,fixed_RR,2,,71335,71335,25501,45834,0,35.748230181537814,510020.0,458340.0,474318.625,522507.625,57068.0078125,42800.99609375,-48189.03515625,0.9077735946915607,-0.675531438371767,-0.0675531438371767,20.0,-10.0,18.600000980353713,-11.400000545446611,48344.3046875,4527.46826171875,27,-47183.97265625,2.288371767014789,3.0,-12.54890382783708,0.0,35644,36.081809000112216,0.9210261550654482,-20511.6171875,-0.5754577821653013,35691,35.41509063909669,0.8946752915475731,-27677.41796875,-0.7754733117242442
HMA 21_one_break_fixed_10_RR3,HMA,21,one_break,fixed_10,fixed_RR,3,,67678,67678,18251,49427,0,26.967404474127488,547530.0,494270.0,521978.65625,563467.875,54142.40625,40606.796875,-41489.234375,0.9263680848708544,-0.6130387182688614,-0.06130387182688614,30.0,-10.0,28.6000030820229,-11.400001517389281,41843.62890625,3512.729248046875,28,-40497.6015625,3.018602795590886,3.0,-8.9840815710377,-167228993.60493323,33833,27.375639168858807,0.9456776989258996,-15216.216796875,-0.44974482892072826,33845,26.55931452208598,0.9072799248301897,-26273.015625,-0.7762746528290737
HMA 21_one_break_fixed_10_RR4,HMA,21,one_break,fixed_10,fixed_RR,4,,63921,63920,13831,50089,1,21.63798498122653,553240.0,500890.0,533876.625,571014.625,51136.0078125,38352.0,-37138.0078125,0.9349613856212527,-0.5810076316098248,-0.058100763160982484,40.0,-10.0,38.6000018075338,-11.40000049911158,37388.71875,3221.499267578125,31,-36149.09375,3.759996871088861,3.0,-7.134589589086566,0.0,31970,21.970597435095403,0.9533801083480764,-13258.001953125,-0.41470134354472943,31950,21.305164319248824,0.9166872906574085,-23880.0,-0.7474178403755869
HMA 21_one_break_fixed_10_RR5,HMA,21,one_break,fixed_10,fixed_RR,5,,59864,59863,10808,49055,1,18.05455790722149,540400.0,490550.0,525268.8125,559227.0,47890.4140625,35917.80078125,-33958.203125,0.9392765594293552,-0.5672653078696357,-0.05672653078696357,50.0,-10.0,48.600001156550704,-11.4,34211.21484375,3071.024658203125,38,-32972.78515625,4.700248901658788,3.0,-6.013929818825596,-145534311.15214348,29985,18.305819576454894,0.9552774514189066,-12489.0029296875,-0.41650835183216606,29878,17.802396412075776,0.9233167773992189,-21469.203125,-0.7185622573465426
HMA 21_one_break_fixed_10_RR6,HMA,21,one_break,fixed_10,fixed_RR,6,,56297,56295,8763,47532,2,15.566213695710099,525780.0,475320.0,513511.8125,541864.875,45036.0078125,33777.0,-28352.99609375,0.9476750315288475,-0.5036503436139977,-0.050365034361399774,60.0,-10.0,58.60000142645213,-11.400001577884373,28605.16796875,2498.704345703125,43,-27365.021484375,5.430624389377387,3.0,-4.70886634309716,-125303724.47936107,28152,15.892298948564934,0.9712784626153109,-7752.798828125,-0.2753906943778417,28143,15.240024162313897,0.9242460789486113,-20600.19921875,-0.7319830586202608
HMA 21_one_break_fixed_10_MAexit9,HMA,21,one_break,fixed_10,ma_close,,9,74870,74870,20068,54802,0,26.803793241618806,502976.0,430564.0,474880.875,507286.8125,59896.0078125,44922.0,-32406.03515625,0.9361191012628581,-0.43283070864498463,-0.043283070864498466,25.063583374023438,-7.856720447540283,23.663587552322106,-9.256720785737746,32737.658203125,2674.645263671875,42,-31426.7265625,2.6098837985842125,2.0,-6.755832334951186,-32.54665106268279,37437,27.138926730240136,0.9614874467516948,-9723.8173828125,-0.25973815697872427,37433,26.468623941442043,0.9109814235186812,-22682.21875,-0.605941782651671
HMA 21_one_break_fixed_10_MAexit21,HMA,21,one_break,fixed_10,ma_close,,21,74866,74865,18601,56264,1,24.846056234555533,567248.0,472562.0,541206.625,551331.5625,59892.0078125,44919.0,-10125.037109375,0.9816354836387586,-0.13524393387263742,-0.013524393387263741,30.49556541442871,-8.399011611938477,29.09556609859685,-9.799011135006399,20763.234375,885.6917114257812,42,-9131.513671875,3.4032859146463634,2.0,-1.6700615438923476,-11.417103301088883,37433,25.22640450939011,1.018678513923008,5119.78125,0.13677186573344374,37432,24.46569779867493,0.9450108269147746,-15244.8212890625,-0.4072670786776688
HMA 21_one_break_candle_RR2,HMA,21,one_break,candle,fixed_RR,2,,55372,55371,19504,35867,1,35.224214841704146,673056.0,622201.0,372603.875,390519.3125,28185.955078125,21139.46875,-17915.42578125,0.954124067807786,-0.32355250548572356,-0.032355250548572356,34.50861358642578,-17.347450256347656,19.103972262100083,-10.887983731563834,18038.13671875,1684.7513427734375,15,-16916.46875,5.307326940094995,4.0,-5.312985427643805,-232.46556946235864,27631,35.55788787955557,0.9678700386902045,-6229.998046875,-0.22547132014313634,27740,34.891852919971164,0.9405682857139451,-11685.42578125,-0.4212482257119683
HMA 21_one_break_candle_RR3,HMA,21,one_break,candle,fixed_RR,3,,46566,46565,12354,34211,1,26.5306560721572,643140.0,598719.0,359642.0,372106.5625,23414.02734375,17560.51953125,-12464.5517578125,0.9665027071378243,-0.26768069919064746,-0.026768069919064746,52.05925369262695,-17.500774383544922,29.111380929253684,-10.876810455701383,12712.216796875,1091.129638671875,20,-11465.8486328125,7.823021582733813,5.0,-3.271263751797744,-180.75805908617525,23294,26.88675195329269,0.984038946243038,-2956.927734375,-0.12693945798810852,23271,26.17420824201796,0.9491157250813496,-9507.623046875,-0.40856100068217954
HMA 21_one_break_candle_RR4,HMA,21,one_break,candle,fixed_RR,4,,39612,39611,8466,31145,1,21.372850975739063,593696.0,550515.0,331220.5,338361.53125,19617.724609375,14713.294921875,-7141.02490234375,0.9788952626392868,-0.18027883422139684,-0.018027883422139686,70.1270980834961,-17.675870895385742,39.123612095440585,-10.864072282870445,8314.4453125,489.4395446777344,24,-6141.65478515625,10.365226830930801,6.0,-1.7507396456831268,-115.85408366782795,19846,21.707145016628036,0.9982993598651705,-287.115478515625,-0.014467171143586869,19765,21.037186946622818,0.9595728556309948,-6853.9091796875,-0.3467700065614723
HMA 21_one_break_candle_RR5,HMA,21,one_break,candle,fixed_RR,5,,34160,34158,6169,27989,2,18.060190877686047,546355.0,499427.0,303123.8125,303713.25,16656.81640625,12492.61328125,-589.4339599609375,0.9980592302113919,-0.017256102815180557,-0.0017256102815180556,88.5645980834961,-17.84368896484375,49.136620603015075,-10.851164743292008,6358.587890625,150.0047149658203,26,410.47589111328125,13.054774869723051,6.0,-0.1381912467915214,-10.704118466999928,17024,18.544407894736842,1.0306516711345004,4613.33984375,0.27099035736313437,17134,17.57908252597175,0.9660403898424583,-5202.7734375,-0.3036520040562624
HMA 21_one_break_candle_RR6,HMA,21,one_break,candle,fixed_RR,6,,29859,29857,4678,25179,2,15.668017550323206,499998.0,452869.0,276681.3125,272956.125,14379.892578125,10784.919921875,3725.1806640625,1.0136475688171496,0.12476741347297116,0.012476741347297116,106.88285827636719,-17.985980987548828,59.145214300983326,-10.840626117002264,4126.2265625,103.26478576660156,25,4724.783203125,15.807381853501692,6.0,0.8473884312020646,74.84297488934082,14886,16.22329705763805,1.05624553286391,7606.20458984375,0.5109636295743484,14971,15.115890722062655,0.9718201680493034,-3881.02392578125,-0.25923611821396364
HMA 21_one_break_candle_MAexit9,HMA,21,one_break,candle,ma_close,,9,73967,73967,23085,50882,0,31.209863858207036,579088.0,493296.0,332710.125,343709.9375,36917.89453125,27688.423828125,-10999.791015625,0.9679968156288761,-0.14871214211236092,-0.014871214211236092,25.085033416748047,-9.694901466369629,14.412394411955816,-6.755039847097206,12268.9873046875,745.974853515625,33,-10000.62109375,2.9437722227479823,2.0,-3.2591599434117624,-10.431974714781255,37006,31.45706101713236,0.9871639417984577,-2202.74658203125,-0.059524038859407935,36961,30.962365736857766,0.9488856756075358,-8797.0419921875,-0.23800876578521957
HMA 21_one_break_candle_MAexit21,HMA,21,one_break,candle,ma_close,,21,74864,74863,22430,52433,1,29.961396150301216,687360.0,570152.0,396405.625,387426.9375,37292.4375,27969.33203125,8978.685546875,1.023175176093686,0.11993488835439403,0.011993488835439403,30.644672393798828,-10.873915672302246,17.67301047703968,-7.3889904735567296,7103.10546875,254.11727905273438,31,9976.0986328125,3.993361206470486,3.0,2.0567890920305683,9.030491022349928,37431,30.194224038898238,1.0501374343103798,9684.0048828125,0.2587161679573749,37432,29.728574481726866,0.9963695680043289,-705.31884765625,-0.018842670646939785
HMA 21_two_confirm_fixed_6_RR2,HMA,21,two_confirm,fixed_6,fixed_RR,2,,53919,53919,15882,38037,0,29.455294052189394,190584.0,228222.0,280581.9375,469123.03125,71892.0,53919.0,-188541.03125,0.5980988329487394,-3.4967456972495783,-0.3496745697249578,12.0,-6.0,17.66666273139403,-12.333334154901806,188520.84375,18653.1171875,28,-187504.828125,1.422281570503904,1.0,-59.37448082336344,-851402386.4989681,26973,29.892855818781744,0.6107719705909584,-90777.015625,-3.3654771669817967,26946,29.01729384695317,0.5855693429013127,-97764.015625,-3.628145759110814
HMA 21_two_confirm_fixed_6_RR3,HMA,21,two_confirm,fixed_6,fixed_RR,3,,53849,53849,14804,39045,0,27.49168972497168,266472.0,234270.0,409577.21875,481555.03125,71798.6640625,53849.0,-71977.703125,0.8505304527435565,-1.3366581203922079,-0.1336658120392208,18.0,-6.0,27.66665892664145,-12.333334133691894,72222.0078125,5790.11279296875,34,-70956.3515625,1.7175435012720757,1.0,-17.36819317106199,-325243836.80773425,26934,27.957228781465805,0.8705223950759665,-30986.01953125,-1.1504425458992351,26915,27.025822032323983,0.8307798012255071,-40991.68359375,-1.5230051493126509
HMA 21_two_confirm_fixed_6_RR4,HMA,21,two_confirm,fixed_6,fixed_RR,4,,53625,53625,11919,41706,0,22.226573426573427,286056.0,250236.0,448949.0,514374.03125,71500.0,53625.0,-65424.9765625,0.8728065040705727,-1.220046182983683,-0.12200461829836831,24.0,-6.0,37.666666666666664,-12.333334082626001,65723.6015625,5142.6904296875,47,-64407.26171875,1.8376503496503496,1.0,-13.590580296166005,-296251002.8467035,26824,22.68863704145541,0.8962759075033374,-26529.3203125,-0.9890143271883388,26801,21.76411327935525,0.849594416975384,-38895.65234375,-1.4512761592384613
HMA 21_two_confirm_fixed_6_RR5,HMA,21,two_confirm,fixed_6,fixed_RR,5,,53008,53008,9860,43148,0,18.60096589194084,295800.0,258888.0,469993.3125,532158.6875,70677.328125,53008.0,-62165.3125,0.8831826361943964,-1.172753405146393,-0.11727534051463931,30.0,-6.0,47.66666455375253,-12.33333381616761,62397.98828125,5156.85791015625,48,-61152.65234375,2.2013281014186536,1.0,-11.565084019706443,-283124428.6735768,26518,18.832491138094877,0.8967260700244362,-27415.32421875,-1.0338383067633306,26490,18.36919592298981,0.8697017742110867,-34749.98828125,-1.3118153371555303
HMA 21_two_confirm_fixed_6_RR6,HMA,21,two_confirm,fixed_6,fixed_RR,6,,52250,52250,8317,43933,0,15.917703349282297,299412.0,263598.0,479613.71875,541840.375,69666.65625,52250.0,-62226.64453125,0.8851568485460317,-1.1909405651913876,-0.11909405651913876,36.0,-6.0,57.66667292894073,-12.333334281747206,62641.7734375,4809.9638671875,58,-61212.921875,2.5315215311004784,1.0,-10.6302321762093,-285452051.3533863,26114,16.060350769702076,0.8946069710952164,-28492.658203125,-1.0910874704421,26136,15.77517600244873,0.8757467081992468,-33733.9921875,-1.29070983270202
HMA 21_two_confirm_fixed_6_MAexit9,HMA,21,two_confirm,fixed_6,ma_close,,9,53919,53919,10854,43065,0,20.13019529293941,271704.0,229272.0,427514.0,482605.03125,71892.0,53919.0,-55091.0078125,0.885846545968847,-1.0217364530592186,-0.10217364530592185,25.03261375427246,-5.323859214782715,39.38769117376083,-11.206432863113898,55491.96875,4026.019287109375,52,-54088.30078125,2.1440494074445002,1.0,-9.9173996143578,-75.02901342582972,26973,20.535350164979796,0.907305074448385,-22247.00390625,-0.8247878955344233,26946,19.724634454093373,0.8646178964419011,-32844.0,-1.2188822088621687
HMA 21_two_confirm_fixed_6_MAexit21,HMA,21,two_confirm,fixed_6,ma_close,,21,53918,53918,9868,44050,0,18.301865796209057,309840.0,245088.0,493374.6875,511263.375,71890.6640625,53918.0,-17888.671875,0.9650108175654084,-0.3317755086427538,-0.03317755086427538,31.398460388183594,-5.563859462738037,49.99743489055533,-11.606433030646992,25082.85546875,1502.5675048828125,47,-16891.85546875,2.701157312956712,1.0,-2.3455359286803064,-29.67297648041513,26972,18.671214592911166,0.9991691653025692,-211.3359375,-0.007835382526323594,26946,17.93216061753136,0.9311815746794424,-17677.3359375,-0.656028202237809
HMA 21_two_confirm_fixed_8_RR2,HMA,21,two_confirm,fixed_8,fixed_RR,2,,53919,53919,18935,34984,0,35.1174910513919,302960.0,279872.0,345563.75,411062.0,53919.0,40439.25,-65498.25,0.8406608978694211,-1.2147526845824292,-0.12147526845824293,16.0,-8.0,18.25,-11.75,65634.5,6017.373046875,23,-64498.25,1.493351137817838,1.0,-19.69753821710465,0.0,26973,35.47992436881326,0.8541080591387399,-29832.75,-1.1060226893560228,26946,34.754694574333854,0.8273498832758285,-35665.5,-1.323591627699844
HMA 21_two_confirm_fixed_8_RR3,HMA,21,two_confirm,fixed_8,fixed_RR,3,,53476,53476,14522,38954,0,27.156107412671105,348528.0,311632.0,410246.5,457709.5,53476.0,40107.0,-47463.0,0.896303222895745,-0.8875570349315581,-0.08875570349315581,24.0,-8.0,28.25,-11.75,47732.25,4064.9140625,30,-46463.0,1.9942030069563916,2.0,-11.536800092472856,0.0,26752,27.55308014354067,0.9143886258421551,-19496.0,-0.728767942583732,26724,26.758718754677442,0.878395227468147,-27967.0,-1.0465124981290226
HMA 21_two_confirm_fixed_8_RR4,HMA,21,two_confirm,fixed_8,fixed_RR,4,,52377,52376,11407,40969,1,21.779059111043225,365024.0,327752.0,436317.75,481385.75,52376.0,39282.0,-45068.0,0.906378616317579,-0.860470444478387,-0.0860470444478387,32.0,-8.0,38.25,-11.75,45353.75,3803.249267578125,48,-44068.0,2.5037803574156103,2.0,-9.542255807960357,0.0,26189,21.921417388980107,0.9139665118369793,-20670.75,-0.789291305509947,26187,21.636689960667507,0.8988177134580352,-24397.25,-0.9316550196662466
HMA 21_two_confirm_fixed_8_RR5,HMA,21,two_confirm,fixed_8,fixed_RR,5,,50963,50962,9266,41696,1,18.18217495388721,370640.0,333568.0,447084.5,489928.0,50962.0,38221.5,-42843.5,0.9125514361293905,-0.8406950276676739,-0.08406950276676739,40.0,-8.0,48.25,-11.75,43569.5,3553.79296875,50,-41843.5,3.0085946391428906,2.0,-8.20093948779342,0.0,25490,18.23852491173009,0.9160104826104845,-20567.5,-0.8068850529619459,25472,18.125785175879397,0.9090947117125848,-22276.0,-0.8745288944723618
HMA 21_two_confirm_fixed_8_RR6,HMA,21,two_confirm,fixed_8,fixed_RR,6,,49456,49455,7798,41657,1,15.767869780608635,374304.0,333256.0,454233.5,489469.75,49455.0,37091.25,-35236.25,0.9280113837474124,-0.7124911535739561,-0.07124911535739561,48.0,-8.0,58.25,-11.75,36460.25,2648.764892578125,49,-34236.25,3.4938631078758466,2.0,-6.210994279372741,0.0,24750,15.870707070707072,0.9352056029118138,-15852.5,-0.6405050505050505,24705,15.664845173041893,0.9208216534166629,-19383.75,-0.7846083788706739
HMA 21_two_confirm_fixed_8_MAexit9,HMA,21,two_confirm,fixed_8,ma_close,,9,53919,53919,12985,40934,0,24.082419926185576,324896.0,280504.0,383396.25,422264.5,53919.0,40439.25,-38868.25,0.9079528352489967,-0.7208637029618502,-0.07208637029618502,25.020870208740234,-6.8525919914245605,29.52608779360801,-10.3157399716617,39205.5,2991.07373046875,31,-37868.25,2.348782432908622,2.0,-8.344862998432365,-47.755970403053944,26973,24.46149853557261,0.92691472333133,-15352.75,-0.5691895599303006,26946,23.70296147851258,0.889181461204322,-23515.5,-0.8726898240926297
HMA 21_two_confirm_fixed_8_MAexit21,HMA,21,two_confirm,fixed_8,ma_close,,21,53918,53917,11985,41932,1,22.22861064228351,370864.0,303592.0,442606.25,452871.0,53917.0,40437.75,-10264.75,0.9773340531851233,-0.19038058497319954,-0.019038058497319953,30.944013595581055,-7.240103244781494,36.93001668752608,-10.800128779929409,18275.75,1278.471435546875,47,-9264.75,3.026262588793887,2.0,-1.652761910966337,-15.077377459807876,26971,22.564977197730897,1.0070543628290622,1590.75,0.05898001557228134,26946,21.891932012172493,0.9478586327047386,-11855.5,-0.43997253766792843
HMA 21_two_confirm_fixed_10_RR2,HMA,21,two_confirm,fixed_10,fixed_RR,2,,53241,53241,18798,34443,0,35.307375894517385,375960.0,344430.0,349642.84375,392650.21875,42592.8046875,31944.59765625,-43007.4296875,0.8904689900927248,-0.8077877892507654,-0.08077877892507654,20.0,-10.0,18.600002327375254,-11.400000544377667,43246.32421875,3719.794189453125,22,-42003.30078125,2.2860577374579742,3.0,-12.99987018396239,0.0,26609,35.9051448757939,0.9139904533578155,-16722.61328125,-0.6284570363880642,26632,34.71012316010814,0.8673979129904529,-26284.81640625,-0.9869636680027786
HMA 21_two_confirm_fixed_10_RR3,HMA,21,two_confirm,fixed_10,fixed_RR,3,,51754,51753,13873,37880,1,26.80617548741136,416190.0,378800.0,396767.84375,431832.0,41402.41015625,31051.794921875,-35064.2265625,0.9188013944080106,-0.6775303182907271,-0.0677530318290727,30.0,-10.0,28.600003153607727,-11.4,35358.39453125,2885.457275390625,28,-34072.94921875,2.9989952273298166,3.0,-8.699250147245184,-161620480.3346194,25863,27.2048872907242,0.9375747842558848,-13398.2138671875,-0.518045619888934,25890,26.407879490150638,0.9002505562521447,-21666.015625,-0.8368488074546157
HMA 21_two_confirm_fixed_10_RR4,HMA,21,two_confirm,fixed_10,fixed_RR,4,,49679,49678,10634,39044,1,21.405853697813924,425360.0,390440.0,410472.4375,445101.59375,39742.40234375,29806.798828125,-34629.20703125,0.9221994332614092,-0.6970732926295342,-0.06970732926295342,40.0,-10.0,38.60000352642468,-11.399999839924188,35376.40625,2786.42138671875,32,-33638.109375,3.731571319296268,3.0,-7.57580927206986,-162914748.07215354,24820,21.655922643029815,0.9359508431338052,-14198.001953125,-0.5720387571766721,24858,21.156167028723146,0.9085560117741748,-20431.205078125,-0.821916689923767
HMA 21_two_confirm_fixed_10_RR5,HMA,21,two_confirm,fixed_10,fixed_RR,5,,47382,47380,8534,38846,2,18.01181933305192,426700.0,388460.0,414752.40625,442844.40625,37904.00390625,28427.998046875,-28092.009765625,0.9365646272064659,-0.592908606281659,-0.059290860628165895,50.0,-10.0,48.600000732364656,-11.400000160891727,29253.041015625,1992.7138671875,37,-27106.65625,4.6262558041367665,3.0,-5.597313068946641,0.0,23695,18.26545684743617,0.9527003366698362,-10443.00390625,-0.44072605639375395,23685,17.758074730842306,0.9205216284208443,-17649.00390625,-0.7451553264196749
HMA 21_two_confirm_fixed_10_RR6,HMA,21,two_confirm,fixed_10,fixed_RR,6,,45188,45186,7097,38089,2,15.706192183419642,425820.0,380890.0,415884.15625,434214.625,36148.8046875,27111.59765625,-18330.412109375,0.9577847734861533,-0.4056657395957819,-0.04056657395957819,60.0,-10.0,58.59999383542342,-11.400000656357479,19696.69921875,1136.56640625,43,-17339.712890625,5.383747178329571,3.0,-3.3856255615310116,0.0,22569,16.057423900039876,0.9833005746088631,-3606.60693359375,-0.1598035771896739,22617,15.355705884953796,0.9325342762676372,-14723.80859375,-0.6510062605009506
HMA 21_two_confirm_fixed_10_MAexit9,HMA,21,two_confirm,fixed_10,ma_close,,9,53919,53919,14308,39611,0,26.53610044696675,357456.0,310740.0,337424.8125,366195.4375,43135.20703125,32351.396484375,-28770.625,0.9214336879879886,-0.5335897364565366,-0.05335897364565366,24.982946395874023,-7.844790458679199,23.58294747693598,-9.244791535179623,29178.998046875,2144.568359375,28,-27786.9140625,2.484059422467034,2.0,-7.2556440214980125,-34.58908812573694,26973,26.94917139361584,0.9425793711334816,-10450.212890625,-0.3874323542292292,26946,26.122615601573518,0.9005415849479642,-18320.4140625,-0.6798936414495658
HMA 21_two_confirm_fixed_10_MAexit21,HMA,21,two_confirm,fixed_10,ma_close,,21,53918,53917,13505,40412,1,25.047758591909787,414888.0,344774.0,395981.03125,401350.875,43133.609375,32350.1953125,-5369.82666015625,0.9866205754503463,-0.09959431459755272,-0.009959431459755272,30.721065521240234,-8.531476020812988,29.321068585708996,-9.931477655151935,12663.697265625,838.0994873046875,43,-4371.31201171875,3.381345401264907,2.0,-1.019322513489372,-7.417460535047811,26971,25.471803047717916,1.016570986220292,3304.586669921875,0.12252369841392144,26946,24.623320715505084,0.9570424629335605,-8674.416015625,-0.32191850425387813
HMA 21_two_confirm_candle_RR2,HMA,21,two_confirm,candle,fixed_RR,2,,48625,48624,16970,31654,1,34.900460677854554,416506.0,386735.0,317531.625,365740.875,40610.9765625,30458.234375,-48209.22265625,0.8681874154755057,-0.9914696992483136,-0.09914696992483137,24.543664932250977,-12.217571258544922,18.711350913376545,-11.554333575535477,48328.12890625,4390.478515625,20,-47208.77734375,3.143509378084896,2.0,-15.063427376655643,-113.43673487633058,24388,35.37395440380515,0.8851354917423206,-20947.63671875,-0.8589321272244547,24236,34.42399735930021,0.8513322633928249,-27261.5859375,-1.124838502124938
HMA 21_two_confirm_candle_RR3,HMA,21,two_confirm,candle,fixed_RR,3,,45457,45456,12059,33397,1,26.528951073565647,442071.0,408091.0,346079.625,385363.59375,38333.6875,28750.265625,-39283.9609375,0.8980599896120831,-0.8642194856014608,-0.08642194856014608,36.65900802612305,-12.219390869140625,28.698865992204993,-11.538868573524567,39353.93359375,3776.464111328125,28,-38283.24609375,4.446255719816966,3.0,-10.32813557912757,-98.1692320946144,22747,26.92662768716754,0.9153918187714252,-16247.630859375,-0.7142757664472238,22709,26.130609009643752,0.8808445087775022,-23036.328125,-1.0144140263772072
HMA 21_two_confirm_candle_RR4,HMA,21,two_confirm,candle,fixed_RR,4,,42158,42157,9030,33127,1,21.419930260692173,440084.0,404197.0,349365.90625,382332.6875,35941.04296875,26955.783203125,-32966.8359375,0.9137746200421328,-0.7820014692103328,-0.07820014692103328,48.73577117919922,-12.201436996459961,38.689469130675526,-11.541422027349292,33209.66796875,3119.542236328125,41,-31966.93359375,5.738430153948336,3.0,-7.764978928246396,-85.46042374267996,21089,21.74119209066338,0.9301423235946845,-13323.9208984375,-0.6317948171291906,21068,21.098348205809756,0.8974812280883594,-19642.91015625,-0.9323576113655782
HMA 21_two_confirm_candle_RR5,HMA,21,two_confirm,candle,fixed_RR,5,,39276,39274,7059,32215,2,17.973723073789273,428930.0,392245.0,343641.875,371976.8125,33791.3984375,25343.546875,-28334.95703125,0.9238260650991519,-0.7214685805176453,-0.07214685805176453,60.76356506347656,-12.175849914550781,48.68138192378524,-11.546696026695638,28816.203125,2575.1025390625,41,-27335.49609375,7.009191831746193,3.0,-6.165250421664161,-75.70416515372139,19652,18.303480561774883,0.9431931343880517,-10546.193359375,-0.5366473315375025,19622,17.64346142085414,0.9045293027394887,-17788.765625,-0.9065725015288961
HMA 21_two_confirm_candle_RR6,HMA,21,two_confirm,candle,fixed_RR,6,,36637,36635,5752,30883,2,15.70083253719121,417318.0,375919.0,337468.09375,356766.625,31764.8671875,23823.65234375,-19298.52734375,0.9459071283643754,-0.5267784180087348,-0.05267784180087348,72.55181121826172,-12.17236042022705,58.669696409944365,-11.552201049120876,20290.166015625,1455.9647216796875,41,-18299.498046875,8.266166234475229,3.0,-3.937164077703166,-52.97049897792004,18328,16.19925796595373,0.9805481973216224,-3455.41015625,-0.18853176321748144,18307,15.20183536352215,0.9115533964661134,-15843.1181640625,-0.8654131296259627
HMA 21_two_confirm_candle_MAexit9,HMA,21,two_confirm,candle,ma_close,,9,52258,52258,14433,37825,0,27.618737800910864,361976.0,311484.0,303826.46875,334798.09375,43206.578125,32404.9296875,-30971.6484375,0.9074916327835275,-0.5926680783325041,-0.05926680783325041,25.079748153686523,-8.234870910644531,21.050818869950806,-8.851238433575677,31289.185546875,2464.2236328125,26,-29972.2734375,2.562995139500172,2.0,-8.081522113901942,-30.54643524908951,26198,27.97923505611115,0.9248312082644708,-12573.044921875,-0.4799238461666921,26060,27.256331542594015,0.8901799831396086,-18398.6015625,-0.7060092694742901
HMA 21_two_confirm_candle_MAexit21,HMA,21,two_confirm,candle,ma_close,,21,52257,52256,13984,38272,1,26.76056338028169,427624.0,352218.0,360895.0,367458.875,43205.6953125,32404.26953125,-6563.8662109375,0.9821371167045564,-0.12560980960918364,-0.012560980960918363,30.579519271850586,-9.203020095825195,25.80770881006865,-9.601245688754181,15014.7333984375,722.2946166992188,41,-5564.58251953125,3.5398997244335577,2.0,-1.2314658438616177,-7.084296253132897,26196,27.107191937700414,1.0104775930847782,1924.65625,0.07347137921820125,26060,26.412125863392173,0.9538080044268187,-8488.5234375,-0.3257299860897928
HMA 34_one_break_fixed_6_RR2,HMA,34,one_break,fixed_6,fixed_RR,2,,60322,60322,17746,42576,0,29.41878584927555,212952.0,255456.0,313512.625,525104.0,80429.328125,60322.0,-211591.375,0.5970486322709406,-3.5076982692881535,-0.35076982692881536,12.0,-6.0,17.66666431871971,-12.333333333333334,211551.140625,20856.17578125,27,-210526.125,1.4432048009018268,1.0,-63.020514789259835,0.0,30160,29.844164456233425,0.6093540438034802,-101943.3515625,-3.3800846008786474,30162,28.99343544857768,0.5848913987877778,-109648.015625,-3.6353032167959682
HMA 34_one_break_fixed_6_RR3,HMA,34,one_break,fixed_6,fixed_RR,3,,60209,60209,16530,43679,0,27.454367287282633,297540.0,262074.0,457329.875,538707.6875,80278.6640625,60209.0,-81377.703125,0.84893883197091,-1.351587023949908,-0.13515870239499078,18.0,-6.0,27.666659104658198,-12.333333810297855,81565.4921875,7111.203125,27,-80368.359375,1.737979371854706,1.0,-18.57819263306828,-347756010.2712444,30098,27.726094757126717,0.8605644911046753,-37408.68359375,-1.2428959928815868,30111,27.182757131945134,0.8374048444426058,-43969.015625,-1.4602309994686327
HMA 34_one_break_fixed_6_RR4,HMA,34,one_break,fixed_6,fixed_RR,4,,59818,59818,13222,46596,0,22.103714600956234,317328.0,279576.0,498028.625,574684.0,79757.328125,59818.0,-76655.3046875,0.8666129994918946,-1.2814755539720486,-0.12814755539720485,24.0,-6.0,37.6666635153532,-12.333333333333334,76829.1015625,6890.501953125,36,-75637.328125,1.8561469791701495,1.0,-15.106548720266458,0.0,29922,22.45170777354455,0.8842066682492804,-33137.984375,-1.1074789243700287,29896,21.755418785121755,0.8491606354086523,-43517.3203125,-1.455623505234814
HMA 34_one_break_fixed_6_RR5,HMA,34,one_break,fixed_6,fixed_RR,5,,59116,59116,10990,48126,0,18.590567697408485,329700.0,288756.0,523856.65625,593554.0625,78821.328125,59116.0,-69697.3125,0.8825761448646474,-1.1789923624737804,-0.11789923624737804,30.0,-6.0,47.666665718835304,-12.333334632007647,70040.328125,6281.6435546875,53,-68678.5546875,2.2126666215576156,1.0,-12.280853839747492,-150291161.196777,29572,18.987555796023265,0.9058401718450391,-27821.3203125,-0.9407994154098471,29544,18.193203357703762,0.8595161667225268,-41875.984375,-1.4174107898388844
HMA 34_one_break_fixed_6_RR6,HMA,34,one_break,fixed_6,fixed_RR,6,,58279,58279,9309,48970,0,15.973163575215773,335124.0,293820.0,536819.0,603963.375,77705.328125,58279.0,-67144.3125,0.8888270749861281,-1.1521184732064722,-0.11521184732064722,36.0,-6.0,57.666666666666664,-12.333334184194404,67632.109375,5252.2978515625,53,-66123.8125,2.5416016060673656,1.0,-10.845526136885063,-291644028.29071015,29160,16.30315500685871,0.9107662967109917,-26859.98828125,-0.9211244266546639,29119,15.642707510560117,0.8670290611507941,-40284.3203125,-1.383437628781895
HMA 34_one_break_fixed_6_MAexit9,HMA,34,one_break,fixed_6,ma_close,,9,60322,60322,12095,48227,0,20.05072776101588,306240.0,256554.0,482178.3125,540119.6875,80429.328125,60322.0,-57941.3359375,0.8927249342304339,-0.9605340661367329,-0.09605340661367329,25.31955337524414,-5.3197174072265625,39.86592083505581,-11.199529050117155,58148.4609375,5065.20068359375,50,-56936.7890625,2.2066907595901992,1.0,-9.666144020780376,-74.4068403061947,30160,20.394562334217508,0.9247178083135631,-20213.3359375,-0.6702034462035809,30162,19.706915987003516,0.8610992800338895,-37728.0,-1.2508454346528746
HMA 34_one_break_fixed_6_MAexit21,HMA,34,one_break,fixed_6,ma_close,,21,60214,60214,11450,48764,0,19.015511342877073,338464.0,270882.0,537390.0,565252.6875,80285.328125,60214.0,-27862.66796875,0.9507075541325931,-0.46272740506775834,-0.046272740506775836,29.5601749420166,-5.554958343505859,46.93362445414847,-11.591598053892216,31260.248046875,1351.095947265625,50,-26869.921875,2.6714219284551763,1.0,-3.582162700436769,-43.32959191665424,30111,19.37497924346584,0.9878328063271407,-3422.3369140625,-0.11365736488534091,30103,18.655947912168223,0.913935282681447,-24440.337890625,-0.8118904391796499
HMA 34_one_break_fixed_6_MAexit34,HMA,34,one_break,fixed_6,ma_close,,34,60322,60322,9575,50747,0,15.873147442060938,350520.0,283062.0,561858.3125,590179.6875,80429.328125,60322.0,-28321.3359375,0.9520122843943185,-0.46950260166274327,-0.04695026016627433,36.60783386230469,-5.577906131744385,58.67971932114882,-11.629843882396989,32976.6796875,1232.29541015625,53,-27328.48046875,3.2472729684029042,1.0,-3.254473724270849,-45.090698690957076,30160,16.23342175066313,0.9929674561516466,-2063.33447265625,-0.06841294670610909,30162,15.512897022743848,0.9115236847622258,-26258.001953125,-0.8705656771144155
HMA 34_one_break_fixed_8_RR2,HMA,34,one_break,fixed_8,fixed_RR,2,,60322,60322,21202,39120,0,35.14803885812805,339232.0,312960.0,386936.5,459660.0,60322.0,45241.5,-72723.5,0.8417884958447548,-1.205588342561586,-0.12055883425615861,16.0,-8.0,18.25,-11.75,72891.5,6659.79931640625,22,-71723.5,1.5144889095189151,2.0,-20.67300220967826,0.0,30160,35.500663129973475,0.8548820889629232,-33170.0,-1.0998010610079576,30162,34.79543796830449,0.8288373763589294,-39553.5,-1.3113686095086532
HMA 34_one_break_fixed_8_RR3,HMA,34,one_break,fixed_8,fixed_RR,3,,59704,59704,16133,43571,0,27.021640091116172,387192.0,348568.0,455757.25,511959.25,59704.0,44778.0,-56202.0,0.8902217315147641,-0.9413439635535308,-0.09413439635535308,24.0,-8.0,28.25,-11.75,56435.25,4989.85400390625,36,-55202.0,2.0119589977220955,2.0,-12.949026887362443,0.0,29872,27.36676486341725,0.9058758000664863,-23996.0,-0.8032940546331012,29832,26.676052561008312,0.8746943325311892,-32206.0,-1.0795789755966747
HMA 34_one_break_fixed_8_RR4,HMA,34,one_break,fixed_8,fixed_RR,4,,58538,58537,12821,45716,1,21.902386524762115,410272.0,365728.0,490403.25,537163.0,58537.0,43902.75,-46759.75,0.9129505382909843,-0.7988067376189418,-0.07988067376189419,32.0,-8.0,38.25,-11.75,47251.0,3581.65625,49,-45759.75,2.512718451577635,2.0,-9.345926166338106,0.0,29309,22.310553072435088,0.9348498864687579,-17430.75,-0.5947234637824559,29228,21.49308881894074,0.891219162103069,-29329.0,-1.0034555905296292
HMA 34_one_break_fixed_8_RR5,HMA,34,one_break,fixed_8,fixed_RR,5,,56992,56991,10350,46641,1,18.160762225614572,414000.0,373128.0,499387.5,548031.75,56991.0,42743.25,-48644.25,0.9112382631115806,-0.8535426646312576,-0.08535426646312576,40.0,-8.0,48.25,-11.75,49277.75,3204.014892578125,53,-47644.25,3.0254601603761997,2.0,-8.809054764023205,0.0,28517,18.50825823193183,0.9326343371789719,-18394.75,-0.645045060840902,28474,17.812741448338834,0.8899912173354887,-30249.5,-1.0623551309966988
HMA 34_one_break_fixed_8_RR6,HMA,34,one_break,fixed_8,fixed_RR,6,,55207,55206,8634,46572,1,15.639604390827083,414432.0,372576.0,502930.5,547221.0,55206.0,41404.5,-44290.5,0.9190628649119825,-0.8022769264210412,-0.08022769264210412,48.0,-8.0,58.25,-11.75,45632.5,2570.48291015625,53,-43290.5,3.5326413795601925,2.0,-7.413737935435182,0.0,27614,15.915839791410155,0.9383685224774648,-16814.5,-0.608912146012892,27592,15.36314873876486,0.8998679836113816,-27476.0,-0.9957958828645984
HMA 34_one_break_fixed_8_MAexit9,HMA,34,one_break,fixed_8,ma_close,,9,60322,60322,14511,45811,0,24.05590000331554,366104.0,313696.0,432235.75,472289.25,60322.0,45241.5,-40053.5,0.9151928611544726,-0.6639948940684991,-0.06639948940684991,25.229412078857422,-6.8476128578186035,29.78676521259734,-10.309516273384121,40331.75,3277.671875,38,-39053.5,2.422018500712841,2.0,-7.986655808460127,-46.443379733824706,30160,24.376657824933687,0.9468248156536844,-12490.0,-0.4141246684350133,30162,23.735163450699556,0.8838968388441284,-27563.5,-0.9138485511570851
HMA 34_one_break_fixed_8_MAexit21,HMA,34,one_break,fixed_8,ma_close,,21,60190,60189,13872,46317,1,23.047400687833324,405312.0,334864.0,482364.0,499634.75,60189.0,45141.75,-17270.75,0.965433248988386,-0.28694196613999234,-0.028694196613999235,29.217992782592773,-7.22982931137085,34.772491349480966,-10.787286525465811,22828.0,998.9598999023438,50,-16270.75,2.987771851999535,2.0,-2.7154272813427682,-23.86629847099337,30097,23.450842276638866,1.002494788697129,620.25,0.020608366282353723,30092,22.643892064336036,0.9287258008935667,-17891.0,-0.5945434002392662
HMA 34_one_break_fixed_8_MAexit34,HMA,34,one_break,fixed_8,ma_close,,34,60322,60321,11710,48611,1,19.412808143101078,421920.0,353552.0,506907.5,527009.25,60321.0,45240.75,-20101.75,0.9618569313536717,-0.3332462989671922,-0.03332462989671922,36.03074264526367,-7.2730865478515625,43.28842869342442,-10.841357923103825,25236.0,972.5765991210938,50,-19101.75,3.702906118930389,2.0,-2.816450582989677,-28.47664267465107,30159,19.791770284160613,0.9997012132840765,-78.25,-0.0025945820484764084,30162,19.033883694715204,0.9244728973178797,-20023.5,-0.6638651283071414
HMA 34_one_break_fixed_10_RR2,HMA,34,one_break,fixed_10,fixed_RR,2,,57574,57574,20353,37221,0,35.351026505019625,407060.0,372210.0,378565.84375,424319.4375,46059.20703125,34544.3984375,-45753.62890625,0.892171817488328,-0.7946925505653594,-0.07946925505653593,20.0,-10.0,18.60000214956026,-11.400001007495769,45949.640625,4153.82763671875,22,-44749.72265625,2.282922847118491,3.0,-13.29563926853853,0.0,28787,35.55076944454093,0.8999934250720472,-21151.814453125,-0.7347696687089659,28787,35.15128356549832,0.8843983197277803,-24601.81640625,-0.8546155002692187
HMA 34_one_break_fixed_10_RR3,HMA,34,one_break,fixed_10,fixed_RR,3,,55509,55508,14918,40590,1,26.87540534697701,447540.0,405900.0,426654.875,462726.03125,44406.40625,33304.796875,-36071.2265625,0.9220464079953358,-0.6498383397438207,-0.06498383397438207,30.0,-10.0,28.600005027483576,-11.400000769894062,36612.7421875,3058.70849609375,36,-35079.8203125,2.9916948908265475,3.0,-8.634035762309425,0.0,27776,27.33294930875576,0.9436483074303788,-12966.4140625,-0.4668207827800979,27732,26.41713543920381,0.9006794500188001,-23104.814453125,-0.8331463454898673
HMA 34_one_break_fixed_10_RR4,HMA,34,one_break,fixed_10,fixed_RR,4,,53198,53197,11441,41756,1,21.506851890144183,457640.0,417560.0,441622.625,476018.4375,42557.609375,31918.1953125,-34395.80859375,0.9277426885381934,-0.6465742164736733,-0.06465742164736733,40.0,-10.0,38.60000218512368,-11.400000898074529,34817.56640625,2560.114501953125,38,-33406.22265625,3.7294960242118917,3.0,-7.259180692104755,0.0,26629,21.96101994066619,0.9528474751510669,-11170.6015625,-0.41949008834353524,26568,21.051641071966277,0.9028701603523566,-23225.203125,-0.8741795816395664
HMA 34_one_break_fixed_10_RR5,HMA,34,one_break,fixed_10,fixed_RR,5,,50757,50756,9128,41628,1,17.98408069981874,456400.0,416280.0,443620.8125,474559.1875,40604.8046875,30453.59765625,-30938.40625,0.9348060772714468,-0.6095517032469068,-0.06095517032469068,50.0,-10.0,48.600001369412794,-11.399999699721342,32275.158203125,2280.60546875,40,-29952.576171875,4.654346284183151,3.0,-5.9594995438662135,-143997242.05860353,25365,18.30080820027597,0.9549573097683581,-10641.001953125,-0.419515156835206,25391,17.66767752353196,0.9148303520101377,-20297.40234375,-0.799393578187153
HMA 34_one_break_fixed_10_RR6,HMA,34,one_break,fixed_10,fixed_RR,6,,48475,48474,7508,40966,1,15.488715600115526,450480.0,409660.0,439968.75,467012.4375,38779.20703125,29084.396484375,-27043.60546875,0.942092147171134,-0.5578991927373438,-0.055789919273734376,60.0,-10.0,58.59999334043687,-11.400000915393253,27880.521484375,2134.47509765625,40,-26056.462890625,5.392148368197384,3.0,-4.850059243943345,0.0,24192,15.827546296296296,0.9665766206367085,-7758.802734375,-0.3207177056206597,24282,15.151140762704884,0.9178928881482442,-19284.8046875,-0.7942016591508113
HMA 34_one_break_fixed_10_MAexit9,HMA,34,one_break,fixed_10,ma_close,,9,60322,60322,16075,44247,0,26.648652233016147,405856.0,348866.0,383351.03125,410811.8125,48257.609375,36193.19921875,-27460.828125,0.933154840210443,-0.4552373615762077,-0.04552373615762077,25.247652053833008,-7.884511947631836,23.847653576982893,-9.284512226817638,27694.45703125,2330.3984375,38,-26473.658203125,2.5719306389045458,2.0,-6.402767601200769,-30.918417169596477,30160,26.929708222811673,0.9634277383983828,-7476.01318359375,-0.24787842120668932,30162,26.367614879649892,0.9031718364758772,-19984.8125,-0.6625824713215304
HMA 34_one_break_fixed_10_MAexit21,HMA,34,one_break,fixed_10,ma_close,,21,59563,59562,15473,44089,1,25.97797253282294,451984.0,376424.0,430321.875,438148.625,47649.609375,35737.19921875,-7826.8271484375,0.9821367692298475,-0.13140638575664854,-0.013140638575664854,29.21114158630371,-8.537820816040039,27.81114683642474,-9.93782179228379,16108.9775390625,785.1803588867188,33,-6827.390625,3.326903058997347,2.0,-1.4484279210298192,-10.194081808570445,29777,26.416361621385633,1.0193743136925764,4218.18603515625,0.1416592012343839,29785,25.539701191875103,0.9453561131501597,-12045.015625,-0.40439871159979857
HMA 34_one_break_fixed_10_MAexit34,HMA,34,one_break,fixed_10,ma_close,,34,60321,60320,13254,47066,1,21.972811671087534,476120.0,402558.0,457564.4375,468450.4375,48256.0078125,36192.0,-10886.02734375,0.9767616824992291,-0.18047127559267243,-0.018047127559267243,35.9227409362793,-8.55305290222168,34.52274313414818,-9.953053956146688,18936.1953125,756.5075073242188,38,-9889.72265625,4.151724137931034,2.0,-1.789290243166823,-14.543208149940877,30158,22.342330393262152,1.012834633400953,2984.786865234375,0.09897164484496236,30162,21.603341953451363,0.9411986290889769,-13870.8154296875,-0.4598771775640707
HMA 34_one_break_candle_RR2,HMA,34,one_break,candle,fixed_RR,2,,47945,47944,16858,31086,1,35.161855498081096,535204.0,501100.0,320292.75,341335.1875,27052.8203125,20289.6171875,-21042.44140625,0.9383525687635119,-0.4388962415787168,-0.04388962415787168,31.74777603149414,-16.119796752929688,18.999451299086488,-10.980350881425721,21261.787109375,1891.1834716796875,19,-20043.1796875,4.704572000667445,3.0,-6.711114225961814,-254.50659819789803,24009,35.57832479486859,0.95522438578325,-7606.4970703125,-0.3168185709655754,23935,34.74409860037602,0.9216358950379695,-13435.9453125,-0.5613513813453103
HMA 34_one_break_candle_RR3,HMA,34,one_break,candle,fixed_RR,3,,42876,42875,11367,31508,1,26.51195335276968,539100.0,505863.0,329573.8125,346121.4375,24272.921875,18204.69140625,-16547.6171875,0.9521912739080196,-0.38595025510204084,-0.038595025510204085,47.426761627197266,-16.055065155029297,28.993913301662708,-10.985192252761204,16690.255859375,1501.0074462890625,20,-15549.0546875,6.788104956268222,4.0,-4.527608435996047,-210.52850402569558,21431,26.848957118193272,0.9683843016871604,-5446.57861328125,-0.254144865535031,21444,26.175153889199777,0.9361448098300534,-11101.0400390625,-0.5176758085740767
HMA 34_one_break_candle_RR4,HMA,34,one_break,candle,fixed_RR,4,,38410,38409,8208,30201,1,21.36999140826369,519392.0,485462.0,320068.78125,331730.25,21697.98828125,16273.4912109375,-11661.4873046875,0.9648465319337022,-0.30361340583424457,-0.030361340583424455,63.278751373291016,-16.07436752319336,38.99473455774854,-10.9840816529254,12223.353515625,1015.5662841796875,23,-10662.546875,8.814001926631779,4.0,-2.9038853459173173,-156.65750069811386,19176,21.605131414267834,0.9781500364166059,-3608.908447265625,-0.1881992306667514,19233,21.135548276399938,0.9516543650846139,-8052.57763671875,-0.418685469594902
HMA 34_one_break_candle_RR5,HMA,34,one_break,candle,fixed_RR,5,,34446,34444,6183,28261,2,17.950876785506907,489430.0,455739.0,302939.6875,310313.9375,19379.55859375,14534.669921875,-7374.2333984375,0.9762361624508084,-0.21409340954701836,-0.021409340954701837,79.15736389160156,-16.126075744628906,48.995582645964745,-10.980288648667775,8242.314453125,599.7385864257812,30,-6374.5849609375,10.987748229009407,5.0,-1.726013390873825,-104.89071402357523,17171,18.30411740725642,0.9993787157780335,-95.7276611328125,-0.005574961337884369,17273,17.5997221096509,0.9534094932518258,-7278.50537109375,-0.4213804996870115
HMA 34_one_break_candle_RR6,HMA,34,one_break,candle,fixed_RR,6,,31051,31049,4829,26220,2,15.552835840123674,458556.0,423814.0,284887.90625,287830.5625,17418.6484375,13063.9853515625,-2942.639892578125,0.989776428797411,-0.0947740633378893,-0.009477406333788931,94.95879364013672,-16.163768768310547,58.995217695174986,-10.97751954614798,6300.3359375,260.62982177734375,31,-1942.51171875,13.142613288672743,5.0,-0.6584735412920149,-44.19917726024518,15508,16.03688418880578,1.0261593039805015,3740.38330078125,0.24119056620977883,15541,15.06981532719902,0.9538612544265744,-6683.0224609375,-0.430025253261534
HMA 34_one_break_candle_MAexit9,HMA,34,one_break,candle,ma_close,,9,60023,60023,18155,41868,0,30.24673875014578,458824.0,394306.0,286849.0,298242.5625,32674.421875,24505.8203125,-11393.525390625,0.9617976642753665,-0.18981932576887192,-0.01898193257688719,25.27259635925293,-9.417837142944336,15.8,-7.12340122527945,11784.71875,879.6403198242188,23,-10393.9404296875,2.813138296986155,2.0,-3.5083332840754573,-11.92261125346765,30019,30.390752523401844,0.9784961657276402,-3207.406005859375,-0.10684586448114111,30004,30.102652979602716,0.945092061703413,-8186.119140625,-0.2728342601194841
HMA 34_one_break_candle_MAexit21,HMA,34,one_break,candle,ma_close,,21,58872,58871,17960,40911,1,30.507380543901068,521536.0,436590.0,332426.5,326290.75,32192.755859375,24144.56640625,6135.7412109375,1.018804547784453,0.10422349222770974,0.010422349222770974,29.038753509521484,-10.67170238494873,18.509270601336304,-7.975623915328396,7772.2734375,222.69960021972656,26,7134.23583984375,3.778192998250412,3.0,1.4329136062111671,6.824366766656212,29437,30.71304820464042,1.0433157244503881,7062.03515625,0.23990335823113768,29434,30.301691920907793,0.9943259625592393,-926.2939453125,-0.03147020266740844
HMA 34_one_break_candle_MAexit34,HMA,34,one_break,candle,ma_close,,34,60319,60318,15663,44655,1,25.967372923505422,562896.0,479494.0,356928.59375,353108.25,32797.1640625,24597.87109375,3820.33447265625,1.0108191857596076,0.06333655745641849,0.006333655745641849,35.93794250488281,-10.73774528503418,22.78800956074826,-7.907473967080954,9242.2705078125,205.05125427246094,30,4819.388671875,4.794124473623131,3.0,0.807146485198067,4.361283130050218,30158,26.16552821805159,1.0381293062626544,6719.732421875,0.22281757483503548,30160,25.769230769230766,0.9836075711183707,-2899.3974609375,-0.0961338680682195
HMA 34_two_confirm_fixed_6_RR2,HMA,34,two_confirm,fixed_6,fixed_RR,2,,42135,42135,12459,29676,0,29.56924172303311,149508.0,178056.0,220108.9375,366003.96875,56179.9921875,42135.0,-145895.03125,0.6013840184622316,-3.462561558087101,-0.3462561558087101,12.0,-6.0,17.6666616502127,-12.33333228029384,145980.25,13815.166015625,26,-144918.234375,1.43374866500534,1.0,-51.91544061919611,-745279064.4779128,21086,30.048373328274685,0.6153145679864045,-69980.6796875,-3.318821952361757,21049,29.089267898712528,0.5876177303093607,-75914.34375,-3.6065534585966077
HMA 34_two_confirm_fixed_6_RR3,HMA,34,two_confirm,fixed_6,fixed_RR,3,,42109,42109,11620,30489,0,27.595050939229143,209160.0,182934.0,321486.5625,376030.96875,56145.328125,42109.0,-54544.359375,0.8549470368589156,-1.2953135760763732,-0.12953135760763732,18.0,-6.0,27.666657702237522,-12.333332308373512,54715.48046875,4886.76513671875,34,-53538.421875,1.7281578759885061,1.0,-14.866294221348742,-278716257.32069045,21071,28.138199421005172,0.8783639740149082,-22715.6796875,-1.0780541828816856,21038,27.05105048008366,0.8318429790311921,-31828.6796875,-1.5129137602196026
HMA 34_two_confirm_fixed_6_RR4,HMA,34,two_confirm,fixed_6,fixed_RR,4,,42020,42020,9363,32657,0,22.282246549262254,224712.0,195942.0,352673.0,402769.625,56026.66015625,42020.0,-50096.6484375,0.8756196547840468,-1.192209624881009,-0.1192209624881009,24.0,-6.0,37.666666666666664,-12.33333205744557,50308.97265625,4414.35791015625,35,-49094.87890625,1.850666349357449,1.0,-11.745485943161542,-256259841.02669388,21024,22.907153729071535,0.9074731148924369,-18495.9921875,-0.8797560971984398,20996,21.656506001143075,0.844232822538154,-31600.65625,-1.5050798366355496
HMA 34_two_confirm_fixed_6_RR5,HMA,34,two_confirm,fixed_6,fixed_RR,5,,41772,41772,7820,33952,0,18.720674135784737,234600.0,203712.0,372753.375,418741.34375,55695.9921875,41772.0,-45987.984375,0.8901757148263438,-1.1009284778081012,-0.11009284778081012,30.0,-6.0,47.66667199488491,-12.33333364013902,46240.27734375,4180.85693359375,42,-44989.8515625,2.212343196399502,1.0,-9.613900979689664,-235940031.58810288,20904,19.1972828166858,0.9182229551276047,-17035.9921875,-0.8149632695895522,20868,18.243243243243242,0.8624079366644647,-28951.9921875,-1.3873870130103507
HMA 34_two_confirm_fixed_6_RR6,HMA,34,two_confirm,fixed_6,fixed_RR,6,,41442,41442,6656,34786,0,16.061000916944163,239616.0,208716.0,383829.375,429027.375,55255.9921875,41442.0,-45197.9921875,0.8946500791470474,-1.0906325029559385,-0.10906325029559386,36.0,-6.0,57.66667292668269,-12.333334531133215,45349.59375,4111.47705078125,42,-44199.8359375,2.545919598474977,1.0,-8.638384729845736,-116404221.06315915,20718,16.352929819480643,0.9140905559322847,-18361.99609375,-0.8862822711531035,20724,15.769156533487743,0.8753499265963374,-26835.99609375,-1.2949235714027214
HMA 34_two_confirm_fixed_6_MAexit9,HMA,34,two_confirm,fixed_6,ma_close,,9,42135,42135,8540,33595,0,20.26818559392429,214472.0,178800.0,337526.65625,376388.3125,56179.9921875,42135.0,-38861.671875,0.8967511610765013,-0.922313323246707,-0.0922313323246707,25.11381721496582,-5.322220802307129,39.52302766393443,-11.203700327429678,38987.140625,3556.138916015625,42,-37865.47265625,2.124243503025988,1.0,-7.970433921762121,-59.80818035503399,21086,20.866925922412978,0.925623015491196,-13914.001953125,-0.6598692000912928,21049,19.668392797757615,0.8682208278262064,-24947.66796875,-1.1852186787377073
HMA 34_two_confirm_fixed_6_MAexit21,HMA,34,two_confirm,fixed_6,ma_close,,21,42128,42128,7812,34316,0,18.54348651728067,244536.0,190200.0,389332.0,397070.6875,56170.66015625,42128.0,-7738.669921875,0.9805105545596337,-0.18369421576801653,-0.018369421576801652,31.3026123046875,-5.542603969573975,49.83768561187916,-11.571007328942768,18295.71875,1511.112060546875,46,-6736.62060546875,2.6813520698822635,1.0,-1.1429472326019532,-14.207872598074172,21083,19.029549874306312,1.0186826248674572,3686.334228515625,0.1748486566672497,21045,18.05654549774293,0.9428058152139139,-11425.00390625,-0.5428844811712996
HMA 34_two_confirm_fixed_6_MAexit34,HMA,34,two_confirm,fixed_6,ma_close,,34,42134,42134,6716,35418,0,15.939621208525182,256584.0,200382.0,411969.3125,416612.0,56178.66015625,42134.0,-4642.66796875,0.9888560879187349,-0.11018816083804053,-0.011018816083804053,38.20488357543945,-5.657631874084473,61.34146999702204,-11.762719521147439,19090.201171875,1355.45068359375,54,-3638.4462890625,3.288223287606209,1.0,-0.6095641213135021,-9.750759381198629,21085,16.319658525017786,1.0195619403607732,4051.66357421875,0.19215857596484467,21049,15.558933916100528,0.9584981008061813,-8694.3369140625,-0.41305225493194453
HMA 34_two_confirm_fixed_8_RR2,HMA,34,two_confirm,fixed_8,fixed_RR,2,,42135,42135,14800,27335,0,35.125192832562,236800.0,218680.0,270100.0,321186.25,42135.0,31601.25,-51086.25,0.840945090270832,-1.2124421502313991,-0.12124421502313991,16.0,-8.0,18.25,-11.75,51184.75,4817.38818359375,23,-50086.25,1.5058977097424944,2.0,-17.378563137217096,0.0,21086,35.47377406810206,0.8538786079983487,-23360.5,-1.1078677795693825,21049,34.775998859803316,0.8281274457081841,-27725.75,-1.3172003420590053
HMA 34_two_confirm_fixed_8_RR3,HMA,34,two_confirm,fixed_8,fixed_RR,3,,41956,41956,11345,30611,0,27.040232624654397,272280.0,244888.0,320496.25,359679.25,41956.0,31467.0,-39183.0,0.891061271952719,-0.9339069501382401,-0.09339069501382401,24.0,-8.0,28.25,-11.75,39404.5,3624.235595703125,27,-38183.0,2.0068166650777006,2.0,-10.766976758604041,0.0,20992,27.524771341463417,0.9130923645354643,-15536.0,-0.7400914634146342,20964,26.555046746804045,0.869292028427754,-23647.0,-1.127981301278382
HMA 34_two_confirm_fixed_8_RR4,HMA,34,two_confirm,fixed_8,fixed_RR,4,,41498,41498,9007,32491,0,21.704660465564604,288224.0,259928.0,344517.75,381769.25,41498.0,31123.5,-37251.5,0.9024240427954845,-0.8976697672176972,-0.08976697672176973,32.0,-8.0,38.25,-11.75,37509.25,3178.07666015625,39,-36251.5,2.510386042700853,2.0,-8.871881594422346,0.0,20762,22.035449378672574,0.9200645645507493,-15203.5,-0.7322753106637125,20736,21.373456790123456,0.8849101121249452,-22048.0,-1.0632716049382716
HMA 34_two_confirm_fixed_8_RR5,HMA,34,two_confirm,fixed_8,fixed_RR,5,,40801,40801,7434,33367,0,18.220141663194532,297360.0,266936.0,358690.5,392062.25,40801.0,30600.75,-33371.75,0.9148815015982793,-0.8179150020832823,-0.08179150020832823,40.0,-8.0,48.25,-11.75,33699.75,3106.68359375,55,-32371.75,3.006740030881596,2.0,-7.133346251059937,0.0,20388,18.42260153031195,0.9273433422369592,-14199.0,-0.6964390818128311,20413,18.017929750649095,0.9024963606659504,-19172.75,-0.9392421496105423
HMA 34_two_confirm_fixed_8_RR6,HMA,34,two_confirm,fixed_8,fixed_RR,6,,39970,39970,6311,33659,0,15.789342006504878,302928.0,269272.0,367615.75,395493.25,39970.0,29977.5,-27877.5,0.9295120713185371,-0.6974605954465849,-0.06974605954465848,48.0,-8.0,58.25,-11.75,28597.5,2564.798095703125,55,-26877.5,3.497648236177133,2.0,-5.462898679079032,0.0,19973,16.00160216291994,0.9443881504440603,-10962.75,-0.5488784859560406,19997,15.577336600490074,0.9147285160828479,-16914.75,-0.8458643796569485
HMA 34_two_confirm_fixed_8_MAexit9,HMA,34,two_confirm,fixed_8,ma_close,,9,42135,42135,10155,31980,0,24.10110359558562,254824.0,219168.0,300758.75,329925.0,42135.0,31601.25,-29166.25,0.911597332727135,-0.6922095644950753,-0.06922095644950753,25.09345245361328,-6.853283405303955,29.61681437715411,-10.316604127579737,29240.0,2765.66552734375,31,-28166.25,2.319520588584312,2.0,-7.146668480827724,-40.54820612496687,21086,24.618230105283125,0.9319284306338805,-11180.5,-0.5302333301716778,21049,23.58306807924367,0.8914420225888957,-17985.75,-0.854470521164901
HMA 34_two_confirm_fixed_8_MAexit21,HMA,34,two_confirm,fixed_8,ma_close,,21,42125,42125,9411,32714,0,22.340652818991096,291680.0,235928.0,348130.75,352159.5,42125.0,31593.75,-4028.75,0.9885598713083135,-0.0956379821958457,-0.00956379821958457,30.993518829345703,-7.211835861206055,36.99189777919456,-10.764794889038333,14202.75,874.9952392578125,44,-3028.75,2.9919050445103856,2.0,-0.7286369607184577,-6.586567674890449,21082,22.76349492458021,1.0212632717136862,3726.5,0.1767621667773456,21043,21.91702703987074,0.9561613132527907,-7755.25,-0.3685429834149123
HMA 34_two_confirm_fixed_8_MAexit34,HMA,34,two_confirm,fixed_8,ma_close,,34,42134,42134,8182,33952,0,19.418996534864956,308152.0,251536.0,370871.5,373836.0,42134.0,31600.5,-2964.5,0.9920700521084111,-0.07035885508140693,-0.007035885508140693,37.66218566894531,-7.408576965332031,45.32773160596431,-11.010721017907635,15499.75,880.6342163085938,44,-1964.5,3.74395974747235,2.0,-0.47641300710433404,-5.519611931692267,21085,19.748636471425186,1.0204432302051583,3801.25,0.1802821911311359,21049,19.08879281676089,0.9639917134239073,-6765.75,-0.32142857142857145
HMA 34_two_confirm_fixed_10_RR2,HMA,34,two_confirm,fixed_10,fixed_RR,2,,41811,41811,14774,27037,0,35.33519887111047,295480.0,270370.0,274796.40625,308221.8125,33448.8046875,25086.59765625,-33425.421875,0.8915540533004944,-0.7994408618545359,-0.0799440861854536,20.0,-10.0,18.600000423040477,-11.4000004623294,33635.390625,3246.659423828125,26,-32437.28125,2.283489990672311,3.0,-11.399153834131454,0.0,20916,35.900745840504875,0.9138156084168187,-13172.41015625,-0.6297767334217824,20895,34.769083512802105,0.8696568044457375,-20253.01171875,-0.9692755069992821
HMA 34_two_confirm_fixed_10_RR3,HMA,34,two_confirm,fixed_10,fixed_RR,3,,41138,41138,10990,30148,0,26.71495940492975,329700.0,301480.0,314314.03125,343687.1875,32910.40625,24682.796875,-29373.22265625,0.9145352014322617,-0.7140167887658613,-0.07140167887658613,30.0,-10.0,28.600002843494085,-11.399999585378797,29679.369140625,2822.30615234375,30,-28385.796875,2.998225484953085,3.0,-8.182482603842955,-151855290.73195818,20578,27.126056954028577,0.9338468474915779,-11309.2109375,-0.5495777499028088,20560,26.303501945525294,0.895422553876119,-18064.01171875,-0.8785997917679961
HMA 34_two_confirm_fixed_10_RR4,HMA,34,two_confirm,fixed_10,fixed_RR,4,,40087,40087,8548,31539,0,21.32362112405518,341920.0,315390.0,329952.8125,359544.5625,32069.60546875,24052.19921875,-29591.806640625,0.9176965720347947,-0.7381896036277347,-0.07381896036277347,40.0,-10.0,38.60000146233037,-11.39999881099591,30202.005859375,2478.41796875,34,-28604.029296875,3.7192107166911965,3.0,-7.216838470717424,-77488919.48448747,20032,21.54552715654952,0.9298693957087809,-12564.802734375,-0.6272365582255891,20055,21.101969583644976,0.9056060655933669,-17027.001953125,-0.8490153055659436
HMA 34_two_confirm_fixed_10_RR5,HMA,34,two_confirm,fixed_10,fixed_RR,5,,38809,38808,6961,31847,1,17.937023294166153,348050.0,318470.0,338304.59375,363055.75,31046.40234375,23284.796875,-24751.2109375,0.9318254668876612,-0.6377863053365286,-0.06377863053365286,50.0,-10.0,48.599999102140494,-11.399998429993406,25644.423828125,1774.454345703125,41,-23762.568359375,4.607039785611214,3.0,-5.458028037753808,-65872743.89864134,19413,18.147633029413278,0.9451923401213955,-9928.205078125,-0.5114204439357647,19395,17.726218097447795,0.9185145521140029,-14823.005859375,-0.7642694436388244
HMA 34_two_confirm_fixed_10_RR6,HMA,34,two_confirm,fixed_10,fixed_RR,6,,37430,37429,5857,31572,1,15.648294103502632,351420.0,315720.0,343220.15625,359920.75,29943.203125,22457.3984375,-16700.611328125,0.9535992471953896,-0.44619443020452054,-0.04461944302045205,60.0,-10.0,58.59999253030562,-11.399998416318256,18558.95703125,1091.960205078125,48,-15709.46875,5.346469315236848,3.0,-3.394296309507465,-45258294.49563433,18746,15.875386749173156,0.9700498618521631,-5384.40625,-0.2872296089832498,18683,15.420435690199646,0.9371821206407626,-11316.2060546875,-0.6056953409349408
HMA 34_two_confirm_fixed_10_MAexit9,HMA,34,two_confirm,fixed_10,ma_close,,9,42135,42135,11227,30908,0,26.645306752106322,280568.0,243568.0,264850.25,286839.1875,33708.0,25281.0,-21989.01953125,0.9233405390258959,-0.5218706427257624,-0.052187064272576245,24.990468978881836,-7.8804192543029785,23.59047385766456,-9.280418904490746,22055.287109375,2112.97998046875,31,-20998.287109375,2.4521656580040347,2.0,-6.322860012563497,-29.87613349392879,21086,27.09854880015176,0.941935169836128,-8294.408203125,-0.3933609126019634,21049,26.191267993728918,0.9048936933957238,-13694.609375,-0.6506061748776664
HMA 34_two_confirm_fixed_10_MAexit21,HMA,34,two_confirm,fixed_10,ma_close,,21,42088,42088,10641,31447,0,25.28274092377875,325896.0,268214.0,310998.625,312239.8125,33670.3984375,25252.80078125,-1241.22119140625,0.9960248903236835,-0.029491094644702766,-0.0029491094644702766,30.626445770263672,-8.529080390930176,29.22644723240297,-9.929081072916336,11253.4287109375,674.0189819335938,31,-240.0087890625,3.3413324463029843,2.0,-0.2649652507857279,-1.911046463801926,21062,25.690817586174152,1.02748599746215,4269.18896484375,0.20269627598726378,21026,24.87396556644155,0.9648832693445724,-5510.4111328125,-0.26207605501819176
HMA 34_two_confirm_fixed_10_MAexit34,HMA,34,two_confirm,fixed_10,ma_close,,34,42133,42133,9284,32849,0,22.034984453990933,346160.0,289648.0,333162.4375,335636.59375,33706.40234375,25279.798828125,-2474.22314453125,0.992628466930984,-0.0587241151717478,-0.00587241151717478,37.28565216064453,-8.817559242248535,35.88565677509694,-10.217558943955677,13027.671875,747.2976684570312,41,-1472.0146484375,4.270168276647758,3.0,-0.46809143953604615,-4.239784001439944,21084,22.362929235439196,1.0224980997372497,3754.387939453125,0.17806810564661,21049,21.70649437027887,0.9630920019554396,-6228.611328125,-0.2959100825751817
HMA 34_two_confirm_candle_RR2,HMA,34,two_confirm,candle,fixed_RR,2,,39262,39262,13870,25392,0,35.326779073913706,342220.0,312675.0,259707.609375,289405.53125,30387.380859375,22790.53515625,-29697.92578125,0.8973830190918302,-0.7564037945405226,-0.07564037945405226,24.67339515686035,-12.313918113708496,18.724413076784426,-11.397508319549464,29871.14453125,2683.85009765625,24,-28697.984375,3.176200906729153,2.0,-10.378284043663081,-110.92770167418078,19669,35.81778433067263,0.9151932207829265,-12222.716796875,-0.6214203465796431,19593,34.83386923901393,0.8797145901730674,-17475.20703125,-0.8919107350201603
HMA 34_two_confirm_candle_RR3,HMA,34,two_confirm,candle,fixed_RR,3,,37351,37351,10011,27340,0,26.80249524778453,368100.0,336773.0,287448.15625,311340.75,29041.474609375,21781.10546875,-23892.587890625,0.9232590216667751,-0.6396773283345828,-0.06396773283345827,36.769554138183594,-12.31795883178711,28.713231070822097,-11.387737746891002,24104.79296875,2284.21533203125,26,-22893.322265625,4.491392466065165,3.0,-6.945689623921741,-94.62034748053178,18707,27.299941198481854,0.9452363722516447,-8494.697265625,-0.4540919049353183,18644,26.303368375885007,0.9014378877614214,-15397.890625,-0.8258898640313237
HMA 34_two_confirm_candle_RR4,HMA,34,two_confirm,candle,fixed_RR,4,,35350,35350,7636,27714,0,21.6011315417256,373484.0,341056.0,295566.25,315592.6875,27615.107421875,20711.330078125,-20026.4453125,0.9365434045426037,-0.5665189621640736,-0.05665189621640736,48.91094970703125,-12.30627155303955,38.706947354635936,-11.38748240961247,20636.263671875,1578.6365966796875,30,-19027.482421875,5.769561527581329,3.0,-5.158456352788077,-82.02754806678018,17717,21.88293729186657,0.9505852747961531,-7800.13232421875,-0.440262590970184,17633,21.317983326716952,0.9224917879236864,-12226.3134765625,-0.6933768205389044
HMA 34_two_confirm_candle_RR5,HMA,34,two_confirm,candle,fixed_RR,5,,33457,33456,6072,27384,1,18.149210903873744,369595.0,336831.0,295698.625,311868.25,26245.501953125,19684.126953125,-16169.6357421875,0.9481523848612354,-0.48331048966366275,-0.04833104896636627,60.86874008178711,-12.300284385681152,48.69871953227931,-11.38870325737657,16873.2890625,1217.62890625,32,-15171.0712890625,7.062230989956959,3.0,-3.812017613355205,-67.94243818865093,16747,18.433152206365317,0.9647151935701851,-5498.244140625,-0.3283121837120081,16709,17.864623855407267,0.9316126645876507,-10671.3916015625,-0.6386612964008918
HMA 34_two_confirm_candle_RR6,HMA,34,two_confirm,candle,fixed_RR,6,,31593,31592,4974,26618,1,15.744492276525705,362580.0,327373.0,291937.75,303244.0,24894.986328125,18671.240234375,-11306.2314453125,0.9627156679109892,-0.3578827375700335,-0.03578827375700335,72.89505767822266,-12.298933029174805,58.69275231202252,-11.39244120519949,13060.080078125,857.0997924804688,48,-10307.0068359375,8.34271334515067,3.0,-2.4890466317441615,-48.26621236599774,15795,16.289965178854068,1.0007709006490786,116.307861328125,0.00736358729522792,15797,15.199088434512884,0.9250219485378581,-11422.5390625,-0.723082804488194
HMA 34_two_confirm_candle_MAexit9,HMA,34,two_confirm,candle,ma_close,,9,41442,41442,11593,29849,0,27.974036002123448,290208.0,247847.0,242570.625,259670.25,31959.6015625,23969.703125,-17099.6328125,0.9341486943537044,-0.4126160130423242,-0.04126160130423242,25.033037185668945,-8.303359985351562,20.92388725955318,-8.699462293544173,17214.45703125,1568.9019775390625,26,-16100.89453125,2.5327445586602964,2.0,-5.131823086607883,-20.06760165516099,20764,28.41456366788673,0.9532437932516181,-6079.9443359375,-0.29281180581475147,20678,27.53167617758004,0.9149946945546611,-11019.689453125,-0.5329185343420544
HMA 34_two_confirm_candle_MAexit21,HMA,34,two_confirm,candle,ma_close,,21,41329,41329,11225,30104,0,27.16010549493092,343344.0,278960.0,291062.59375,284329.1875,31871.75390625,23903.814453125,6733.3974609375,1.0236817271881382,0.16292185779809576,0.016292185779809575,30.587438583374023,-9.266542434692383,25.929852449888642,-9.444897272787669,9230.048828125,398.67755126953125,25,7732.419921875,3.5314670086380024,2.0,1.4088680306660712,8.621539245443817,20708,27.506277767046548,1.057163811369306,8124.4033203125,0.392331626439661,20621,26.812472721982445,0.9902182715181216,-1391.005859375,-0.06745579066849329
HMA 34_two_confirm_candle_MAexit34,HMA,34,two_confirm,candle,ma_close,,34,41438,41438,9971,31467,0,24.062454751677205,370520.0,305847.0,314360.71875,307503.40625,31956.91796875,23967.6875,6857.3134765625,1.0222999562301596,0.16548369797197018,0.016548369797197017,37.15976333618164,-9.719611167907715,31.527501629726206,-9.772250492579527,10624.7109375,367.723876953125,39,7856.40087890625,4.566846855543221,3.0,1.2890138579210928,9.51537753578359,20762,24.347365379057894,1.0515338919256896,7918.7890625,0.3814078153597919,20676,23.776359063648673,0.9931002430058378,-1061.4755859375,-0.051338536754570514
HMA 55_one_break_fixed_6_RR2,HMA,55,one_break,fixed_6,fixed_RR,2,,46920,46920,13871,33049,0,29.56308610400682,166452.0,198294.0,245054.25,407604.3125,62559.9921875,46920.0,-162550.03125,0.6012062249709392,-3.4644081681585677,-0.34644081681585676,12.0,-6.0,17.6666606589287,-12.333332702956216,162550.46875,16458.029296875,23,-161552.109375,1.4490196078431372,1.0,-54.81656531796938,0.0,23460,29.765558397271953,0.6070688684256093,-79850.0078125,-3.4036661471653877,23460,29.360613810741686,0.5953772738138732,-82700.0078125,-3.525149523124467
HMA 55_one_break_fixed_6_RR3,HMA,55,one_break,fixed_6,fixed_RR,3,,46832,46832,12930,33902,0,27.60932695592757,232740.0,203412.0,357729.90625,418124.6875,62442.66015625,46832.0,-60394.6953125,0.8555579637951897,-1.2896031626345235,-0.12896031626345233,18.0,-6.0,27.66665941608662,-12.333333947849685,60616.640625,4905.58154296875,27,-59377.96875,1.7447898872565768,1.0,-15.606239697613926,-292635721.8178983,23412,27.737912181787117,0.8610720340106315,-28988.013671875,-1.2381690445871776,23420,27.480785653287786,0.8500653213126802,-31406.6796875,-1.3410196279888984
HMA 55_one_break_fixed_6_RR4,HMA,55,one_break,fixed_6,fixed_RR,4,,46560,46560,10396,36164,0,22.328178694158076,249504.0,216984.0,391582.65625,446022.6875,62079.9921875,46560.0,-54439.9765625,0.8779433585427199,-1.1692434828715637,-0.11692434828715637,24.0,-6.0,37.666665664678725,-12.333333909412676,54750.7734375,4204.05078125,53,-53435.4375,1.8665378006872853,1.0,-12.116663672789517,-264552181.23244077,23279,22.616950899952748,0.8926164697899691,-23857.65625,-1.0248574358864213,23281,22.039431295906535,0.863380132944764,-30582.32421875,-1.3136172938769812
HMA 55_one_break_fixed_6_RR5,HMA,55,one_break,fixed_6,fixed_RR,5,,46243,46243,8669,37574,0,18.746621110222087,260070.0,225444.0,413222.3125,463412.6875,61657.328125,46243.0,-50190.3125,0.8916939989909103,-1.0853602166814438,-0.10853602166814438,30.0,-6.0,47.66666426346753,-12.333333887794751,50548.38671875,3784.505126953125,53,-49189.71484375,2.2233635361027617,1.0,-9.966975694853103,-244735400.40611085,23112,19.050709588092765,0.909562111422287,-20867.990234375,-0.9029071579428436,23131,18.44278241321171,0.8739736430087516,-29322.32421875,-1.2676634913644027
HMA 55_one_break_fixed_6_RR6,HMA,55,one_break,fixed_6,fixed_RR,6,,45889,45889,7442,38447,0,16.217394146745406,267912.0,230682.0,429155.375,474179.6875,61185.32421875,45889.0,-45024.3203125,0.9050479940687042,-0.9811571468652618,-0.09811571468652618,36.0,-6.0,57.66667226552002,-12.333333875204827,45447.1953125,3269.58203125,51,-44024.19140625,2.551286800758352,1.0,-8.14568012354157,-220390450.0300748,22948,16.607111730869793,0.9311282076370597,-16255.3271484375,-0.7083548522066193,22941,15.827557647879342,0.879201376614713,-28768.994140625,-1.254042724407175
HMA 55_one_break_fixed_6_MAexit9,HMA,55,one_break,fixed_6,ma_close,,9,46920,46920,9507,37413,0,20.26214833759591,239992.0,199098.0,377803.65625,419127.0,62559.9921875,46920.0,-41323.3359375,0.9014061519539424,-0.8807190097506394,-0.08807190097506394,25.243715286254883,-5.32162618637085,39.739524166403704,-11.202710287867854,41328.40234375,4127.34228515625,54,-40327.0703125,2.1858695652173914,1.0,-7.8786244814178215,-60.24360263093347,23460,20.677749360613813,0.924437122764107,-15786.669921875,-0.6729185814950981,23460,19.846547314578007,0.8785159706430834,-25536.66796875,-1.0885195212595908
HMA 55_one_break_fixed_6_MAexit21,HMA,55,one_break,fixed_6,ma_close,,21,46807,46807,9041,37766,0,19.31548699980772,267480.0,208464.0,424704.3125,435560.6875,62409.32421875,46807.0,-10856.3359375,0.9750749429148148,-0.2319382984916786,-0.02319382984916786,29.585222244262695,-5.519885540008545,46.97536915164252,-11.533143237303394,19606.484375,1228.0382080078125,53,-9857.658203125,2.660691776870981,1.0,-1.5630172671271323,-18.494462074072644,23409,19.671921056004102,1.0092397649349811,2002.33203125,0.08553684613823744,23398,18.95888537481836,0.9412456139737135,-12858.669921875,-0.5495627798048979
HMA 55_one_break_fixed_6_MAexit34,HMA,55,one_break,fixed_6,ma_close,,34,46755,46755,8368,38387,0,17.89755106405732,275504.0,215724.0,439648.0,449109.6875,62339.9921875,46755.0,-9461.671875,0.9789323460095704,-0.20236705967276228,-0.02023670596727623,32.923519134521484,-5.619715213775635,52.539196940726576,-11.69952555552661,18327.01953125,1036.1702880859375,45,-8458.80859375,3.1667843011442627,1.0,-1.2274136196805217,-17.95946344912456,23377,18.29148308166146,1.0128278297026954,2863.66357421875,0.1224991904101788,23378,17.503635896997178,0.9454317850445806,-12325.3359375,-0.5272194344041407
HMA 55_one_break_fixed_6_MAexit55,HMA,55,one_break,fixed_6,ma_close,,55,46918,46918,6670,40248,0,14.216292254571805,288288.0,225786.0,464916.65625,470222.03125,62557.328125,46918.0,-5305.34375,0.9887172981114972,-0.11307693742273754,-0.011307693742273753,43.221588134765625,-5.609869003295898,69.70264711394303,-11.683115465364738,20093.421875,1019.2867431640625,58,-4301.18359375,3.934396180570357,1.0,-0.6111199142265248,-9.933753995676495,23459,14.493371413956263,1.0375365409611779,8788.99609375,0.37465348453685154,23459,13.939213095187347,0.940297857458469,-14094.3359375,-0.6008071928684087
HMA 55_one_break_fixed_8_RR2,HMA,55,one_break,fixed_8,fixed_RR,2,,46920,46920,16529,30391,0,35.228047740835464,264464.0,243128.0,301654.25,357094.25,46920.0,35190.0,-55440.0,0.8447468700490137,-1.1815856777493605,-0.11815856777493605,16.0,-8.0,18.25,-11.75,56012.25,3592.255859375,25,-54440.0,1.521078431372549,2.0,-17.86015268292262,0.0,23460,35.23444160272805,0.8449836021497847,-27675.0,-1.1796675191815857,23460,35.22165387894288,0.8445101846809071,-27765.0,-1.1835038363171355
HMA 55_one_break_fixed_8_RR3,HMA,55,one_break,fixed_8,fixed_RR,3,,46484,46484,12643,33841,0,27.198605971947337,303432.0,270728.0,357164.75,397631.75,46484.0,34863.0,-40467.0,0.8982299577435655,-0.8705576112210653,-0.08705576112210653,24.0,-8.0,28.25,-11.75,41332.0,2221.851806640625,25,-39467.0,2.024739695379055,2.0,-10.54498768713382,0.0,23244,27.33178454654965,0.9042824014299444,-18997.0,-0.8172861813801411,23240,27.06540447504303,0.8921985815602836,-21470.0,-0.9238382099827883
HMA 55_one_break_fixed_8_RR4,HMA,55,one_break,fixed_8,fixed_RR,4,,45924,45924,10058,35866,0,21.90140231687135,321856.0,286928.0,384718.5,421425.5,45924.0,34443.0,-36707.0,0.9128980092566776,-0.7992988415643236,-0.07992988415643236,32.0,-8.0,38.25,-11.75,37667.75,1935.6500244140625,37,-35707.0,2.5225154603257556,2.0,-8.28326277929678,0.0,22964,22.130290890088837,0.9251499784640206,-15727.0,-0.6848545549555827,22960,21.67247386759582,0.900715529643371,-20980.0,-0.9137630662020906
HMA 55_one_break_fixed_8_RR5,HMA,55,one_break,fixed_8,fixed_RR,5,,45250,45250,8300,36950,0,18.34254143646409,332000.0,295600.0,400475.0,434162.5,45250.0,33937.5,-33687.5,0.9224080845305617,-0.744475138121547,-0.0744475138121547,40.0,-8.0,48.25,-11.75,34767.0,1692.03076171875,39,-32687.5,3.0265193370165746,2.0,-6.819939386720876,0.0,22643,18.60177538312061,0.9384235856102751,-13335.25,-0.5889347701276333,22607,18.08289467863936,0.9064686871332834,-20352.25,-0.9002631928163843
HMA 55_one_break_fixed_8_RR6,HMA,55,one_break,fixed_8,fixed_RR,6,,44333,44333,7063,37270,0,15.931698734576951,339024.0,298160.0,411419.75,437922.5,44333.0,33249.75,-26502.75,0.9394807300378492,-0.5978108857961338,-0.05978108857961338,48.0,-8.0,58.25,-11.75,27622.5,1324.8201904296875,47,-25502.75,3.5209212099339093,2.0,-4.913400599147166,0.0,22160,16.101083032490976,0.9513860914783755,-10620.0,-0.47924187725631767,22173,15.762413746448384,0.9276301850168477,-15882.75,-0.7163103774861318
HMA 55_one_break_fixed_8_MAexit9,HMA,55,one_break,fixed_8,ma_close,,9,46920,46920,11324,35596,0,24.134697357203752,284984.0,243608.0,336413.0,366803.0,46920.0,35190.0,-30390.0,0.9171489873310742,-0.6476982097186701,-0.06476982097186701,25.166372299194336,-6.843690395355225,29.7079653832568,-10.304612877851444,31033.5,1888.2568359375,30,-29390.0,2.3921355498721226,2.0,-6.936587114344816,-39.89876298505502,23460,24.44160272804774,0.9336299480878715,-12165.0,-0.518542199488491,23460,23.827791986359763,0.9006879640351475,-18225.0,-0.7768542199488491
HMA 55_one_break_fixed_8_MAexit21,HMA,55,one_break,fixed_8,ma_close,,21,46779,46779,10870,35909,0,23.2369225507172,318920.0,257632.0,379627.5,384880.75,46779.0,35084.25,-5253.25,0.9863509671502148,-0.11229932234549692,-0.011229932234549692,29.339466094970703,-7.174580097198486,34.92433302667893,-10.718225236013255,13785.75,580.2591552734375,36,-4253.25,2.966779965369076,2.0,-0.9223891491776075,-7.984668697368817,23392,23.448187414500683,1.0161122965620766,3094.0,0.13226744186046513,23387,23.025612519775944,0.9567171453979316,-8347.25,-0.35691837345533844
HMA 55_one_break_fixed_8_MAexit34,HMA,55,one_break,fixed_8,ma_close,,34,46726,46726,10081,36645,0,21.57471215169285,329480.0,269288.0,394208.25,400738.75,46726.0,35044.5,-6530.5,0.9837038469576501,-0.13976158883705003,-0.013976158883705004,32.683265686035156,-7.348560333251953,39.10408193631584,-10.935700641288033,14723.75,469.62176513671875,42,-5530.5,3.592368274622266,1.0,-1.0336194908270122,-11.046353071344205,23360,21.870719178082194,1.0182484267625211,3640.0,0.1558219178082192,23366,21.278781134982452,0.9494682502813392,-10170.5,-0.4352691945561928
HMA 55_one_break_fixed_8_MAexit55,HMA,55,one_break,fixed_8,ma_close,,55,46917,46917,8158,38759,0,17.388153547754545,349968.0,284472.0,423183.5,423418.25,46917.0,35187.75,-234.75,0.9994455836516258,-0.005003516848903383,-0.0005003516848903382,42.89875030517578,-7.339508056640625,51.87343711694043,-10.924385304058413,15418.5,361.6177673339844,42,765.25,4.554553786473986,2.0,-0.03270284256797556,-0.3937887210401329,23458,17.64856338988831,1.046049093446231,9718.5,0.4142936311706028,23459,17.127754806257727,0.9531328907917367,-9953.25,-0.4242827912528241
HMA 55_one_break_fixed_10_RR2,HMA,55,one_break,fixed_10,fixed_RR,2,,44816,44816,15897,28919,0,35.47170653338094,317940.0,289190.0,295684.25,329676.5625,35852.8046875,26889.59765625,-33992.421875,0.8968919348035242,-0.7584885280926454,-0.07584885280926454,20.0,-10.0,18.60000314524753,-11.399998703274663,34806.015625,1931.3096923828125,21,-33003.81640625,2.2945376651196003,3.0,-11.18737438991484,-84185148.90735063,22355,35.47304853500336,0.8969444571133206,-16947.01171875,-0.7580859637105792,22461,35.47037086505498,0.896839492901157,-17045.412109375,-0.7588892796124393
HMA 55_one_break_fixed_10_RR3,HMA,55,one_break,fixed_10,fixed_RR,3,,43555,43555,11703,31852,0,26.86947537596143,351090.0,318520.0,334705.8125,363112.75,34844.0078125,26132.99609375,-28407.0234375,0.9217682730777148,-0.6522103877281598,-0.06522103877281597,30.0,-10.0,28.600001068102195,-11.39999843023986,29426.654296875,1469.1348876953125,27,-27417.86328125,3.007530708299851,3.0,-7.6765809450849165,-71363584.49552645,21727,27.053896074009298,0.9304412272137247,-12567.8125,-0.5784421457173102,21828,26.685908008063038,0.9131786222908467,-15839.212890625,-0.7256373873293476
HMA 55_one_break_fixed_10_RR4,HMA,55,one_break,fixed_10,fixed_RR,4,,42345,42345,9141,33204,0,21.586964222458377,365640.0,332040.0,352842.625,378525.5625,33876.00390625,25406.998046875,-25683.00390625,0.9321500578973447,-0.6065179810190106,-0.06065179810190106,40.0,-10.0,38.600002734930534,-11.399998870617997,26748.369140625,1310.554931640625,34,-24691.57421875,3.7336875664187037,3.0,-6.067151020786746,-65435685.94258106,21172,21.887398450784055,0.9487581927717633,-9660.802734375,-0.4563009037585018,21173,21.286544183630095,0.9156693269155329,-16022.2021484375,-0.7567280096555755
HMA 55_one_break_fixed_10_RR5,HMA,55,one_break,fixed_10,fixed_RR,5,,40957,40957,7466,33491,0,18.22887418512098,373300.0,334910.0,362847.5625,381797.4375,32765.60546875,24574.197265625,-18949.8125,0.9503666784039115,-0.4626757941255463,-0.04626757941255463,50.0,-10.0,48.59999497723011,-11.4000011197038,20051.099609375,968.1864624023438,41,-17954.3046875,4.645140024904168,3.0,-4.042124568054975,-98184006.0987198,20461,18.50838179952104,0.9682486734865828,-6035.4052734375,-0.2949711780185475,20496,17.94984387197502,0.9326368959461384,-12914.40625,-0.6300939817525371
HMA 55_one_break_fixed_10_RR6,HMA,55,one_break,fixed_10,fixed_RR,6,,39508,39508,6222,33286,0,15.748709122203097,373320.0,332860.0,364609.1875,379460.40625,31606.40234375,23704.798828125,-14851.2109375,0.9608622704625063,-0.3759038913004961,-0.03759038913004961,60.0,-10.0,58.599997990999675,-11.40000018776663,16291.3408203125,677.9032592773438,48,-13852.3466796875,5.3996658904525665,3.0,-2.930289708477304,0.0,19763,16.004655163689723,0.979453585679361,-3888.205322265625,-0.1967416547217338,19745,15.492529754368196,0.9423667742009146,-10963.005859375,-0.5552294686946062
HMA 55_one_break_fixed_10_MAexit9,HMA,55,one_break,fixed_10,ma_close,,9,46920,46920,12545,34375,0,26.73699914748508,314184.0,270230.0,296621.03125,318355.0,37536.0,28152.0,-21734.0234375,0.9317303992398424,-0.46321448076513216,-0.046321448076513214,25.044559478759766,-7.861236572265625,23.64456207652451,-9.261236363636364,22349.30859375,1389.1895751953125,26,-20740.505859375,2.536466325660699,2.0,-5.8218663607669034,-27.686250076001716,23460,27.033248081841432,0.9481437063455221,-8256.01171875,-0.3519186580882353,23460,26.440750213128727,0.9153103698534324,-13478.01171875,-0.574510303442029
HMA 55_one_break_fixed_10_MAexit21,HMA,55,one_break,fixed_10,ma_close,,21,46110,46110,12017,34093,0,26.06159184558664,349992.0,287918.0,333168.21875,335648.1875,36888.00390625,27665.998046875,-2480.0244140625,0.992611404314525,-0.053784958014801564,-0.005378495801480156,29.124740600585938,-8.445076942443848,27.724741512024632,-9.845076335318101,11340.751953125,405.6352233886719,36,-1477.390869140625,3.288679245283019,2.0,-0.5185259383350591,-3.5657188137988265,23043,26.250922188951094,1.0204362501816209,3421.789306640625,0.14849582548455606,23067,25.87245849048424,0.9649141515287754,-5901.81201171875,-0.25585520491259156
HMA 55_one_break_fixed_10_MAexit34,HMA,55,one_break,fixed_10,ma_close,,34,46009,46009,11181,34828,0,24.30176704557804,362888.0,303936.0,347234.625,352695.25,36807.203125,27605.3984375,-5460.625,0.9845174410486106,-0.11868601795300919,-0.011868601795300918,32.455772399902344,-8.726771354675293,31.055775422591896,-10.126772998736648,12790.79296875,394.54168701171875,41,-4457.4814453125,4.052467995392206,2.0,-1.0264013817243243,-8.623830392556455,22966,24.61029347731429,1.0195314271307585,3425.58740234375,0.1491590787400396,23043,23.994271579221454,0.9498819129398743,-8886.212890625,-0.3856361103426203
HMA 55_one_break_fixed_10_MAexit55,HMA,55,one_break,fixed_10,ma_close,,55,46917,46917,9229,37688,0,19.670908199586503,393320.0,325610.0,380399.4375,378373.1875,37533.6015625,28150.19921875,2026.17431640625,1.0053551627518533,0.04318635710736513,0.004318635710736513,42.617835998535156,-8.639619827270508,41.217839148336765,-10.03961970653789,11831.9560546875,265.7759704589844,42,3023.285400390625,5.150073534113434,2.0,0.3331442323572855,3.191976828644531,23458,19.95907579503794,1.0463574699142828,8740.787109375,0.3726143366602012,23459,19.382752888017393,0.9646265902744463,-6714.61181640625,-0.286227538105045
HMA 55_one_break_candle_RR2,HMA,55,one_break,candle,fixed_RR,2,,38818,38817,13675,25142,1,35.22940979467759,421516.0,393032.0,259334.71875,276999.5625,22711.33984375,17033.50390625,-17664.849609375,0.9362279001794452,-0.4550802382815519,-0.04550802382815519,30.82383918762207,-15.632487297058105,18.964147623400365,-11.01740364728343,18192.859375,1247.2969970703125,16,-16665.892578125,4.510549501507072,3.0,-6.258049591376937,-229.40312836645944,19458,35.57919621749409,0.9503271201002526,-6862.9794921875,-0.3527073436215181,19359,34.877834598894566,0.922196855056698,-10801.869140625,-0.5579766072950566
HMA 55_one_break_candle_RR3,HMA,55,one_break,candle,fixed_RR,3,,35824,35823,9625,26198,1,26.86821315914357,441282.0,406960.0,278685.3125,288824.5625,21090.9765625,15818.232421875,-10139.2119140625,0.9648947793351197,-0.28303637088078887,-0.028303637088078887,45.84748077392578,-15.53400993347168,28.95431818181818,-11.02467984197267,10465.8515625,879.0570068359375,21,-9139.71875,6.4534796080730255,4.0,-3.022113163132172,-136.40440833820446,17934,27.27222036355526,0.9845704512072536,-2219.4599609375,-0.12375710722301216,17889,26.463189669629383,0.9453733132011377,-7919.75048828125,-0.4427162216044077
HMA 55_one_break_candle_RR4,HMA,55,one_break,candle,fixed_RR,4,,32921,32920,7088,25832,1,21.530984204131226,432616.0,400342.0,276084.625,284859.6875,19414.3203125,14560.740234375,-8775.0625,0.9691951410288618,-0.2665571840826245,-0.026655718408262453,61.03498840332031,-15.497909545898438,38.95099111173815,-11.027395768813875,9420.7705078125,668.675537109375,26,-7775.4482421875,8.427764277035237,4.0,-2.353836563151047,-122.87043947267009,16523,21.908854324275254,0.9907101017818408,-1322.325927734375,-0.08002940917111753,16397,21.150210404342257,0.94770778720098,-7452.73828125,-0.45451840466243826
HMA 55_one_break_candle_RR5,HMA,55,one_break,candle,fixed_RR,5,,30365,30364,5470,24894,1,18.01475431431959,416010.0,385752.0,267741.5625,274522.375,17909.04296875,13431.783203125,-6780.8330078125,0.9752995998960012,-0.2233181730935483,-0.02233181730935483,76.05301666259766,-15.495781898498535,48.94726919561243,-11.02765224552101,7425.1005859375,577.1256713867188,27,-5781.03515625,10.421354235278619,4.0,-1.6880594051063667,-98.81804106397138,15240,18.490813648293962,1.0065030310312757,891.281982421875,0.05848306971272146,15124,17.535043639248876,0.9441890911306331,-7672.11474609375,-0.5072807951662094
HMA 55_one_break_candle_RR6,HMA,55,one_break,candle,fixed_RR,6,,28009,28007,4413,23594,2,15.7567750919413,400194.0,366248.0,260103.6875,260141.015625,16501.3359375,12376.001953125,-37.34576416015625,0.9998565081138385,-0.0013334439304515389,-0.00013334439304515388,90.68524932861328,-15.522929191589355,58.94033254022207,-11.02572754195982,5869.0263671875,128.4576873779297,34,962.6141357421875,12.394115756775092,4.0,-0.008753205402224353,-0.5669759202947817,13992,16.23785020011435,1.0357834407204738,4626.6240234375,0.3306620942994211,14015,15.276489475561897,0.9643552502398307,-4663.9697265625,-0.33278414031840886
HMA 55_one_break_candle_MAexit9,HMA,55,one_break,candle,ma_close,,9,46727,46726,14075,32651,1,30.12241578564397,352896.0,302499.0,228427.453125,236966.9375,26327.408203125,19745.55859375,-8539.484375,0.9639633930999341,-0.18275658894405683,-0.01827565889440568,25.072540283203125,-9.264616966247559,16.229303952042628,-7.257570595081314,9776.408203125,459.5643615722656,26,-7539.4853515625,2.7532637075718016,2.0,-2.9458221402509785,-10.06933452281137,23371,30.473663942492834,0.9768283085368016,-2753.627197265625,-0.11782239515919836,23355,29.770926996360526,0.9510218879432327,-5785.857421875,-0.24773527817919075
HMA 55_one_break_candle_MAexit21,HMA,55,one_break,candle,ma_close,,21,45687,45687,13786,31901,0,30.17488563486331,398680.0,327916.0,265919.625,255607.890625,25893.0703125,19419.8046875,10311.7109375,1.0403420033309076,0.22570339347079038,0.022570339347079037,28.919193267822266,-10.279175758361816,19.28910670245176,-8.012535363311494,4812.611328125,125.40357971191406,26,11310.1826171875,3.656685709282728,3.0,2.6571716251757014,12.78363954244908,22856,30.394644732236614,1.0678061219226158,8677.673828125,0.3796672133411358,22831,29.954885900748984,1.0128029331845145,1634.035400390625,0.07157090799310696
HMA 55_one_break_candle_MAexit34,HMA,55,one_break,candle,ma_close,,34,45476,45476,13041,32435,0,28.676664614302048,419880.0,353157.0,280332.875,272711.9375,25806.109375,19354.58203125,7620.955078125,1.0279450088245587,0.16758191305578768,0.01675819130557877,32.19691848754883,-10.888145446777344,21.49627137489456,-8.407952443348234,6843.97900390625,143.4812774658203,41,8619.7998046875,4.632179611223503,3.0,1.7369272986017015,9.977111768470134,22747,28.970853299336174,1.0606452768090466,8276.95703125,0.3638702699806568,22729,28.382242949535836,0.9951846418703556,-656.00048828125,-0.028861827985448105
HMA 55_one_break_candle_MAexit55,HMA,55,one_break,candle,ma_close,,55,46917,46916,10935,35981,1,23.30761360729815,466296.0,387670.0,307817.8125,294197.59375,26408.451171875,19806.33984375,13620.23828125,1.0462961595857716,0.29031115784060874,0.029031115784060875,42.64252471923828,-10.774297714233398,28.14977709190672,-8.17647074150246,5361.625,129.4405059814453,42,14618.5595703125,6.001236252024896,3.0,2.752671282316521,17.90867173999523,23458,23.603887799471394,1.0931569895856141,13694.267578125,0.5837781387213318,23458,23.011339415124905,0.999497160714845,-74.028076171875,-0.003155771002296658
HMA 55_two_confirm_fixed_6_RR2,HMA,55,two_confirm,fixed_6,fixed_RR,2,,32819,32818,9658,23160,1,29.428971905661527,115896.0,138960.0,170624.625,285640.0,43757.3359375,32818.0,-115015.359375,0.5973414962890351,-3.5046425551526603,-0.35046425551526605,12.0,-6.0,17.666662352453923,-12.333333333333334,115108.0390625,11135.8955078125,27,-114037.078125,1.4323237247851788,1.0,-46.438457632082354,0.0,16364,30.145441212417502,0.6181600200379702,-53832.6796875,-3.289701765307993,16454,28.71642153883554,0.5770518997923006,-61182.67578125,-3.718407425625988
HMA 55_two_confirm_fixed_6_RR3,HMA,55,two_confirm,fixed_6,fixed_RR,3,,32805,32804,9010,23794,1,27.466162663089865,162180.0,142764.0,249276.609375,293459.34375,43738.66796875,32804.0,-44182.6875,0.8494417188752402,-1.3468689031825387,-0.13468689031825387,18.0,-6.0,27.666660307991123,-12.33333377111877,44349.61328125,4035.451416015625,30,-43183.26171875,1.7253688574564077,1.0,-13.663419490438061,-255792985.58784688,16356,28.14257764734654,0.8785540854378581,-17604.01171875,-1.0763029908749082,16448,26.79353112840467,0.8210256700001883,-26578.677734375,-1.6159215548622934
HMA 55_two_confirm_fixed_6_RR4,HMA,55,two_confirm,fixed_6,fixed_RR,4,,32770,32769,7266,25503,1,22.17339558729287,174384.0,153018.0,273686.0,314537.0,43692.0,32769.0,-40850.984375,0.870123387709554,-1.2466350628642924,-0.12466350628642923,24.0,-6.0,37.666666666666664,-12.333333333333334,41050.46484375,3423.7236328125,44,-39850.12109375,1.846806432909152,1.0,-10.86477538277082,0.0,16345,22.661364331599877,0.8948830432507159,-16388.32421875,-1.0026506098959926,16424,21.687773989283976,0.8457891504525282,-24462.66015625,-1.4894459422948125
HMA 55_two_confirm_fixed_6_RR5,HMA,55,two_confirm,fixed_6,fixed_RR,5,,32680,32679,6092,26587,1,18.64194130787356,182760.0,159522.0,290385.3125,327906.3125,43572.0,32679.0,-37520.98828125,0.8855740235253934,-1.1481681900073442,-0.11481681900073441,30.0,-6.0,47.66666324688116,-12.333332549742355,37519.8515625,3755.741455078125,48,-36520.8515625,2.208696716545794,1.0,-8.882655340858692,0.0,16309,19.014041326874732,0.9074006327170057,-15084.3271484375,-0.924908157976424,16370,18.271227855833843,0.8640265745244775,-22436.66015625,-1.3705962221288943
HMA 55_two_confirm_fixed_6_RR6,HMA,55,two_confirm,fixed_6,fixed_RR,6,,32550,32549,5212,27337,1,16.0127807305908,187632.0,164022.0,300558.6875,337156.3125,43398.66796875,32549.0,-36597.65625,0.8914520546015284,-1.124386501889459,-0.1124386501889459,36.0,-6.0,57.66667066385265,-12.333332571240444,36585.3203125,3704.217041015625,50,-35597.65234375,2.5350394789394453,1.0,-7.902171144985716,0.0,16233,16.201564713854495,0.9039938435180312,-16106.9931640625,-0.9922376125215611,16316,15.824957097327777,0.8790298120860047,-20490.66015625,-1.2558629661835008
HMA 55_two_confirm_fixed_6_MAexit9,HMA,55,two_confirm,fixed_6,ma_close,,9,32819,32818,6684,26134,1,20.366871838625144,163888.0,139368.0,257550.65625,293259.34375,43757.3359375,32818.0,-35708.671875,0.8782351244349738,-1.0880819024620636,-0.10880819024620636,24.51944923400879,-5.332823276519775,38.53241416068223,-11.221372302364735,35696.08203125,3614.18310546875,44,-34708.4140625,2.0698701931866657,1.0,-8.516561745476412,-62.70034036303295,16364,20.826203862136396,0.9077525081396464,-13359.333984375,-0.8163856015873259,16454,19.910052266925977,0.8494371886537738,-22349.3359375,-1.3582919616810503
HMA 55_two_confirm_fixed_6_MAexit21,HMA,55,two_confirm,fixed_6,ma_close,,21,32812,32811,6144,26667,1,18.725427448111915,191840.0,148032.0,305397.3125,308943.0,43748.0,32811.0,-3545.669921875,0.9885231660856534,-0.10806345194827954,-0.010806345194827954,31.22395896911621,-5.551130771636963,49.70659383138021,-11.58521768477894,17378.078125,629.5533447265625,44,-2544.58349609375,2.6570052726219866,1.0,-0.5858861567371816,-7.440276669816201,16359,19.07207041995232,1.0202065794035493,3089.00048828125,0.1888257526915612,16452,18.38074398249453,0.9574897723486596,-6634.66796875,-0.40327425047106735
HMA 55_two_confirm_fixed_6_MAexit34,HMA,55,two_confirm,fixed_6,ma_close,,34,32795,32794,5394,27400,1,16.44813075562603,196816.0,155334.0,315440.65625,322823.34375,43725.3359375,32794.0,-7382.66845703125,0.9771308746937543,-0.22512253634906537,-0.022512253634906536,36.48794937133789,-5.669124126434326,58.479914024842415,-11.781873859489052,19191.4140625,629.2802124023438,56,-6383.55859375,3.229371226443862,1.0,-1.1259681312473035,-17.8598145294714,16353,16.773680670213416,0.9934222250661264,-1053.66552734375,-0.06443255227442977,16441,16.124323337996472,0.9610849413478875,-6329.0009765625,-0.384952312910559
HMA 55_two_confirm_fixed_6_MAexit55,HMA,55,two_confirm,fixed_6,ma_close,,55,32818,32817,4549,28268,1,13.861718012005971,204016.0,161934.0,329412.3125,335848.65625,43756.0,32817.0,-6436.33349609375,0.9808355828429789,-0.1961280280371073,-0.01961280280371073,44.84853744506836,-5.728527069091797,72.41422565398989,-11.880877891962644,20736.84375,436.8436279296875,51,-5434.6103515625,3.9764451351433707,1.0,-0.8734387614514268,-17.09446248057388,16364,14.1469078464923,1.0059552695748033,994.001220703125,0.06074316919476442,16453,13.578070868534613,0.956017428766714,-7430.3330078125,-0.45160961574256975
HMA 55_two_confirm_fixed_8_RR2,HMA,55,two_confirm,fixed_8,fixed_RR,2,,32819,32818,11496,21322,1,35.02955695045402,183936.0,170576.0,209802.0,250533.5,32818.0,24613.5,-40731.5,0.8374209437061311,-1.2411329148637942,-0.12411329148637942,16.0,-8.0,18.25,-11.75,40827.0,3920.01904296875,17,-39731.5,1.503504174538363,2.0,-15.710059895505465,0.0,16364,35.791982400391106,0.8658077998659455,-16567.0,-1.0124052798826693,16454,34.27130181110976,0.8098425158123568,-24164.5,-1.4686094566670718
HMA 55_two_confirm_fixed_8_RR3,HMA,55,two_confirm,fixed_8,fixed_RR,3,,32748,32747,8851,23896,1,27.028430085198647,212424.0,191168.0,250040.75,280778.0,32747.0,24560.25,-30737.25,0.8905282821303664,-0.9386279659205423,-0.09386279659205424,24.0,-8.0,28.25,-11.75,30815.75,2857.278564453125,28,-29737.25,2.0007328915625857,2.0,-9.561631481312808,0.0,16333,27.533214963570686,0.9134788923802607,-12032.75,-0.7367140145717259,16414,26.52613622517363,0.8680039518718464,-18704.5,-1.1395455099305472
HMA 55_two_confirm_fixed_8_RR4,HMA,55,two_confirm,fixed_8,fixed_RR,4,,32572,32571,7112,25459,1,21.83537502686439,227584.0,203672.0,272034.0,299143.25,32571.0,24428.25,-27109.25,0.9093770292326503,-0.8323124865678058,-0.08323124865678058,32.0,-8.0,38.25,-11.75,27150.75,2606.88916015625,40,-26109.25,2.5083356359952105,2.0,-7.271876486325149,0.0,16249,22.173672225983136,0.9274802224906706,-10775.75,-0.6631638870084313,16322,21.49859085896336,0.8915097864369798,-16333.5,-1.0007045705183188
HMA 55_two_confirm_fixed_8_RR5,HMA,55,two_confirm,fixed_8,fixed_RR,5,,32248,32247,5944,26303,1,18.43272242379136,237760.0,210424.0,286798.0,309060.25,32247.0,24185.25,-22262.25,0.9279679285835043,-0.6903665457251837,-0.06903665457251837,40.0,-8.0,48.25,-11.75,22363.75,2030.299560546875,59,-21262.25,3.0018606381989024,2.0,-5.3286897879586235,0.0,16076,18.605374471261506,0.9386466556638672,-9433.0,-0.5867753172430953,16171,18.261084657720613,0.9173966512460442,-12829.25,-0.7933492053676334
HMA 55_two_confirm_fixed_8_RR6,HMA,55,two_confirm,fixed_8,fixed_RR,6,,31824,31823,5064,26759,1,15.91301888571159,243072.0,214072.0,294978.0,314418.25,31823.0,23867.25,-19440.25,0.9381707327739405,-0.6108867800018855,-0.061088678000188544,48.0,-8.0,58.25,-11.75,19601.75,1687.623779296875,59,-18440.25,3.502749583634478,2.0,-4.255911135592015,0.0,15866,16.015378797428465,0.9453562732026666,-8555.5,-0.5392348418000756,15957,15.811242714796014,0.9310434939610198,-10884.75,-0.68213009964279
HMA 55_two_confirm_fixed_8_MAexit9,HMA,55,two_confirm,fixed_8,ma_close,,9,32819,32818,7992,24826,1,24.352489487476383,195384.0,170656.0,230244.0,256765.5,32818.0,24613.5,-26521.5,0.8967092541638187,-0.8081388262538851,-0.08081388262538851,24.447446823120117,-6.874083518981934,28.80930930930931,-10.34260452751148,26523.0,2648.327392578125,31,-25521.5,2.258181485770004,2.0,-7.536894129022899,-42.0989796962091,16364,24.841114641896848,0.9237343852728468,-9657.0,-0.5901368858469812,16454,23.866537012276652,0.8704148729563228,-16864.5,-1.0249483408289777
HMA 55_two_confirm_fixed_8_MAexit21,HMA,55,two_confirm,fixed_8,ma_close,,21,32810,32809,7407,25402,1,22.57612240543753,228792.0,183264.0,273027.75,273533.5,32809.0,24606.75,-505.75,0.9981510491402332,-0.015414977597610412,-0.0015414977597610412,30.88861846923828,-7.214550018310547,36.86077359254759,-10.768187544287851,12442.25,444.2165832519531,35,494.25,2.96183973909598,2.0,-0.10241467335545654,-0.9383513132018628,16358,22.924562905000613,1.0313975169066398,4243.5,0.25941435383298694,16451,22.22965169290621,0.9656795262304027,-4749.25,-0.2886906571029117
HMA 55_two_confirm_fixed_8_MAexit34,HMA,55,two_confirm,fixed_8,ma_close,,34,32787,32786,6591,26195,1,20.103092783505154,238480.0,194520.0,286565.75,288991.25,32786.0,24589.5,-2425.5,0.9916070123230375,-0.07397974745318124,-0.007397974745318124,36.182674407958984,-7.425844669342041,43.47834167804582,-11.032305783546478,13767.0,345.928466796875,49,-1425.5,3.680839382663332,2.0,-0.442543179503844,-5.18990526552867,16347,20.438000856426257,1.0155219430099756,2222.75,0.13597296139964518,16439,19.770059006022265,0.9681169758712401,-4648.25,-0.2827574669992092
HMA 55_two_confirm_fixed_8_MAexit55,HMA,55,two_confirm,fixed_8,ma_close,,55,32818,32817,5622,27195,1,17.13136484139318,249608.0,204664.0,302171.5,303421.25,32817.0,24612.75,-1249.75,0.9958811388457466,-0.03808239631898101,-0.0038082396318981013,44.398433685302734,-7.525794982910156,53.748043400924935,-11.15724397867255,15977.0,236.32786560058594,49,-249.75,4.6236097144772526,2.0,-0.2030548719682557,-2.9214909488060026,16364,17.391835736983623,1.0366619868367337,5523.0,0.33750916646296747,16453,16.872302923479,0.9556683941554478,-6772.75,-0.41164225369233576
HMA 55_two_confirm_fixed_10_RR2,HMA,55,two_confirm,fixed_10,fixed_RR,2,,32638,32637,11511,21126,1,35.269785825903114,230220.0,211260.0,214104.625,240836.40625,26109.603515625,19582.19921875,-26731.818359375,0.8890044006791435,-0.8190648147616203,-0.08190648147616203,20.0,-10.0,18.600002171835637,-11.400000295843984,26896.419921875,2367.22607421875,24,-25739.826171875,2.2766185617550634,3.0,-10.322791937755477,0.0,16263,35.958925167558256,0.9161281594528808,-9958.208984375,-0.612323002175183,16374,34.58531818737022,0.8626302121655649,-16773.609375,-1.0244051163429828
HMA 55_two_confirm_fixed_10_RR3,HMA,55,two_confirm,fixed_10,fixed_RR,3,,32373,32372,8648,23724,1,26.7144445817373,259440.0,237240.0,247332.828125,270453.625,25897.60546875,19423.203125,-23120.81640625,0.9145110483359208,-0.7142226741087977,-0.07142226741087977,30.0,-10.0,28.60000325219704,-11.400001053785196,23117.380859375,2332.257568359375,28,-22126.1796875,2.9863771160261954,3.0,-7.260660675655147,-134746753.32932577,16138,27.078944107076463,0.9316225738076456,-9173.2080078125,-0.5684228533778969,16234,26.35210052975237,0.8976686952273149,-13947.609375,-0.8591603655907355
HMA 55_two_confirm_fixed_10_RR4,HMA,55,two_confirm,fixed_10,fixed_RR,4,,31880,31879,6863,25016,1,21.52827880422849,274520.0,250160.0,264911.8125,285182.375,25503.203125,19127.3984375,-20270.6015625,0.9289207038127795,-0.6358606468992126,-0.06358606468992126,40.0,-10.0,38.60000182136092,-11.39999900063959,20565.931640625,1589.32666015625,37,-19271.9296875,3.698359421562784,3.0,-5.524373030688233,-59522915.18082647,15880,21.712846347607055,0.9390932339388348,-8632.0009765625,-0.5435768876928526,15999,21.345084067754236,0.9188709511935474,-11638.599609375,-0.7274579417072942
HMA 55_two_confirm_fixed_10_RR5,HMA,55,two_confirm,fixed_10,fixed_RR,5,,31165,31164,5637,25527,1,18.08817866769349,281850.0,255270.0,273958.25,291007.8125,24931.203125,18698.3984375,-17049.603515625,0.9414120110606996,-0.5470929121943588,-0.054709291219435886,50.0,-10.0,48.600008869966295,-11.400000489677597,17370.994140625,1327.6507568359375,38,-16050.009765625,4.598222307791041,3.0,-4.181823332669263,0.0,15547,18.170708175210653,0.94666100551273,-7735.80029296875,-0.49757511371767865,15617,18.006019081769868,0.9361968195332141,-9313.80078125,-0.5963886009636934
HMA 55_two_confirm_fixed_10_RR6,HMA,55,two_confirm,fixed_10,fixed_RR,6,,30367,30366,4766,25600,1,15.695185404728973,285960.0,256000.0,279287.625,291840.0,24292.8046875,18219.6015625,-12552.3974609375,0.9569888466282894,-0.4133701330744089,-0.04133701330744089,60.0,-10.0,58.60000524548888,-11.4,15056.1484375,430.7859802246094,47,-11553.1181640625,5.348745307251531,3.0,-2.828950908011974,-75532315.9536036,15149,15.81622549343191,0.9657555034665687,-4978.59912109375,-0.3286420965802198,15217,15.57468620621673,0.9482862309884244,-7573.7998046875,-0.49771964281313663
HMA 55_two_confirm_fixed_10_MAexit9,HMA,55,two_confirm,fixed_10,ma_close,,9,32819,32818,8856,23962,1,26.98519105369005,216384.0,189916.0,203985.625,223462.8125,26254.404296875,19690.80078125,-19477.21484375,0.9128392447848566,-0.5934918289886647,-0.05934918289886647,24.433605194091797,-7.925715923309326,23.033607158988257,-9.3257162382105,19467.775390625,1969.226806640625,28,-18479.17578125,2.387653117191785,2.0,-6.466731040439988,-30.177967691441474,16364,27.462723050598875,0.936182397413895,-7033.607421875,-0.42982201306984846,16454,26.51027105870913,0.8901215023777843,-12443.6083984375,-0.7562664639867206
HMA 55_two_confirm_fixed_10_MAexit21,HMA,55,two_confirm,fixed_10,ma_close,,21,32784,32783,8348,24435,1,25.464417533477718,256096.0,208024.0,244408.8125,242233.0,26226.404296875,19669.80078125,2175.78466796875,1.008982312484261,0.06636929713475734,0.006636929713475734,30.677528381347656,-8.513361930847168,29.277529048873983,-9.913361980765295,9559.43359375,208.64588928222656,28,3173.27685546875,3.2928041972973796,2.0,0.5186465854828344,3.7977514368522365,16341,25.78789547763295,1.0379204978077572,4534.5927734375,0.2774978748814332,16442,25.142926651258975,0.9807682532669816,-2358.8076171875,-0.14346232922926044
HMA 55_two_confirm_fixed_10_MAexit34,HMA,55,two_confirm,fixed_10,ma_close,,34,32739,32738,7484,25254,1,22.86028468446454,270440.0,223988.0,259962.421875,259343.609375,26190.404296875,19642.80078125,618.7862548828125,1.0023860719047264,0.01890116240707473,0.0018901162407074731,36.13575744628906,-8.869406700134277,34.73575920296633,-10.269407197869645,10495.28125,233.27789306640625,40,1616.13330078125,4.213421711772252,2.0,0.13211812446232052,1.2176137326743905,16324,23.168341092869397,1.0190854047675724,2450.39453125,0.15010993207853468,16414,22.553917387595952,0.986013328514485,-1831.6064453125,-0.11158806173464725
HMA 55_two_confirm_fixed_10_MAexit55,HMA,55,two_confirm,fixed_10,ma_close,,55,32818,32817,6434,26383,1,19.60569217174026,286248.0,238518.0,277240.375,275454.25,26253.60546875,19690.201171875,1786.1854248046875,1.0064842891333134,0.054428662729825626,0.005442866272982563,44.489898681640625,-9.040594100952148,43.089893534348775,-10.440596217261115,12564.91796875,132.67417907714844,39,2782.83349609375,5.366425937776152,3.0,0.33854839284217336,3.818189402629165,16364,19.7934490344659,1.0386961273917974,5288.39453125,0.3231724841878514,16453,19.41895095119431,0.9747659163907499,-3502.207275390625,-0.2128613186282517
HMA 55_two_confirm_candle_RR2,HMA,55,two_confirm,candle,fixed_RR,2,,31194,31193,10966,20227,1,35.15532330971693,268328.0,249609.0,205202.1875,229755.546875,23773.337890625,17830.001953125,-24553.345703125,0.8931326807602238,-0.7871428109872407,-0.07871428109872407,24.469085693359375,-12.340386390686035,18.712583211745393,-11.358854346912542,24745.365234375,2076.794189453125,19,-23553.84765625,3.1414419901901067,2.0,-9.65954420250334,-118.46371790923841,15588,35.7133692584039,0.9134387271601137,-9868.072265625,-0.6330557008997305,15605,34.59788529317526,0.8731344552833501,-14685.2734375,-0.9410620594360782
HMA 55_two_confirm_candle_RR3,HMA,55,two_confirm,candle,fixed_RR,3,,30145,30144,8086,22058,1,26.82457537154989,295110.0,272300.0,232083.390625,250373.8125,23023.1015625,17267.32421875,-18290.431640625,0.926947544184558,-0.6067685655727508,-0.06067685655727508,36.49641418457031,-12.344727516174316,28.70187863282216,-11.350703259588357,18280.263671875,1847.678955078125,34,-17290.900390625,4.432291666666667,3.0,-5.9271118413134785,-93.27221470458184,15070,27.053749170537493,0.9362601580267754,-7964.5615234375,-0.5285044142957863,15074,26.59546238556455,0.9176694454196422,-10325.8701171875,-0.6850119488647671
HMA 55_two_confirm_candle_RR4,HMA,55,two_confirm,candle,fixed_RR,4,,28953,28952,6274,22678,1,21.670350925670075,303924.0,279993.0,242757.25,257366.59375,22165.3359375,16624.001953125,-14609.341796875,0.9432352756543408,-0.504605616084381,-0.050460561608438106,48.44182205200195,-12.34645938873291,38.692580490914885,-11.348734180703765,14633.9990234375,1428.7906494140625,34,-13609.7763671875,5.715183752417795,3.0,-4.15938125998922,-76.93487104545208,14460,21.894882434301522,0.9541538909901184,-5884.421875,-0.40694480463347166,14492,21.446315208390835,0.9323729232517686,-8724.9189453125,-0.6020507138636834
HMA 55_two_confirm_candle_RR5,HMA,55,two_confirm,candle,fixed_RR,5,,27724,27723,5040,22683,1,18.17985066551239,303565.0,280113.0,245354.53125,257414.859375,21274.474609375,15955.8564453125,-12060.3359375,0.9531482830700515,-0.435029972856473,-0.0435029972856473,60.23115158081055,-12.349027633666992,48.68145461309524,-11.348360418595425,12628.6015625,805.4672241210938,51,-11060.7412109375,7.016953432168235,3.0,-3.1253904221689726,-64.90919394642052,13839,18.375605173784233,0.9641699337869174,-4599.583984375,-0.3323638979966038,13884,17.984730625180063,0.9421838326676941,-7460.751953125,-0.5373632925039614
HMA 55_two_confirm_candle_RR6,HMA,55,two_confirm,candle,fixed_RR,6,,26520,26519,4162,22357,1,15.69440778309891,299556.0,275934.0,244192.921875,253736.953125,20396.58203125,15297.435546875,-9544.0244140625,0.9623861202223144,-0.3598938275976658,-0.03598938275976658,71.97405242919922,-12.342174530029297,58.67201390557425,-11.34932920897258,11639.9384765625,397.0769348144531,51,-8544.263671875,8.292884347071912,3.0,-2.2990354720468686,-52.48519727598857,13295,15.968409176382098,0.9807490041389724,-2444.619140625,-0.18387507639150055,13224,15.418935269207502,0.9439890917522834,-7099.404296875,-0.5368575542101482
HMA 55_two_confirm_candle_MAexit9,HMA,55,two_confirm,candle,ma_close,,9,32392,32391,9167,23224,1,28.301071285233554,223984.0,194483.0,188279.5,202410.5625,24630.3671875,18472.77734375,-14131.0703125,0.9301861408541859,-0.4362653302614924,-0.04362653302614924,24.43372917175293,-8.374224662780762,20.538834951456312,-8.715577096968653,14123.515625,1423.611083984375,26,-13131.4248046875,2.46247414405236,2.0,-4.829184020792963,-19.139942710300947,16178,28.77364321918655,0.9546919071344044,-4543.326171875,-0.2808336118107924,16213,27.829519521371736,0.9061261730690591,-9587.744140625,-0.5913615087044347
HMA 55_two_confirm_candle_MAexit21,HMA,55,two_confirm,candle,ma_close,,21,32290,32289,8777,23512,1,27.182631856050048,267632.0,217707.0,230259.75,220890.921875,24548.63671875,18411.4765625,9368.8125,1.0424138214711318,0.2901549289231627,0.02901549289231627,30.49242401123047,-9.2593994140625,26.23444798906232,-9.3948163437819,6613.1689453125,154.85723876953125,31,10367.8203125,3.468487720276255,2.0,2.151585577349771,13.850508814383836,16120,27.49379652605459,1.0901853544643192,9869.0244140625,0.6122223581924627,16169,26.872410167604677,0.9955122090036188,-500.209716796875,-0.030936342185470655
HMA 55_two_confirm_candle_MAexit34,HMA,55,two_confirm,candle,ma_close,,34,32250,32249,7992,24257,1,24.782163788024437,287592.0,238714.0,247152.265625,238245.3125,24521.10546875,18390.828125,8906.9658203125,1.0373856384897395,0.2761935508174672,0.027619355081746722,35.9849853515625,-9.841035842895508,30.924958161286288,-9.821713835181598,7823.4677734375,136.8224334716797,40,9906.046875,4.510248379794723,3.0,1.8408035659466222,14.432324105226211,16101,25.079187628097632,1.0693675727464222,8211.41015625,0.5099937989100056,16148,24.4860044587565,1.0058025797237995,695.555419921875,0.04307378126838463
HMA 55_two_confirm_candle_MAexit55,HMA,55,two_confirm,candle,ma_close,,55,32391,32390,6952,25438,1,21.463414634146343,307776.0,257215.0,265094.40625,254549.5625,24629.8984375,18472.423828125,10544.8427734375,1.0414255033339528,0.32555859133799014,0.03255585913379901,44.271575927734375,-10.11144733428955,38.132106767836596,-10.00666571664439,9580.9951171875,142.89608764648438,35,11544.6357421875,5.812812596480395,3.0,1.9386262879030058,18.13053836810761,16178,21.714674248980096,1.090421191509768,11457.65234375,0.7082242764093213,16212,21.2126819639773,0.9928594590716343,-912.810791015625,-0.05630463798517302
HMA 84_one_break_fixed_6_RR2,HMA,84,one_break,fixed_6,fixed_RR,2,,37779,37779,11236,26543,0,29.741390719712008,134832.0,159258.0,198502.625,327363.65625,50371.99609375,37779.0,-128861.015625,0.6063673263974305,-3.410916531009291,-0.3410916531009291,12.0,-6.0,17.666662958348166,-12.33333294088837,128945.0625,12758.416015625,27,-127899.0703125,1.444823843934461,1.0,-48.344234925480166,0.0,18890,29.67178401270513,0.6043494111789552,-64826.67578125,-3.4317986120301747,18889,29.811001111758166,0.6083892555562213,-64034.34375,-3.390033551273228
HMA 84_one_break_fixed_6_RR3,HMA,84,one_break,fixed_6,fixed_RR,3,,37725,37725,10477,27248,0,27.772034459907225,188586.0,163488.0,289863.59375,336058.65625,50299.99609375,37725.0,-46195.015625,0.8625386918596893,-1.2245199635520212,-0.12245199635520213,18.0,-6.0,27.66665970697719,-12.333332951042278,46260.73828125,4475.40185546875,36,-45197.03125,1.7450231941683234,1.0,-13.275900373734663,0.0,18860,27.735949098621422,0.8609877796848135,-23366.67578125,-1.2389541771606574,18865,27.808110257089847,0.8640907429164655,-22828.341796875,-1.210089679134641
HMA 84_one_break_fixed_6_RR4,HMA,84,one_break,fixed_6,fixed_RR,4,,37569,37569,8403,29166,0,22.36684500519045,201672.0,174996.0,316513.0,359714.0,50091.99609375,37569.0,-43200.984375,0.8799018108830905,-1.1499104148367005,-0.11499104148367005,24.0,-6.0,37.666666666666664,-12.333333333333334,43321.51171875,4243.046875,36,-42204.109375,1.8649684580372115,1.0,-10.69751361570263,0.0,18777,22.453001011876232,0.8842725816249593,-20782.990234375,-1.1068323073108057,18792,22.280757769263516,0.87554444696194,-22417.990234375,-1.192953929032301
HMA 84_one_break_fixed_6_RR5,HMA,84,one_break,fixed_6,fixed_RR,5,,37352,37352,6987,30365,0,18.70582565859927,209610.0,182190.0,333047.0,374501.625,49802.6640625,37352.0,-41454.65234375,0.8893072226322115,-1.1098375547159456,-0.11098375547159456,30.0,-6.0,47.666666666666664,-12.33333196113947,41681.421875,4032.38525390625,54,-40461.3515625,2.2276451060184193,1.0,-9.167416645470011,-224913876.68562683,18670,18.735940010712373,0.8910689956816116,-20383.326171875,-1.0917689433248527,18682,18.67573064982336,0.887547884733088,-21071.326171875,-1.1278945601046462
HMA 84_one_break_fixed_6_RR6,HMA,84,one_break,fixed_6,fixed_RR,6,,37122,37122,6003,31119,0,16.171003717472118,216108.0,186714.0,346173.03125,383800.96875,49495.99609375,37122.0,-37627.9921875,0.9019597641388184,-1.013630520648133,-0.1013630520648133,36.0,-6.0,57.66667187239713,-12.333332329123687,37887.375,3836.048583984375,54,-36630.26171875,2.5586714077905284,1.0,-7.577600221476564,-204783645.74217492,18561,16.22218630461721,0.905367320475289,-18148.99609375,-0.9778027096465708,18561,16.11982113032703,0.8985563664799705,-19478.99609375,-1.0494583316496957
HMA 84_one_break_fixed_6_MAexit9,HMA,84,one_break,fixed_6,ma_close,,9,37779,37779,7799,29980,0,20.643743878874506,190624.0,159588.0,299509.0,335933.3125,50371.99609375,37779.0,-36424.33203125,0.8915727879770781,-0.9641423021056672,-0.09641423021056672,24.442108154296875,-5.323148727416992,38.40351327093217,-11.205247248165444,36589.15234375,3528.36572265625,35,-35428.40234375,2.147039360491278,1.0,-7.889026001684157,-59.23613919166618,18890,20.704076230809953,0.8995344047342771,-16883.33203125,-0.8937708857199577,18889,20.58340833289216,0.8836029961089747,-19541.0,-1.0345174440150353
HMA 84_one_break_fixed_6_MAexit21,HMA,84,one_break,fixed_6,ma_close,,21,37694,37694,7271,30423,0,19.28954210219133,214464.0,167628.0,340474.3125,350367.0,50258.6640625,37694.0,-9892.66796875,0.971764785210936,-0.26244675462275163,-0.026244675462275165,29.495805740356445,-5.5099101066589355,46.826339224315774,-11.516517108766394,16568.353515625,1225.1815185546875,39,-8890.328125,2.646362816363347,1.0,-1.5910185338778393,-18.60452198290347,18847,19.324030349657768,0.9943433851614487,-989.6669921875,-0.05251058482450788,18847,19.255053854724892,0.9492442380533885,-8903.0009765625,-0.4723829244209954
HMA 84_one_break_fixed_6_MAexit34,HMA,84,one_break,fixed_6,ma_close,,34,37634,37634,7246,30388,0,19.253866184832862,217960.0,171744.0,346359.3125,357145.3125,50178.6640625,37634.0,-10785.998046875,0.9697994076290726,-0.28660248835826646,-0.028660248835826647,30.08004379272461,-5.651704788208008,47.800070728677895,-11.75284034816375,16880.033203125,1264.0557861328125,54,-9783.408203125,3.0486262422277726,1.0,-1.5893839090806516,-23.777043032854685,18810,19.314194577352474,1.0087864828410067,1566.666015625,0.08328899604598618,18824,19.19358266043349,0.9309298195538686,-12352.666015625,-0.656218976605663
HMA 84_one_break_fixed_6_MAexit55,HMA,84,one_break,fixed_6,ma_close,,55,37639,37639,6557,31082,0,17.42076038151917,221816.0,176418.0,354393.6875,366554.65625,50185.328125,37639.0,-12161.001953125,0.966823586762172,-0.3230957770696618,-0.03230957770696618,33.82888412475586,-5.675889492034912,54.04814511209395,-11.793148968856572,20344.623046875,1401.8643798828125,54,-11158.0810546875,3.66210579452164,1.0,-1.6197570028063533,-27.72924628237001,18816,17.336309523809522,1.0100487821504194,1842.66552734375,0.09793077845151732,18823,17.505179833182808,0.9235532318950552,-14003.66796875,-0.7439657848775434
HMA 84_one_break_fixed_6_MAexit84,HMA,84,one_break,fixed_6,ma_close,,84,37779,37778,4771,33007,1,12.62904335856848,233504.0,186414.0,378041.0,387706.3125,50370.6640625,37778.0,-9665.341796875,0.9750705309963196,-0.2558457778832919,-0.025584577788329187,48.942359924316406,-5.647711277008057,79.2372668203731,-11.746184521465144,21838.6015625,1096.3486328125,66,-8664.35546875,4.664619619884589,1.0,-1.1469643673837857,-21.15257753339513,18890,12.70513499205929,1.036198084464241,7009.99560546875,0.3710955852550953,18888,12.552943667937313,0.9140667764001772,-16675.3359375,-0.8828534486181703
HMA 84_one_break_fixed_8_RR2,HMA,84,one_break,fixed_8,fixed_RR,2,,37779,37779,13377,24402,0,35.40856031128405,214032.0,195216.0,244130.25,286723.5,37779.0,28334.25,-42593.25,0.8514483465778006,-1.127431906614786,-0.1127431906614786,16.0,-8.0,18.25,-11.75,42674.0,4086.5693359375,21,-41593.25,1.5162391804971016,2.0,-15.273996019153923,0.0,18890,35.23028057173108,0.8448295350798634,-22307.5,-1.1809158284806776,18889,35.58684948912065,0.8581041498717319,-20285.75,-1.0739451532638042
HMA 84_one_break_fixed_8_RR3,HMA,84,one_break,fixed_8,fixed_RR,3,,37526,37526,10211,27315,0,27.21046740926291,245064.0,218520.0,288460.75,320951.25,37526.0,28144.5,-32490.5,0.898768115095361,-0.8658130362948355,-0.08658130362948355,24.0,-8.0,28.25,-11.75,32573.0,3089.6845703125,28,-31490.5,2.0203325694185366,2.0,-9.421667607546963,0.0,18762,27.107984223430336,0.8941241995606529,-17013.5,-0.9068063106278649,18764,27.31293967171179,0.9034246286852627,-15477.0,-0.8248241313152845
HMA 84_one_break_fixed_8_RR4,HMA,84,one_break,fixed_8,fixed_RR,4,,37176,37176,8192,28984,0,22.035721971164193,262144.0,231872.0,313344.0,340562.0,37176.0,27882.0,-27218.0,0.9200791632654259,-0.7321390144179041,-0.07321390144179041,32.0,-8.0,38.25,-11.75,27409.75,2504.88916015625,54,-26218.0,2.5230525069937593,2.0,-6.811509851297096,0.0,18587,22.031527411631785,0.9198545345634569,-13647.25,-0.7342362941841072,18589,22.0399160794018,0.9203037919673951,-13570.75,-0.7300419602991016
HMA 84_one_break_fixed_8_RR5,HMA,84,one_break,fixed_8,fixed_RR,5,,36771,36771,6791,29980,0,18.468358217073234,271640.0,239840.0,327665.75,352265.0,36771.0,27578.25,-24599.25,0.9301683391764722,-0.6689850697560578,-0.06689850697560577,40.0,-8.0,48.25,-11.75,24752.75,2304.18896484375,54,-23599.25,3.0285279160207774,2.0,-5.509861533426734,0.0,18398,18.50744646157191,0.9325841421031943,-11876.5,-0.645532123056854,18373,18.42921678550046,0.9277515690903748,-12722.75,-0.6924699286997225
HMA 84_one_break_fixed_8_RR6,HMA,84,one_break,fixed_8,fixed_RR,6,,36278,36278,5790,30488,0,15.960086002535972,277920.0,243904.0,337267.5,358234.0,36278.0,27208.5,-20966.5,0.94147261287315,-0.5779397982248194,-0.057793979822481946,48.0,-8.0,58.25,-11.75,21103.75,1994.6834716796875,55,-19966.5,3.530018192844148,2.0,-4.293839882024495,0.0,18156,15.99471249173827,0.9439041130287761,-10053.0,-0.5537012557832122,18122,15.925394548063126,0.9390385592912642,-10913.5,-0.6022238163558106
HMA 84_one_break_fixed_8_MAexit9,HMA,84,one_break,fixed_8,ma_close,,9,37779,37779,9282,28497,0,24.569205113952194,226896.0,195240.0,267376.5,293919.75,37779.0,28334.25,-26543.25,0.909692186387611,-0.7025927102358454,-0.07025927102358454,24.444732666015625,-6.851247310638428,28.805914673561734,-10.314059374671018,26624.0,2505.788330078125,29,-25543.25,2.3460123348950477,2.0,-6.864968648567402,-38.94222970477267,18890,24.542085759661198,0.9139309342847153,-12677.5,-0.6711222869242985,18889,24.596325903965273,0.9054340913314726,-13865.75,-0.7340647996188258
HMA 84_one_break_fixed_8_MAexit21,HMA,84,one_break,fixed_8,ma_close,,21,37679,37679,8717,28962,0,23.134902730964196,256008.0,207336.0,304755.25,309853.5,37679.0,28259.25,-5098.25,0.9835462565373636,-0.13530746569707264,-0.013530746569707264,29.368820190429688,-7.158897876739502,34.96102443501204,-10.69862233271183,12594.5,625.3316650390625,39,-4098.25,2.9482735741394412,2.0,-0.9978063726205901,-8.56276346681939,18841,23.135714664826708,1.0041181803224215,638.25,0.033875590467597264,18838,23.13409066779913,0.9629592561503196,-5736.5,-0.30451746469901264
HMA 84_one_break_fixed_8_MAexit34,HMA,84,one_break,fixed_8,ma_close,,34,37601,37601,8719,28882,0,23.188213079439375,262576.0,213728.0,312961.75,317703.5,37601.0,28200.75,-4741.75,0.9850749204840362,-0.1261070184303609,-0.01261070184303609,30.115379333496094,-7.400041580200195,35.894225255189816,-11.000051935461533,12660.75,569.7482299804688,54,-3741.75,3.459402675460759,1.0,-0.8495925499167585,-9.284345532351011,18797,23.216470713411717,1.0207473190295777,3295.25,0.17530722987710806,18804,23.159965964688364,0.9494132993864702,-8037.0,-0.42740906190172306
HMA 84_one_break_fixed_8_MAexit55,HMA,84,one_break,fixed_8,ma_close,,55,37607,37607,7884,29723,0,20.964182200122316,268752.0,221168.0,322143.0,328475.25,37607.0,28205.25,-6332.25,0.9807222918621723,-0.1683795569973675,-0.01683795569973675,34.088279724121094,-7.440971851348877,40.8603500761035,-11.051214547656697,16081.75,658.33544921875,54,-5332.25,4.228813784667748,1.0,-1.0221350410869527,-12.808018360183626,18802,20.88607594936709,1.0164039390137256,2696.5,0.14341559408573556,18805,21.042275990428077,0.9449781832364377,-9028.75,-0.48012496676415845
HMA 84_one_break_fixed_8_MAexit84,HMA,84,one_break,fixed_8,ma_close,,84,37779,37778,5861,31917,1,15.514320503997038,284360.0,236064.0,345193.25,350934.75,37778.0,28333.5,-5741.5,0.983639408750487,-0.1519799883530097,-0.015197998835300968,48.51731872558594,-7.396183967590332,58.8966473298072,-10.995229814832221,17798.0,463.24310302734375,61,-4741.5,5.4707237016252845,2.0,-0.826204605040948,-11.182519316408829,18890,15.56379036527263,1.035021451886483,6142.5,0.32517204870301747,18888,15.464845404489624,0.9323011981446062,-11884.0,-0.6291825497670479
HMA 84_one_break_fixed_10_RR2,HMA,84,one_break,fixed_10,fixed_RR,2,,36142,36142,12912,23230,0,35.72574843672182,258240.0,232300.0,240163.21875,264822.0,28913.60546875,21685.197265625,-24658.818359375,0.906885450415751,-0.6822759769623983,-0.06822759769623983,20.0,-10.0,18.600001452137548,-11.4,24734.505859375,2361.5146484375,18,-23668.505859375,2.2911017652592554,3.0,-9.022683277445624,-136008505.1759451,18054,35.6153760939404,0.9025338317255386,-12915.607421875,-0.7153875829109893,18088,35.8359133126935,0.9112438292257035,-11743.2080078125,-0.6492264489060426
HMA 84_one_break_fixed_10_RR3,HMA,84,one_break,fixed_10,fixed_RR,3,,35225,35225,9506,25719,0,26.98651525904897,285180.0,257190.0,271871.625,293196.5625,28180.0,21134.99609375,-21325.017578125,0.9272674368411123,-0.6053943954045422,-0.060539439540454223,30.0,-10.0,28.600002629917945,-11.399998541933979,21501.537109375,2008.36328125,37,-20331.765625,3.0097657913413767,3.0,-6.399248636479342,-59570855.12768302,17596,26.93225733121164,0.924715893645369,-11034.4091796875,-0.6270975892070642,17629,27.040671620625105,0.9298179881446453,-10290.609375,-0.5837318835441602
HMA 84_one_break_fixed_10_RR4,HMA,84,one_break,fixed_10,fixed_RR,4,,34428,34428,7499,26929,0,21.78168932264436,299960.0,269290.0,289461.40625,306990.59375,27542.404296875,20656.80078125,-17529.205078125,0.942899919877431,-0.5091554861776751,-0.050915548617767516,40.0,-10.0,38.60000083344446,-11.399999767908204,17689.869140625,1688.9315185546875,37,-16532.685546875,3.7368711513884048,3.0,-4.57758397503486,-99061810.25282657,17220,21.823461091753774,0.9452129104460288,-8408.0029296875,-0.4882696242559524,17208,21.739888423988845,0.9405877936472186,-9121.2021484375,-0.5300559128566655
HMA 84_one_break_fixed_10_RR5,HMA,84,one_break,fixed_10,fixed_RR,5,,33627,33627,6175,27452,0,18.36322003152229,308750.0,274520.0,300105.0,312952.75,26901.603515625,20176.19921875,-12847.8046875,0.9589466780528371,-0.38206812048354,-0.038206812048354,50.0,-10.0,48.6,-11.399998178639079,12966.6328125,1260.36474609375,43,-11847.8525390625,4.650399976209593,3.0,-3.015895136776795,-24488575.91442191,16814,18.353752825026763,0.9583410377130552,-6519.6025390625,-0.38774845599277385,16813,18.372687801106284,0.9595523033487366,-6328.20166015625,-0.3763874180786445
HMA 84_one_break_fixed_10_RR6,HMA,84,one_break,fixed_10,fixed_RR,6,,32765,32765,5187,27578,0,15.830917137189074,311220.0,275780.0,303958.1875,314389.1875,26212.00390625,19659.0,-10430.998046875,0.9668213780411898,-0.31835794435754616,-0.031835794435754614,60.0,-10.0,58.59999759012917,-11.399999546740155,11092.50390625,758.6322631835938,43,-9430.3525390625,5.405890431863269,3.0,-2.255243201743921,-60425561.03382311,16379,15.837352707735514,0.9672884094076323,-5140.599609375,-0.31385308073600343,16386,15.824484315879408,0.9663548162584072,-5290.39892578125,-0.3228609133273068
HMA 84_one_break_fixed_10_MAexit9,HMA,84,one_break,fixed_10,ma_close,,9,37779,37779,10322,27457,0,27.322057227560286,252184.0,216676.0,237733.234375,255115.8125,30223.201171875,22667.3984375,-17382.6171875,0.9318639720734676,-0.4601132160062469,-0.04601132160062469,24.431699752807617,-7.8914666175842285,23.031702613350127,-9.291467112211823,17504.80859375,1679.924072265625,27,-16384.251953125,2.492495831017232,2.0,-5.25149807523025,-24.74095757524418,18890,27.321334039174168,0.9363425978934916,-8144.0087890625,-0.4311280460064849,18889,27.32278045423262,0.9273588729270011,-9238.609375,-0.48909997220604584
HMA 84_one_break_fixed_10_MAexit21,HMA,84,one_break,fixed_10,ma_close,,21,37107,37107,9672,27435,0,26.065162907268167,283784.0,230894.0,270243.1875,269303.0,29685.603515625,22264.19921875,940.179931640625,1.003491188364036,0.025336996567780337,0.002533699656778034,29.340778350830078,-8.416037559509277,27.94077620967742,-9.81603790778203,8651.994140625,336.3775634765625,27,1941.7777099609375,3.2700299134934108,2.0,0.21720169391492875,1.499953780096315,18553,26.028135611491404,1.0187064853851349,2523.7890625,0.1360313190589123,18554,26.102188207394633,0.9882162042248658,-1583.6107177734375,-0.08535144539039763
HMA 84_one_break_fixed_10_MAexit34,HMA,84,one_break,fixed_10,ma_close,,34,36848,36848,9721,27127,0,26.381350412505427,291304.0,239374.0,277694.625,277351.8125,29478.40234375,22108.798828125,342.77978515625,1.0012360204063926,0.009302534334461843,0.0009302534334461844,29.96646499633789,-8.824197769165039,28.566466927270856,-10.224197755004239,9629.048828125,264.9226989746094,32,1344.415771484375,3.913455275727312,2.0,0.0726119728164108,0.6260645909935818,18403,26.381568222572405,1.0256226974630664,3553.78955078125,0.19310925125149433,18445,26.38113309840065,0.9768416262710313,-3211.010986328125,-0.17408571354449037
HMA 84_one_break_fixed_10_MAexit55,HMA,84,one_break,fixed_10,ma_close,,55,36896,36896,8871,28025,0,24.04325672159584,301920.0,249804.0,289500.625,289039.0,29516.802734375,22137.59765625,461.57861328125,1.0015971028131152,0.012510261634899447,0.0012510261634899448,34.03449630737305,-8.913613319396973,32.63449723819186,-10.313612845673505,11174.7333984375,341.50830078125,32,1462.6549072265625,4.852070685169124,2.0,0.08788975395671342,0.8694913794021397,18448,23.964657415437987,1.0270636760114924,3916.7900390625,0.21231515823192215,18448,24.121856027753687,0.976057611666291,-3455.210693359375,-0.18729459526015693
HMA 84_one_break_fixed_10_MAexit84,HMA,84,one_break,fixed_10,ma_close,,84,37776,37775,6692,31083,1,17.715420251489082,325832.0,270756.0,316463.1875,314272.21875,30220.001953125,22665.0,2190.9833984375,1.0069715635658616,0.05800088414129716,0.005800088414129716,48.68977737426758,-8.710741996765137,47.289776972504484,-10.110742809574365,11987.18359375,284.8898010253906,45,3188.0517578125,6.257763070814031,2.0,0.36732426921019445,3.987681614896849,18888,17.736128759000426,1.046244303553464,7260.7900390625,0.3844128567906872,18887,17.69471064753534,0.9677622040785181,-5069.80859375,-0.26842847428125166
HMA 84_one_break_candle_RR2,HMA,84,one_break,candle,fixed_RR,2,,31610,31610,11232,20378,0,35.53305915849415,342220.0,314099.0,212833.765625,224869.8125,18797.734375,14098.30078125,-12036.0380859375,0.9464754884562373,-0.38076678538239483,-0.03807667853823948,30.468305587768555,-15.4136323928833,18.948875144675927,-11.034930439689862,12162.6044921875,1099.1845703125,17,-11036.830078125,4.446852261942423,3.0,-4.715536375722994,-170.55621043142494,15816,35.75493171471928,0.9553270743121063,-5009.69287109375,-0.3167484111718355,15794,35.31087754843612,0.9376701148072668,-7026.34521484375,-0.4448743329646543
HMA 84_one_break_candle_RR3,HMA,84,one_break,candle,fixed_RR,3,,29753,29753,8061,21692,0,27.093066245420626,364692.0,331914.0,233256.25,239554.140625,17833.083984375,13374.8134765625,-6297.8994140625,0.9737099487883252,-0.2116727528001378,-0.021167275280013782,45.24153518676758,-15.301217079162598,28.936391266592235,-11.043432630693344,7557.828125,356.8785095214844,28,-5298.0048828125,6.343393943467886,4.0,-2.054305207519186,-91.50636946639489,14844,27.324171382376715,0.9848394544768595,-1806.4285888671875,-0.12169419218992102,14909,26.86296867663827,0.9626957840472047,-4491.47216796875,-0.30125911650471193
HMA 84_one_break_candle_RR4,HMA,84,one_break,candle,fixed_RR,4,,27974,27974,6098,21876,0,21.79881318367055,366200.0,333301.0,237399.296875,241695.703125,16832.232421875,12624.173828125,-4296.40869140625,0.9822239030547515,-0.15358578292007757,-0.015358578292007758,60.05247497558594,-15.235920906066895,38.930681678419155,-11.048441356966539,6923.55810546875,330.026123046875,25,-3296.28564453125,8.19171373418174,4.0,-1.2446117436879844,-64.18199166292895,13958,21.9014185413383,0.9877655661216775,-1473.8193359375,-0.1055895784451569,14016,21.696632420091326,0.9767171858426014,-2822.589599609375,-0.20138339038308897
HMA 84_one_break_candle_RR5,HMA,84,one_break,candle,fixed_RR,5,,26300,26299,4787,21512,1,18.202213011901595,359155.0,326777.0,234226.40625,237751.015625,15859.7822265625,11894.8369140625,-3524.62255859375,0.9851752079134782,-0.13402116272838321,-0.013402116272838322,75.02716064453125,-15.190451622009277,48.92968586797577,-11.052018204955374,5742.623046875,350.24603271484375,31,-2524.442138671875,10.07563025210084,4.0,-0.9389131749705328,-54.163572975187066,13127,18.5267006932277,1.0063898637543558,755.5120849609375,0.05755405537906129,13172,17.878833890069846,0.9641873157583994,-4280.1357421875,-0.32494197860518526
HMA 84_one_break_candle_RR6,HMA,84,one_break,candle,fixed_RR,6,,24615,24614,3866,20748,1,15.706508491102625,345552.0,315323.0,227784.5625,229298.71875,14853.8037109375,11140.353515625,-1514.162353515625,0.9933965777992382,-0.06151630590377935,-0.006151630590377935,89.38230895996094,-15.19775390625,58.919959260217276,-11.051605877674957,5552.4951171875,193.1992645263672,45,-514.0999755859375,12.06317542861786,4.0,-0.37902542959911756,-24.045223428733316,12199,16.140667267808837,1.025880127810572,2926.52685546875,0.23989891429369212,12415,15.279903342730568,0.9617902764747845,-4440.68994140625,-0.35768747010924284
HMA 84_one_break_candle_MAexit9,HMA,84,one_break,candle,ma_close,,9,37581,37581,11506,26075,0,30.616534951172135,281088.0,242340.0,183952.78125,192158.5625,21472.44921875,16104.337890625,-8205.8037109375,0.9572968222532369,-0.2183497967307283,-0.02183497967307283,24.429689407348633,-9.293959617614746,15.987552689900921,-7.369455896452541,8227.5576171875,811.2783203125,27,-7205.7255859375,2.705037119821186,2.0,-3.1718238913137697,-10.748677292020824,18804,30.700914699000215,0.9649959564205284,-3382.8759765625,-0.17990193451193895,18777,30.532033871225433,0.9495066648159765,-4822.92724609375,-0.2568529182560446
HMA 84_one_break_candle_MAexit21,HMA,84,one_break,candle,ma_close,,21,36796,36796,11003,25793,0,29.902706815958258,319880.0,260878.0,217543.15625,206562.90625,21143.578125,15857.68359375,10980.2412109375,1.0531569302511206,0.29840855557499457,0.029840855557499456,29.072071075439453,-10.11429500579834,19.771258406798147,-8.008487041057652,3878.4990234375,84.57339477539062,27,11979.0263671875,3.603326448527014,3.0,3.0080859759336263,15.124525450480434,18390,29.9347471451876,1.0731878925590803,7585.32275390625,0.41246997030485316,18406,29.87069433880257,1.0329856862389075,3394.919921875,0.18444637193714006
HMA 84_one_break_candle_MAexit34,HMA,84,one_break,candle,ma_close,,34,36329,36329,11198,25131,0,30.823859726389387,330576.0,274586.0,226992.9375,216735.328125,20950.2890625,15712.7158203125,10257.6123046875,1.0473278143611364,0.28235327987799,0.028235327987799003,29.520986557006836,-10.926186561584473,20.270846356492232,-8.624222200668497,4165.76171875,121.01014709472656,31,11256.51171875,4.4040298384210965,2.0,2.5052094015464563,15.256739739652502,18149,30.94385365584881,1.0777680970149521,8450.2626953125,0.465604865023555,18180,30.704070407040707,1.0167230412064248,1807.3497314453125,0.0994141766471569
HMA 84_one_break_candle_MAexit55,HMA,84,one_break,candle,ma_close,,55,36257,36257,10318,25939,0,28.45795294701713,350808.0,292898.0,237851.71875,227947.390625,20920.916015625,15690.6875,9904.3271484375,1.0434500614279625,0.273170067805872,0.0273170067805872,33.999610900878906,-11.291799545288086,23.05211462977321,-8.787824920968426,5247.82275390625,164.86773681640625,32,10903.18359375,5.651350084121687,2.0,2.207395017880877,15.08934446417991,18120,28.504415011037526,1.0791440865086446,9040.501953125,0.49892394884795804,18137,28.411534432375806,1.0075961682665657,863.823974609375,0.04762772093562193
HMA 84_one_break_candle_MAexit84,HMA,84,one_break,candle,ma_close,,84,37777,37776,7889,29887,1,20.883629817873782,387872.0,323644.0,258860.546875,248111.3125,21556.53515625,16167.40234375,10749.23046875,1.0433242413120523,0.2845518442595828,0.02845518442595828,49.16617965698242,-10.828922271728516,32.812846606033716,-8.301646618931308,6083.6533203125,114.67617797851562,34,11747.8671875,7.338971833968658,3.0,2.1827139789920182,16.04827901912353,18888,21.00804743752647,1.0832754153296626,10310.91015625,0.5458974034439856,18888,20.759212198221093,1.00352652917146,438.32177734375,0.02320636262938109
HMA 84_two_confirm_fixed_6_RR2,HMA,84,two_confirm,fixed_6,fixed_RR,2,,26142,26142,7812,18330,0,29.88294698186826,93744.0,109980.0,138011.953125,226070.015625,34855.99609375,26142.0,-88058.015625,0.6104832290272905,-3.3684498364700484,-0.3368449836470048,12.0,-6.0,17.66666066628264,-12.333334185761048,88049.2109375,8914.87109375,25,-87061.546875,1.442009027618392,1.0,-39.66018599759259,-571083239.1954087,13037,30.167983431771113,0.6188219019213644,-42799.67578125,-3.2829390029339574,13105,29.59938954597482,0.6022548915946551,-45258.34375,-3.4535172644028997
HMA 84_two_confirm_fixed_6_RR3,HMA,84,two_confirm,fixed_6,fixed_RR,3,,26136,26136,7263,18873,0,27.789256198347108,130734.0,113238.0,200942.9375,232767.015625,34847.99609375,26136.0,-31824.015625,0.8632792621430939,-1.217631451828895,-0.12176314518288951,18.0,-6.0,27.666658061407134,-12.333334161235628,31917.138671875,3012.946044921875,25,-30830.48046875,1.7419651056014693,1.0,-10.985911743424808,-206412186.45215395,13034,28.14945527083014,0.8788528088135088,-13992.673828125,-1.0735517744456806,13102,27.430926576095256,0.8479399417613527,-17831.33984375,-1.3609631997977407
HMA 84_two_confirm_fixed_6_RR4,HMA,84,two_confirm,fixed_6,fixed_RR,4,,26123,26123,5873,20250,0,22.482103893121007,140952.0,121500.0,221216.3125,249750.015625,34830.6640625,26123.0,-28533.654296875,0.8857509455861521,-1.0922809132517322,-0.10922809132517322,24.0,-6.0,37.66666311935978,-12.333334104938272,28549.84765625,2890.635986328125,53,-27534.857421875,1.8607357501052713,1.0,-8.457779356514587,-185116770.0207318,13026,22.85429141716567,0.9047584528059782,-11803.994140625,-0.9061871749289881,13097,22.11193403069405,0.8670266604901397,-16729.66015625,-1.277365820894098
HMA 84_two_confirm_fixed_6_RR5,HMA,84,two_confirm,fixed_6,fixed_RR,5,,26088,26088,4950,21138,0,18.974241030358783,148500.0,126828.0,235949.984375,260702.0,34783.99609375,26088.0,-24751.990234375,0.9050562879264448,-0.9487883407840769,-0.09487883407840769,30.0,-6.0,47.66666351010101,-12.333333333333334,24739.5546875,2504.848388671875,53,-23751.888671875,2.2212128181539406,1.0,-6.513954516002042,0.0,13013,19.32682701913471,0.9259033633575504,-9593.66015625,-0.7372366215515254,13075,18.623326959847038,0.8844873261402294,-15158.328125,-1.159336759082218
HMA 84_two_confirm_fixed_6_RR6,HMA,84,two_confirm,fixed_6,fixed_RR,6,,26035,26035,4255,21780,0,16.343383906280007,153180.0,130680.0,245371.6875,268620.0,34713.328125,26035.0,-23248.32421875,0.9134527864641501,-0.892964248847705,-0.08929642488477049,36.0,-6.0,57.666671562867215,-12.333333333333334,23234.55859375,2352.4697265625,53,-22246.892578125,2.552448626848473,1.0,-5.566646987280432,0.0,12984,16.813000616142943,0.9450049791275442,-7325.99609375,-0.5642326011822243,13051,15.876178070645928,0.8824119202071614,-15922.330078125,-1.2200084344590454
HMA 84_two_confirm_fixed_6_MAexit9,HMA,84,two_confirm,fixed_6,ma_close,,9,26142,26142,5620,20522,0,21.49797261112386,130872.0,109764.0,205006.65625,230824.6875,34855.99609375,26142.0,-25818.0,0.8881487438383296,-0.987606151021345,-0.09876061510213449,23.286832809448242,-5.348601341247559,36.478052713523134,-11.24767018321801,25829.86328125,2615.240966796875,57,-24818.203125,2.0449850814780812,1.0,-6.975264827332998,-51.328779074769926,13037,21.9912556569763,0.9109276133820454,-10199.66796875,-0.7823631179527498,13105,21.00724914154903,0.865723356320993,-15618.333984375,-1.1917843559233117
HMA 84_two_confirm_fixed_6_MAexit21,HMA,84,two_confirm,fixed_6,ma_close,,21,26136,26136,5083,21053,0,19.44827058463422,154056.0,116898.0,244899.65625,243953.6875,34847.99609375,26136.0,945.99853515625,1.0038776571065358,0.03619523014831076,0.003619523014831076,30.308086395263672,-5.552557945251465,48.1801409108794,-11.587597373295967,9250.755859375,903.6885375976562,53,1945.57568359375,2.655685644322008,1.0,0.17450549190984235,2.2274457958590275,13034,19.947828755562373,1.0331444513777928,4013.99853515625,0.3079636746322119,13102,18.951305144252785,0.9750259181499039,-3068.00244140625,-0.23416290958679972
HMA 84_two_confirm_fixed_6_MAexit34,HMA,84,two_confirm,fixed_6,ma_close,,34,26124,26124,4520,21604,0,17.30209768794978,158040.0,121914.0,252853.328125,253599.34375,34831.99609375,26124.0,-746.00244140625,0.9970582903963054,-0.028556210435088426,-0.0028556210435088424,34.964603424072266,-5.643121719360352,55.94100179756637,-11.73853655573042,9714.3427734375,912.2189331054688,53,252.52423095703125,3.1966008268259074,1.0,-0.1265673435018127,-1.9514250865371279,13027,17.763107392338988,1.0345674985670628,4343.66357421875,0.3334354474720772,13097,16.84355195846377,0.9602189584908241,-5089.66796875,-0.38861326782851036
HMA 84_two_confirm_fixed_6_MAexit55,HMA,84,two_confirm,fixed_6,ma_close,,55,26126,26126,4068,22058,0,15.57069585853173,162192.0,125796.0,260828.0,261128.6875,34834.6640625,26126.0,-300.6708984375,0.9988485083623759,-0.011508493394989666,-0.0011508493394989665,39.87020492553711,-5.702964782714844,64.11701081612586,-11.838275795629704,10520.791015625,746.0951538085938,63,699.110107421875,3.8592206996861362,1.0,-0.04620082758061652,-0.8575353248280454,13028,16.096100706171324,1.0410289891883493,5317.9990234375,0.4081976530117823,13098,15.048098946404032,0.9572766808224282,-5618.669921875,-0.42897159275271035
HMA 84_two_confirm_fixed_6_MAexit84,HMA,84,two_confirm,fixed_6,ma_close,,84,26142,26142,3243,22899,0,12.405324764746386,170088.0,132270.0,275913.0,273881.0,34855.99609375,26142.0,2031.993896484375,1.0074192806364808,0.0777290909832597,0.0077729090983259695,52.44773483276367,-5.7762346267700195,85.0795559666975,-11.96039128346216,11965.9375,522.5074462890625,63,3033.466552734375,4.819983168847066,1.0,0.28037253003584783,6.632626764952482,13037,12.840377387435758,1.0627909025326463,8520.330078125,0.6535499024411291,13105,11.972529568866845,0.9530467583070538,-6488.33740234375,-0.4951039604993323
HMA 84_two_confirm_fixed_8_RR2,HMA,84,two_confirm,fixed_8,fixed_RR,2,,26142,26142,9260,16882,0,35.42192640195854,148160.0,135056.0,168995.0,198363.5,26142.0,19606.5,-29368.5,0.8519460485421966,-1.1234220794124397,-0.11234220794124397,16.0,-8.0,18.25,-11.75,29420.5,2796.62548828125,22,-28368.5,1.5132736592456584,2.0,-12.659380117585656,0.0,13037,35.667714965099336,0.8611351407573524,-13684.75,-1.0496855104702,13105,35.1774132010683,0.8428737805718007,-15683.75,-1.1967760396795117
HMA 84_two_confirm_fixed_8_RR3,HMA,84,two_confirm,fixed_8,fixed_RR,3,,26113,26113,7153,18960,0,27.392486500976528,171672.0,151680.0,202072.25,222780.0,26113.0,19584.75,-20707.75,0.9070484334320854,-0.79300539960939,-0.079300539960939,24.0,-8.0,28.25,-11.75,20696.0,2094.20703125,26,-19707.75,2.013977712250603,2.0,-7.1835323198688465,0.0,13021,27.524767682973657,0.9130921970784982,-9636.75,-0.7400929268105368,13092,27.260922700886038,0.901059249610685,-11071.0,-0.8456309196455851
HMA 84_two_confirm_fixed_8_RR4,HMA,84,two_confirm,fixed_8,fixed_RR,4,,26030,26030,5753,20277,0,22.10142143680369,184096.0,162216.0,220052.25,238254.75,26030.0,19522.5,-18202.5,0.9236006837219405,-0.699289281598156,-0.06992892815981559,32.0,-8.0,38.25,-11.75,18193.75,1835.43505859375,32,-17202.5,2.517864003073377,2.0,-5.4381239604801666,0.0,12985,22.202541393916057,0.9290323803586398,-8423.75,-0.6487293030419715,13045,22.000766577232657,0.9182079565058289,-9778.75,-0.7496167113836719
HMA 84_two_confirm_fixed_8_RR5,HMA,84,two_confirm,fixed_8,fixed_RR,5,,25903,25903,4835,21068,0,18.66579160714975,193400.0,168544.0,233288.75,247549.0,25903.0,19427.25,-14260.25,0.9423942330609294,-0.5505250357101494,-0.055052503571014946,40.0,-8.0,48.25,-11.75,14261.5,1424.3695068359375,43,-13260.25,3.016059915839864,2.0,-3.790015677160433,0.0,12919,18.840467528446474,0.953260483568218,-5758.25,-0.4457194829321155,12984,18.491990141712876,0.931628605491344,-8502.0,-0.6548059149722736
HMA 84_two_confirm_fixed_8_RR6,HMA,84,two_confirm,fixed_8,fixed_RR,6,,25670,25670,4129,21541,0,16.084924035839503,198192.0,172328.0,240514.25,253106.75,25670.0,19252.5,-12592.5,0.9502482648131668,-0.49055317491234907,-0.04905531749123491,48.0,-8.0,58.25,-11.75,12725.0,1258.3436279296875,44,-11592.5,3.529100116867939,2.0,-3.0561271612973844,0.0,12803,16.20713895180817,0.9588648515715487,-5185.25,-0.40500273373428103,12867,15.96331701251263,0.9416994122519977,-7407.25,-0.5756780912411595
HMA 84_two_confirm_fixed_8_MAexit9,HMA,84,two_confirm,fixed_8,ma_close,,9,26142,26142,6680,19462,0,25.552750363399895,155648.0,134392.0,182870.0,202048.5,26142.0,19606.5,-19178.5,0.9050797209580868,-0.7336278785096779,-0.0733627878509678,23.30059814453125,-6.905354022979736,27.37574850299401,-10.381692529030932,19166.75,1939.463623046875,37,-18178.5,2.2243898707061436,2.0,-6.177205235932905,-34.51480466493057,13037,25.910869064968935,0.917261322115205,-8304.75,-0.6370138835621693,13105,25.196489889355206,0.8930541110053823,-10873.75,-0.8297405570392979
HMA 84_two_confirm_fixed_8_MAexit21,HMA,84,two_confirm,fixed_8,ma_close,,21,26132,26132,6125,20007,0,23.438695851829173,183344.0,144560.0,218461.25,215712.25,26132.0,19599.0,2749.0,1.0127438288738817,0.1051966937088627,0.01051966937088627,29.933713912963867,-7.225471019744873,35.667142857142856,-10.78183885640026,6893.5,681.1759033203125,32,3749.0,2.9549211694474207,2.0,0.6259724728161944,5.750776724535603,13033,23.732064758689482,1.028814704374971,3092.25,0.237263101358091,13099,23.146805099625926,0.9968334067515551,-343.25,-0.026204290403847624
HMA 84_two_confirm_fixed_8_MAexit34,HMA,84,two_confirm,fixed_8,ma_close,,34,26119,26119,5487,20632,0,21.00769554730273,190344.0,152384.0,228327.75,226586.0,26119.0,19589.25,1741.75,1.0076869268180735,0.06668517171407787,0.006668517171407787,34.68999481201172,-7.38580846786499,41.6124931656643,-10.982260566110895,7146.75,555.5192260742188,38,2741.75,3.6295034266242965,2.0,0.3550785920326057,4.048056791237934,13025,21.343570057581573,1.0367638072594354,4136.25,0.3175623800383877,13094,20.673590957690546,0.9790098376319556,-2394.5,-0.18287001680158851
HMA 84_two_confirm_fixed_8_MAexit55,HMA,84,two_confirm,fixed_8,ma_close,,55,26116,26116,4932,21184,0,18.884974728136008,196576.0,158608.0,237089.0,235332.0,26116.0,19587.0,1757.0,1.0074660479662774,0.0672767652014091,0.00672767652014091,39.85725784301758,-7.4871602058410645,48.07157339821573,-11.108950151057401,8400.25,506.54669189453125,50,2757.0,4.4623219482309695,1.0,0.32370204181779344,4.43873278967154,13023,19.304307763188206,1.043230669659926,5059.75,0.38852414958150966,13093,18.467883601924694,0.9720795071486691,-3302.75,-0.2522531123501107
HMA 84_two_confirm_fixed_8_MAexit84,HMA,84,two_confirm,fixed_8,ma_close,,84,26142,26142,4027,22115,0,15.404330196618469,208312.0,168240.0,253342.75,249001.25,26142.0,19606.5,4341.5,1.0174356554434967,0.16607375105194705,0.016607375105194704,51.72883224487305,-7.607506275177002,62.91103799354358,-11.259382771874293,8970.25,315.13116455078125,47,5341.5,5.665863361640272,2.0,0.7166502584483494,12.431479683177896,13037,15.663112679297383,1.053805341930007,6655.25,0.5104893763902738,13105,15.146890499809231,0.9815357912377304,-2313.75,-0.17655475009538343
HMA 84_two_confirm_fixed_10_RR2,HMA,84,two_confirm,fixed_10,fixed_RR,2,,26043,26043,9240,16803,0,35.47978343508812,184800.0,168030.0,171864.015625,191554.203125,20834.40234375,15625.798828125,-19690.212890625,0.8972082722343031,-0.7560654644482202,-0.07560654644482202,20.0,-10.0,18.600001691017315,-11.400000185978694,19801.333984375,1791.973876953125,24,-18696.33203125,2.297431171524018,3.0,-8.500515764902607,0.0,12987,36.05913605913606,0.9201210412045823,-7561.806640625,-0.5822596935878186,13056,34.903492647058826,0.8748211339987559,-12128.40625,-0.9289526845894608
HMA 84_two_confirm_fixed_10_RR3,HMA,84,two_confirm,fixed_10,fixed_RR,3,,25906,25906,7017,18889,0,27.086389253454797,210510.0,188890.0,200686.21875,215334.59375,20724.8046875,15543.59765625,-14648.4140625,0.931973888891227,-0.565444841445997,-0.056544484144599706,30.0,-10.0,28.600002672082088,-11.399999669119593,14673.40234375,1434.3502197265625,26,-13650.40234375,3.002895082220335,3.0,-5.119770876588007,-95431187.75963077,12917,27.47541998916157,0.9504305334406844,-5293.806640625,-0.4098325184350081,12989,26.69951497420894,0.91381384813868,-9354.607421875,-0.7201945817133728
HMA 84_two_confirm_fixed_10_RR4,HMA,84,two_confirm,fixed_10,fixed_RR,4,,25681,25681,5629,20052,0,21.918928390638996,225160.0,200520.0,217279.421875,228592.8125,20544.8046875,15408.59765625,-11313.40234375,0.9505085461731217,-0.44053589594447257,-0.04405358959444726,40.0,-10.0,38.60000388612542,-11.400000623379213,11355.7431640625,1088.7576904296875,32,-10312.7431640625,3.72528328336124,3.0,-3.41298738672193,0.0,12799,22.353308852254084,0.9747681796334594,-2858.6015625,-0.22334569595280881,12882,21.487346685297315,0.9266710709530537,-8454.802734375,-0.6563268696145785
HMA 84_two_confirm_fixed_10_RR5,HMA,84,two_confirm,fixed_10,fixed_RR,5,,25287,25287,4638,20649,0,18.3414402657492,231900.0,206490.0,225406.8125,235398.625,20229.603515625,15172.1982421875,-9991.802734375,0.9575536496867814,-0.39513594868410645,-0.03951359486841065,50.0,-10.0,48.60000269512721,-11.400001210712384,10104.4609375,950.560791015625,39,-8990.494140625,4.644046347925812,3.0,-2.7059910049621005,-65886297.022064745,12596,18.728167672276914,0.9823961067442719,-2054.40185546875,-0.16309954394004048,12691,17.95760775352612,0.9331288557570859,-7937.40185546875,-0.6254354940878378
HMA 84_two_confirm_fixed_10_RR6,HMA,84,two_confirm,fixed_10,fixed_RR,6,,24815,24815,3931,20884,0,15.841225065484585,235860.0,208840.0,230356.5625,238077.609375,19852.001953125,14888.9990234375,-7721.001953125,0.9675692019284415,-0.31114253286822485,-0.031114253286822484,60.0,-10.0,58.59999046044263,-11.400000448908255,8314.12890625,703.9288940429688,40,-6720.009765625,5.405279065081604,3.0,-1.917672249349982,0.0,12361,16.212280559825256,0.9946182525101842,-635.400390625,-0.051403639723727856,12454,15.472940420748355,0.9409570302035695,-7085.6005859375,-0.5689417525242894
HMA 84_two_confirm_fixed_10_MAexit9,HMA,84,two_confirm,fixed_10,ma_close,,9,26142,26142,7383,18759,0,28.2419095708056,171672.0,149152.0,161335.828125,175414.609375,20913.6015625,15685.19921875,-14078.8125,0.9197399731974292,-0.5385514689006197,-0.05385514689006197,23.252336502075195,-7.95095682144165,21.852340258025194,-9.350957373793912,14110.9453125,1368.6658935546875,30,-13079.9453125,2.3472190345038637,2.0,-5.312134350206578,-24.618871344398162,13037,28.695251975147656,0.9384754801845835,-5351.806640625,-0.41050906194868453,13105,27.790919496375427,0.90130985501126,-8727.0068359375,-0.6659295563477681
HMA 84_two_confirm_fixed_10_MAexit21,HMA,84,two_confirm,fixed_10,ma_close,,21,26115,26115,6884,19231,0,26.360329312655562,204384.0,163952.0,194746.40625,190875.40625,20892.00390625,15668.998046875,3870.98681640625,1.0202802449831065,0.14822848234372007,0.014822848234372007,29.689714431762695,-8.525402069091797,28.289716189715282,-9.925402020175758,4383.0908203125,403.8224182128906,32,4872.50732421875,3.2754355734252347,2.0,1.0421695732648069,7.638122730908936,13024,26.78132678132678,1.0505428450979208,4784.3935546875,0.3673520849729346,13091,25.94148651745474,0.9905067751909785,-913.406982421875,-0.06977365995125467
HMA 84_two_confirm_fixed_10_MAexit34,HMA,84,two_confirm,fixed_10,ma_close,,34,26097,26097,6190,19907,0,23.719201440778633,213200.0,175576.0,204534.0,203445.828125,20877.60546875,15658.197265625,1088.186767578125,1.005348705771108,0.04169777244810227,0.004169777244810227,34.442649841308594,-8.819811820983887,33.04264943457189,-10.219813539207314,5761.60205078125,407.04522705078125,29,2089.8330078125,4.135686094187071,2.0,0.2625865199334752,2.332825704189698,13014,24.235438758260337,1.0455433168072104,4588.39306640625,0.35257361813479715,13083,23.20568676908966,0.9659174519905183,-3500.207763671875,-0.26753861986332456
HMA 84_two_confirm_fixed_10_MAexit55,HMA,84,two_confirm,fixed_10,ma_close,,55,26082,26082,5611,20471,0,21.512920788283107,222792.0,184492.0,214936.609375,213151.40625,20865.603515625,15649.1982421875,1785.18701171875,1.0083752819482044,0.06844517336549152,0.006844517336549153,39.70629119873047,-9.012358665466309,38.306292884512565,-10.412359252112745,6831.1728515625,352.74560546875,50,2786.626220703125,5.180200904838586,2.0,0.3871762649451143,4.1518087395603525,13003,22.03337691302007,1.0565390057648423,5975.79296875,0.4595703275205722,13079,20.99548895175472,0.9610025700399502,-4190.60791015625,-0.3204073637247687
HMA 84_two_confirm_fixed_10_MAexit84,HMA,84,two_confirm,fixed_10,ma_close,,84,26141,26141,4642,21499,0,17.757545617994722,237928.0,197572.0,231429.21875,227670.625,20912.802734375,15684.5986328125,3758.58740234375,1.0165089095266462,0.14378131679521633,0.014378131679521632,51.2554931640625,-9.189823150634766,49.85549736105127,-10.58982394529978,7150.04638671875,274.71734619140625,40,4757.20556640625,6.64121494969588,3.0,0.7265034131824141,9.819907918056858,13036,18.188094507517643,1.0771863218286193,8699.5927734375,0.6673513940961568,13105,17.329263639832128,0.9570204346749995,-4941.0068359375,-0.37703218893075163
HMA 84_two_confirm_candle_RR2,HMA,84,two_confirm,candle,fixed_RR,2,,25142,25142,8972,16170,0,35.68530745366319,220086.0,199425.0,167933.609375,183414.484375,18983.353515625,14237.5146484375,-15480.873046875,0.9155962242962852,-0.6157375326893246,-0.06157375326893246,24.530317306518555,-12.333024024963379,18.717522221912617,-11.342887098021027,15783.9091796875,1212.173095703125,22,-14481.7919921875,3.1437037626282716,2.0,-6.766034525111707,-90.65301379441777,12535,35.899481451934584,0.9225142370940345,-7074.865234375,-0.5644088739030714,12607,35.472356627270564,0.9087387532647434,-8406.0078125,-0.6667730477115889
HMA 84_two_confirm_candle_RR3,HMA,84,two_confirm,candle,fixed_RR,3,,24532,24532,6701,17831,0,27.315343225175283,246003.0,219968.0,192396.84375,202123.75,18541.0859375,13905.8125,-9726.90234375,0.9518764803740283,-0.3964985465412522,-0.039649854654125224,36.711387634277344,-12.336268424987793,28.71166150574541,-11.335525208905839,9780.9873046875,928.1309204101562,31,-8727.150390625,4.449698353171368,3.0,-3.4756396659027313,-60.14388063089724,12233,27.344069320689933,0.9516910800794418,-4874.716796875,-0.39848907029142483,12299,27.286771282218066,0.9520613140948752,-4852.18505859375,-0.39451866481776976
HMA 84_two_confirm_candle_RR4,HMA,84,two_confirm,candle,fixed_RR,4,,23811,23811,5274,18537,0,22.149426735542395,256600.0,228708.0,204118.9375,210076.53125,18027.19140625,13520.39453125,-5957.59130859375,0.9716408410089835,-0.2502033223549515,-0.02502033223549515,48.65377426147461,-12.337918281555176,38.702870212362534,-11.332822530614447,6846.890625,362.4164733886719,41,-4957.65771484375,5.742135987568771,3.0,-1.8563240783714245,-38.013645168474056,11860,22.141652613827993,0.9695709977751421,-3189.25244140625,-0.2689083002872049,11951,22.157141661785626,0.9737015654466232,-2768.338623046875,-0.23164075165650364
HMA 84_two_confirm_candle_RR5,HMA,84,two_confirm,candle,fixed_RR,5,,23081,23081,4237,18844,0,18.35709024738963,256190.0,232364.0,206307.25,213542.328125,17511.46484375,13133.599609375,-7235.0703125,0.9661187634857814,-0.3134643348425112,-0.03134643348425112,60.46495056152344,-12.330927848815918,48.69182204389899,-11.332112509286775,7383.0478515625,734.7994995117188,47,-6235.2041015625,7.0324076079892555,3.0,-2.0477273462443675,-47.22537306921301,11497,18.535270070453162,0.9759895353850301,-2552.287109375,-0.2219959214903888,11584,18.180248618784532,0.95633503246806,-4682.783203125,-0.40424578756258633
HMA 84_two_confirm_candle_RR6,HMA,84,two_confirm,candle,fixed_RR,6,,22385,22385,3532,18853,0,15.778423051150323,255342.0,232249.0,207272.890625,213660.96875,17016.033203125,12762.025390625,-6388.06591796875,0.9701018011742025,-0.2853726119262341,-0.028537261192623408,72.29388427734375,-12.318941116333008,58.6842838689128,-11.332995743383016,7206.19189453125,621.7593383789062,47,-5388.1708984375,8.239356712083985,3.0,-1.6716217843851606,-42.353291158540294,11176,15.926986399427346,0.979360795327594,-2201.0634765625,-0.1969455508735236,11209,15.6302970827014,0.9608750191723991,-4187.001953125,-0.3735392945958605
HMA 84_two_confirm_candle_MAexit9,HMA,84,two_confirm,candle,ma_close,,9,25892,25892,7713,18179,0,29.78912405376178,179440.0,153175.0,149376.71875,159029.234375,19539.4765625,14654.607421875,-9652.509765625,0.9393035144579844,-0.37279892498165457,-0.037279892498165455,23.264617919921875,-8.425930976867676,19.36687653960845,-8.747963825017878,9671.1865234375,949.4432373046875,25,-8652.5703125,2.420168391781245,2.0,-3.830137672597735,-14.821901848599671,12929,30.157011369788844,0.9458245301027504,-4308.03662109375,-0.33320725663962797,12963,29.422201650852426,0.9327818121826603,-5344.4736328125,-0.41228678799757
HMA 84_two_confirm_candle_MAexit21,HMA,84,two_confirm,candle,ma_close,,21,25785,25785,7291,18494,0,28.276129532674037,215880.0,171402.0,183698.09375,173628.109375,19440.728515625,14580.546875,10069.9833984375,1.0579974314714846,0.39053649014688774,0.039053649014688774,29.609107971191406,-9.26797866821289,25.19518498834179,-9.388348079106738,3459.328125,169.73377990722656,26,11069.21484375,3.4536746170254022,2.0,2.657148548712114,16.863126312258796,12885,28.420644159875824,1.072417120080271,6293.669921875,0.48844935365735354,12900,28.131782945736433,1.043546344972947,3776.31396484375,0.2927375166545543
HMA 84_two_confirm_candle_MAexit34,HMA,84,two_confirm,candle,ma_close,,34,25754,25754,6636,19118,0,25.766871165644172,229664.0,186776.0,195803.34375,186355.5625,19423.859375,14567.89453125,9447.76953125,1.0506976079664914,0.3668466852236546,0.03668466852236546,34.60879898071289,-9.769640922546387,29.506230221518987,-9.747649466471389,4719.7607421875,197.34669494628906,29,10447.0146484375,4.439659858662732,3.0,2.227023729876502,16.897932932794657,12867,26.11331312660294,1.0717820066212926,6681.837890625,0.5193003723187223,12887,25.420966865833787,1.0296549349924866,2765.931396484375,0.21462957992429385
HMA 84_two_confirm_candle_MAexit55,HMA,84,two_confirm,candle,ma_close,,55,25732,25732,6092,19640,0,23.67480180320224,242384.0,198681.0,204987.40625,196290.3125,19400.87109375,14550.65234375,8697.083984375,1.0443072999336123,0.3379870971698663,0.03379870971698663,39.787261962890625,-10.116140365600586,33.648622168417596,-9.994415096741344,6413.24072265625,191.76344299316406,38,9696.384765625,5.646976527281207,2.0,1.869170899187765,16.664034704201303,12855,24.006223259432126,1.078652674339878,7714.41064453125,0.600109735086056,12877,23.343946571406384,1.010005996502014,982.674560546875,0.07631238336156519
HMA 84_two_confirm_candle_MAexit84,HMA,84,two_confirm,candle,ma_close,,84,25891,25891,5090,20801,0,19.659341083774283,259768.0,214999.0,219840.9375,211270.0,19538.4765625,14653.857421875,8570.943359375,1.040568644388697,0.33103948705631303,0.033103948705631304,51.034969329833984,-10.335993766784668,43.190753929273086,-10.156723234459882,7318.1474609375,220.77471923828125,38,9570.2001953125,7.273956200996485,3.0,1.6762235205928202,17.678914544903638,12928,19.84839108910891,1.0870906970405292,9151.0810546875,0.7078497102945158,12963,19.47080151199568,0.9945370105799164,-580.1378173828125,-0.04475336090278581
HMA144_one_break_fixed_6_RR2,HMA,144,one_break,fixed_6,fixed_RR,2,,28639,28639,8606,20033,0,30.049931911030413,103272.0,120198.0,152039.3125,247073.6875,38185.33203125,28639.0,-95034.34375,0.6153601949216061,-3.3183541237473375,-0.33183541237473374,12.0,-6.0,17.66666424587497,-12.333334373284082,95186.578125,9161.365234375,26,-94044.953125,1.4472572366353573,1.0,-40.82861381324605,-588845783.2878836,14321,30.29816353606592,0.6226530709116722,-46455.671875,-3.2438846361985894,14318,29.801648274898728,0.6081173844375624,-48578.671875,-3.3928392146249475
HMA144_one_break_fixed_6_RR3,HMA,144,one_break,fixed_6,fixed_RR,3,,28609,28609,8015,20594,0,28.01565940787864,144270.0,123564.0,221748.265625,253992.6875,38145.33203125,28609.0,-32244.349609375,0.8730498023688182,-1.1270701390952147,-0.11270701390952147,18.0,-6.0,27.666658218964443,-12.33333434495484,32848.97265625,2291.2568359375,29,-31252.650390625,1.7482610367366913,1.0,-10.61262684587651,-199895130.54243055,14304,28.320749440715883,0.8863137941258259,-14376.009765625,-1.0050342397668484,14305,27.710590702551556,0.859898745438972,-17868.341796875,-1.2490976439619015
HMA144_one_break_fixed_6_RR4,HMA,144,one_break,fixed_6,fixed_RR,4,,28534,28534,6446,22088,0,22.59059367771781,154704.0,132528.0,242799.3125,272418.6875,38045.33203125,28534.0,-29619.3203125,0.89127260221456,-1.0380360381474731,-0.10380360381474732,24.0,-6.0,37.66666343468818,-12.333334276530243,30307.7578125,2045.0592041015625,33,-28623.103515625,1.8666503119086002,1.0,-8.386158058101442,-183862708.10811576,14266,22.89359315855881,0.9067763395740042,-12647.326171875,-0.8865362520590916,14268,22.287636669470142,0.8758921258921258,-16971.9921875,-1.189514451044295
HMA144_one_break_fixed_6_RR5,HMA,144,one_break,fixed_6,fixed_RR,5,,28431,28431,5392,23039,0,18.965214026942423,161760.0,138234.0,257018.65625,284147.6875,37908.0,28431.0,-27128.98828125,0.9045248916551538,-0.9542045049857549,-0.09542045049857549,30.0,-6.0,47.666664734792285,-12.333334237597118,27782.59375,1950.568603515625,42,-26129.94921875,2.229608525904822,1.0,-6.840245287742368,-168708685.32827458,14221,19.161802967442515,0.9161235135840433,-11892.328125,-0.8362511866254131,14210,18.76847290640394,0.8929734861476577,-15236.6591796875,-1.0722490626099577
HMA144_one_break_fixed_6_RR6,HMA,144,one_break,fixed_6,fixed_RR,6,,28305,28305,4610,23695,0,16.286875110404523,165960.0,142170.0,265843.3125,292238.34375,37740.0,28305.0,-26394.9921875,0.9096797808552458,-0.9325204800388623,-0.09325204800388623,36.0,-6.0,57.66666214750542,-12.33333377294788,27021.603515625,2028.6478271484375,48,-25396.947265625,2.5645998940116588,1.0,-6.069825939882354,-164509084.2490134,14152,16.485302430751837,0.922950487028213,-11231.328125,-0.7936212637789711,14153,16.088461810216913,0.8964729820592283,-15163.66015625,-1.071409606178902
HMA144_one_break_fixed_6_MAexit9,HMA,144,one_break,fixed_6,ma_close,,9,28639,28639,6164,22475,0,21.523097873529103,146632.0,120072.0,230004.0,252561.6875,38185.33203125,28639.0,-22557.66796875,0.9106844441716838,-0.7876555734749817,-0.07876555734749817,23.788448333740234,-5.342469215393066,37.31408176508761,-11.237449944382647,23191.912109375,1569.4957275390625,35,-21555.9296875,2.1233283285030904,1.0,-5.596462037463569,-42.67146907985966,14321,21.932825919977656,0.9384331334880412,-7735.66650390625,-0.5401624540120278,14318,21.113283978209246,0.883213119803786,-14822.0,-1.035200446989803
HMA144_one_break_fixed_6_MAexit21,HMA,144,one_break,fixed_6,ma_close,,21,28580,28580,5613,22967,0,19.63960811756473,167088.0,126546.0,265383.0,264499.6875,38106.6640625,28580.0,883.33203125,1.0033395597112,0.030907348889083273,0.0030907348889083275,29.768037796020508,-5.5099053382873535,47.280064136825224,-11.516510101449907,11279.658203125,624.796142578125,39,1883.417724609375,2.658222533240028,1.0,0.16283611341349935,1.9077972149878215,14294,20.001399188470685,1.0326694137862642,4300.66455078125,0.3008720127872709,14286,19.277614447711045,0.9742783413494106,-3417.33447265625,-0.23920862891335923
HMA144_one_break_fixed_6_MAexit34,HMA,144,one_break,fixed_6,ma_close,,34,28532,28532,5633,22899,0,19.742744988083555,164208.0,129180.0,260536.328125,268731.0,38042.6640625,28532.0,-8194.6689453125,0.9695060418224917,-0.2872097625582679,-0.028720976255826793,29.151073455810547,-5.641294479370117,46.2517891221374,-11.735490632778724,13110.375,701.0880737304688,45,-7194.1259765625,2.990957521379504,1.0,-1.4440659386055925,-20.46247372671117,14266,20.04766577877471,1.0100360001943431,1342.666015625,0.09411650186632553,14266,19.437824197392402,0.9293253207740817,-9537.333984375,-0.66853595852902
HMA144_one_break_fixed_6_MAexit55,HMA,144,one_break,fixed_6,ma_close,,55,28481,28481,5638,22843,0,19.79565324251255,165752.0,130710.0,263098.0,271150.34375,37974.6640625,28481.0,-8052.3369140625,0.9703030295346988,-0.28272662175002633,-0.028272662175002634,29.399078369140625,-5.722103118896484,46.66512947853849,-11.870172208116273,15491.173828125,1106.51220703125,43,-7051.3583984375,3.464414873073277,1.0,-1.3050548752756357,-22.70261523799284,14235,20.09834913944503,1.0230860410969722,3114.99951171875,0.21882680096373375,14246,19.493191071177872,0.9180204525183342,-11167.3349609375,-0.7838926688851257
HMA144_one_break_fixed_6_MAexit84,HMA,144,one_break,fixed_6,ma_close,,84,28466,28465,5247,23218,1,18.433163534164766,166728.0,133356.0,265637.0,276435.34375,37953.33203125,28465.0,-10798.3388671875,0.9609371811740336,-0.3793549575685052,-0.03793549575685052,31.77587127685547,-5.74364709854126,50.62645321135887,-11.906079065811008,14088.1083984375,1284.2401123046875,43,-9797.568359375,4.143193395397857,1.0,-1.6218353062549224,-31.647517067031668,14228,18.793927466966544,1.0087829414265328,1207.99755859375,0.08490283656127003,14237,18.072627660321697,0.9135587507919595,-12006.337890625,-0.8433193714002247
HMA144_one_break_fixed_6_MAexit144,HMA,144,one_break,fixed_6,ma_close,,144,28638,28637,3158,25479,1,11.027691448126548,184768.0,144852.0,300578.0,300871.0,38182.6640625,28637.0,-293.0068359375,0.9990261607133955,-0.010231757374637707,-0.0010231757374637707,58.50791549682617,-5.685152530670166,95.17986067131096,-11.808587464186193,12969.6474609375,757.2778930664062,91,707.9772338867188,5.877955093061424,1.0,-0.03665220716026523,-0.7765045503390062,14320,11.30586592178771,1.0439986583183323,6583.32861328125,0.45972965176545044,14317,10.749458685478801,0.9545351706075249,-6876.3359375,-0.4802916768526926
HMA144_one_break_fixed_8_RR2,HMA,144,one_break,fixed_8,fixed_RR,2,,28639,28639,10173,18466,0,35.52149167219526,162768.0,147728.0,185657.25,216975.5,28639.0,21479.25,-31318.25,0.8556599708261993,-1.0935524983414224,-0.10935524983414224,16.0,-8.0,18.25,-11.75,31712.0,2533.413330078125,23,-30318.25,1.518837948252383,2.0,-12.889741969667998,0.0,14321,35.80755533831436,0.8663946434729477,-14431.75,-1.0077333985056909,14318,35.23536806816595,0.8450179083176735,-16886.5,-1.1793895795502165
HMA144_one_break_fixed_8_RR3,HMA,144,one_break,fixed_8,fixed_RR,3,,28504,28504,7802,20702,0,27.37159696884648,187248.0,165616.0,220406.5,243248.5,28504.0,21378.0,-22842.0,0.9060960293691431,-0.8013612124614089,-0.08013612124614089,24.0,-8.0,28.25,-11.75,23318.0,1788.1903076171875,29,-21842.0,2.0208040976705024,2.0,-7.586088060163492,0.0,14248,27.624929814710836,0.9176831784494,-9974.0,-0.7000280741156654,14256,27.11840628507295,0.894595867548584,-12868.0,-0.9026374859708193
HMA144_one_break_fixed_8_RR4,HMA,144,one_break,fixed_8,fixed_RR,4,,28322,28322,6246,22076,0,22.05352729327025,199872.0,176608.0,238909.5,259393.0,28322.0,21241.5,-20483.5,0.9210329500025058,-0.7232363533648754,-0.07232363533648753,32.0,-8.0,38.25,-11.75,20909.75,1722.030029296875,33,-19483.5,2.5215733352164396,2.0,-5.871309574897589,0.0,14156,22.30856174060469,0.9347424870285893,-8433.0,-0.5957191296976547,14166,21.798672878723703,0.907422416674029,-12050.5,-0.8506635606381476
HMA144_one_break_fixed_8_RR5,HMA,144,one_break,fixed_8,fixed_RR,5,,28086,28086,5213,22873,0,18.560848821476892,208520.0,182984.0,251527.25,268757.75,28086.0,21064.5,-17230.5,0.935888360428676,-0.6134907071138646,-0.061349070711386455,40.0,-8.0,48.25,-11.75,17935.0,1188.5355224609375,41,-16230.5,3.024104536067792,2.0,-4.407437510389505,0.0,14024,18.753565316600117,0.9478486250695588,-6982.0,-0.49786081003993155,14062,18.36865310766605,0.9240166594688173,-10248.5,-0.7288081354003698
HMA144_one_break_fixed_8_RR6,HMA,144,one_break,fixed_8,fixed_RR,6,,27850,27850,4460,23390,0,16.014362657091564,214080.0,187120.0,259795.0,274832.5,27850.0,20887.5,-15037.5,0.9452848553209682,-0.5399461400359067,-0.053994614003590666,48.0,-8.0,58.25,-11.75,15669.75,1033.113525390625,53,-14037.5,3.5344703770197485,2.0,-3.5100042663819395,0.0,13905,16.123696512046028,0.9529791429890123,-6443.75,-0.4634124415677814,13945,15.905342416636786,0.9376325591606204,-8593.75,-0.6162603083542488
HMA144_one_break_fixed_8_MAexit9,HMA,144,one_break,fixed_8,ma_close,,9,28639,28639,7304,21335,0,25.50368378784175,174464.0,147016.0,205298.0,221106.25,28639.0,21479.25,-15808.25,0.9285038301721458,-0.5519833094730962,-0.055198330947309616,23.886089324951172,-6.890836715698242,28.107612267250822,-10.363545816733067,16281.0,1205.330322265625,28,-14808.25,2.3168755892314676,2.0,-4.679414950647233,-27.030937436534117,14321,25.906012149989525,0.9566874432925456,-4761.75,-0.3325012219817052,14318,25.10127112725241,0.9006314823643707,-11046.5,-0.7715113842715463
HMA144_one_break_fixed_8_MAexit21,HMA,144,one_break,fixed_8,ma_close,,21,28567,28567,6721,21846,0,23.5271467077397,197944.0,156376.0,235668.25,233700.5,28567.0,21425.25,1967.75,1.008419964869566,0.06888192669863828,0.006888192669863828,29.451570510864258,-7.158106803894043,35.06446213361107,-10.697633434038268,7015.75,427.5940856933594,35,2967.75,2.955683130885287,2.0,0.4445477972646674,3.794023453802922,14284,23.921870624474938,1.038610519712376,4493.0,0.3145477457294875,14283,23.132395155079465,0.9784779676690112,-2525.25,-0.17680109220751944
HMA144_one_break_fixed_8_MAexit34,HMA,144,one_break,fixed_8,ma_close,,34,28502,28502,6750,21752,0,23.682548593081187,196464.0,160656.0,233767.5,238886.0,28502.0,21376.5,-5118.5,0.978573461818608,-0.17958388884990528,-0.017958388884990528,29.105777740478516,-7.385803699493408,34.632222222222225,-10.982254505332843,9034.5,479.577880859375,42,-4118.5,3.380113676233247,1.0,-1.0998627110370942,-11.387870376683129,14247,24.026110760160034,1.0172207178417654,2047.75,0.14373201375728223,14255,23.339179235356017,0.9402683081334289,-7166.25,-0.5027183444405472
HMA144_one_break_fixed_8_MAexit55,HMA,144,one_break,fixed_8,ma_close,,55,28436,28436,6691,21745,0,23.5300323533549,198840.0,163728.0,236840.75,242713.75,28436.0,21327.0,-5873.0,0.9758027717836341,-0.20653397102264734,-0.020653397102264735,29.717531204223633,-7.529455184936523,35.39691376475863,-11.161818808921591,11174.5,766.55810546875,37,-4873.0,3.97285131523421,1.0,-1.1545787316928033,-14.80244314287474,14207,23.861476736819878,1.0298123753156598,3597.75,0.2532378405011614,14229,23.199100428701946,0.9223925299506694,-9470.75,-0.6655949117998454
HMA144_one_break_fixed_8_MAexit84,HMA,144,one_break,fixed_8,ma_close,,84,28410,28409,6246,22163,1,21.985990355169136,202280.0,167464.0,241919.5,248115.25,28409.0,21306.75,-6195.75,0.9750287416835522,-0.21809109789151326,-0.021809109789151328,32.385528564453125,-7.55601692199707,38.73190842138969,-11.195020980914137,9353.0,758.09521484375,32,-5195.75,4.827695448625436,1.0,-1.1144493108038516,-16.05558815699195,14197,22.392054659435093,1.0293848255067013,3625.25,0.2553532436430232,14212,21.580354629890234,0.9212706047397164,-9821.0,-0.6910357444413172
HMA144_one_break_fixed_8_MAexit144,HMA,144,one_break,fixed_8,ma_close,,144,28638,28637,3879,24758,1,13.545413276530363,227504.0,184864.0,277591.75,274406.5,28637.0,21477.75,3185.25,1.0116077789702504,0.11122848063693823,0.011122848063693822,58.650169372558594,-7.466838836669922,71.56270946120134,-11.083548751918572,8143.0,372.2514343261719,54,4185.25,6.980863917309774,2.0,0.4750053850910501,7.5469618733161505,14320,13.88268156424581,1.069132033377122,9420.0,0.6578212290502793,14317,13.208074317245233,0.9548682367503828,-6234.75,-0.4354788014248795
HMA144_one_break_fixed_10_RR2,HMA,144,one_break,fixed_10,fixed_RR,2,,27362,27362,9792,17570,0,35.786857685841674,195840.0,175700.0,182131.21875,200298.015625,21889.6015625,16417.19921875,-18166.814453125,0.9093011639765215,-0.6639432224663767,-0.06639432224663767,20.0,-10.0,18.600001914828432,-11.400000889299942,18649.60546875,1324.5455322265625,24,-17172.611328125,2.292559023463197,3.0,-7.636772637775583,0.0,13685,35.99561563755937,0.9175884549837283,-8229.005859375,-0.6013157368925831,13677,35.577977626672514,0.9010626340659375,-9937.806640625,-0.7266071975305257
HMA144_one_break_fixed_10_RR3,HMA,144,one_break,fixed_10,fixed_RR,3,,26740,26740,7258,19482,0,27.142857142857142,217740.0,194820.0,207578.8125,222094.8125,21392.00390625,16043.998046875,-14516.0146484375,0.9346405265543967,-0.5428576906670718,-0.05428576906670718,30.0,-10.0,28.600001722237533,-11.400000641617904,15122.0439453125,1082.000244140625,28,-13517.93359375,3.007404637247569,3.0,-4.990486579103651,0.0,13359,27.35234673253986,0.9445701409387978,-6132.607421875,-0.4590618625552062,13381,26.93371197967267,0.9247841759623299,-8383.408203125,-0.6265158211736791
HMA144_one_break_fixed_10_RR4,HMA,144,one_break,fixed_10,fixed_RR,4,,26254,26254,5737,20517,0,21.851908280642952,229480.0,205170.0,221448.21875,233893.8125,21003.203125,15752.3984375,-12445.603515625,0.9467895554098935,-0.4740459935866915,-0.047404599358669156,40.0,-10.0,38.600003268258675,-11.400000609250865,13131.7919921875,855.7134399414062,40,-11446.4794921875,3.7367258322541326,3.0,-3.7174430580998457,0.0,13109,22.1450911587459,0.9631056935943203,-4292.6015625,-0.327454539819971,13145,21.559528337771017,0.9306395693366367,-8153.00146484375,-0.6202359425518258
HMA144_one_break_fixed_10_RR5,HMA,144,one_break,fixed_10,fixed_RR,5,,25823,25823,4735,21088,0,18.33636680478643,236750.0,210880.0,230121.0,240403.21875,20658.40625,15493.796875,-10282.203125,0.9572292800260188,-0.39818003814429,-0.039818003814429,50.0,-10.0,48.6,-11.40000088913126,10823.494140625,760.9312744140625,40,-9281.7236328125,4.656972466405917,3.0,-2.755881564253811,0.0,12882,18.599596335972677,0.9741108720299334,-3094.802001953125,-0.2402423538234067,12941,18.074337377327872,0.9405325252546146,-7187.4013671875,-0.5553976792510239
HMA144_one_break_fixed_10_RR6,HMA,144,one_break,fixed_10,fixed_RR,6,,25365,25365,3994,21371,0,15.746106840134043,239640.0,213710.0,234048.375,243629.421875,20292.00390625,15218.998046875,-9581.0,0.9606736871053456,-0.3777252119061699,-0.03777252119061699,60.0,-10.0,58.59999374061092,-11.40000102358336,10185.5283203125,647.2750244140625,45,-8579.7568359375,5.433747289572246,3.0,-2.3594663263796276,0.0,12669,16.086510379666905,0.9854230930983509,-1766.6005859375,-0.13944278048287156,12696,15.406427221172022,0.9361754002887988,-7814.400390625,-0.6155009759471487
HMA144_one_break_fixed_10_MAexit9,HMA,144,one_break,fixed_10,ma_close,,9,28639,28639,8087,20552,0,28.23771779740913,193032.0,163344.0,181710.21875,192116.8125,22911.203125,17183.3984375,-10406.61328125,0.9458319466444406,-0.3633720898512518,-0.03633720898512518,23.869421005249023,-7.947839736938477,22.469422375417338,-9.347840234527053,10860.4765625,838.9058227539062,28,-9405.7294921875,2.4557072523481964,2.0,-3.6070618853550935,-17.253237899706267,14321,28.59437190140353,0.9722065520393699,-2657.40625,-0.18556010404301376,14318,27.880988964939235,0.9197012053529939,-7749.20654296875,-0.5412212978746158
HMA144_one_break_fixed_10_MAexit21,HMA,144,one_break,fixed_10,ma_close,,21,28113,28113,7420,20693,0,26.393483441824067,217304.0,173820.0,206916.015625,202790.21875,22490.40625,16867.798828125,4125.7861328125,1.0203451473174172,0.1467572344755985,0.014675723447559848,29.286252975463867,-8.399942398071289,27.886255475067387,-9.799942915478665,3917.15185546875,235.20777893066406,26,5127.2802734375,3.2572831074591826,2.0,1.1072659707840418,7.573501592316482,14052,26.72929120409906,1.048792688825436,4927.19287109375,0.3506399709004946,14061,26.057890619443853,0.992128396354712,-801.406982421875,-0.05699502044106927
HMA144_one_break_fixed_10_MAexit34,HMA,144,one_break,fixed_10,ma_close,,34,27876,27876,7453,20423,0,26.736260582579995,215456.0,179502.0,205021.8125,208094.203125,22300.8046875,16725.59765625,-3072.41455078125,0.9852355780273493,-0.11021719582369242,-0.011021719582369242,28.908626556396484,-8.78920841217041,27.50862907554005,-10.189208398619204,6702.8642578125,344.3026428222656,35,-2071.6826171875,3.801083369206486,2.0,-0.7853186659505489,-6.367829997582218,13928,27.07495692130959,1.0237307909408402,2456.79345703125,0.17639240788564403,13948,26.398049899627186,0.9471225671485674,-5529.20703125,-0.39641576077215374
HMA144_one_break_fixed_10_MAexit55,HMA,144,one_break,fixed_10,ma_close,,55,27681,27681,7413,20268,0,26.780101874932267,219024.0,183662.0,208645.8125,212037.21875,22144.80078125,16608.599609375,-3391.413330078125,0.9840056086851497,-0.12251773165991564,-0.012251773165991565,29.54593276977539,-9.061673164367676,28.145934506947256,-10.461674499210579,8495.4248046875,633.6084594726562,32,-2390.31103515625,4.543405223799718,1.0,-0.7923540649114449,-7.893794318474466,13862,27.153368922233444,1.0379035099995946,4003.19384765625,0.28878905263715554,13819,26.405673348288587,0.930516310470028,-7394.6083984375,-0.5351044502813156
HMA144_one_break_fixed_10_MAexit84,HMA,144,one_break,fixed_10,ma_close,,84,27679,27678,6936,20742,1,25.059614133969216,224728.0,189034.0,215017.609375,218072.8125,22142.40234375,16606.798828125,-3055.21337890625,0.9859899861428164,-0.11038418162100766,-0.011038418162100766,32.400230407714844,-9.11358642578125,31.000232032151096,-10.513586563494359,6957.80908203125,575.8816528320312,29,-2054.6201171875,5.578799046173857,1.0,-0.6495564635686593,-7.337884745448631,13849,25.47476352083183,1.0427071167433615,4631.3935546875,0.33442079245342626,13829,24.64386434304722,0.9298843782505344,-7686.60595703125,-0.5558323781207065
HMA144_one_break_fixed_10_MAexit144,HMA,144,one_break,fixed_10,ma_close,,144,28637,28636,4415,24221,1,15.41765609722028,257432.0,213046.0,251251.0,246955.40625,22908.802734375,17181.59765625,4295.591796875,1.017394208190168,0.15000669775370162,0.015000669775370162,58.308494567871094,-8.795921325683594,56.908493771234426,-10.19592115313158,5636.63818359375,311.65777587890625,47,5297.25244140625,7.987777622572985,2.0,0.7501964394005252,9.49673244054238,14319,15.734338990152944,1.0764121019869775,9367.3955078125,0.6541934148901809,14317,15.10092896556541,0.9592183291118884,-5071.8056640625,-0.3542505876973179
HMA144_one_break_candle_RR2,HMA,144,one_break,candle,fixed_RR,2,,24204,24204,8621,15583,0,35.61807965625516,260820.0,238513.0,163283.515625,172072.875,14502.478515625,10876.859375,-8789.33984375,0.9489207152783378,-0.36313583885927947,-0.036313583885927946,30.254030227661133,-15.305974006652832,18.94020596508526,-11.042345825579156,8995.791015625,794.3860473632812,17,-7789.9052734375,4.360312345066931,3.0,-3.9333007298133023,-142.0785754884381,12085,35.995035167563096,0.9643130641997305,-3049.458984375,-0.2523342146772859,12119,35.24218169815991,0.9337369934819724,-5739.880859375,-0.47362660775435267
HMA144_one_break_candle_RR3,HMA,144,one_break,candle,fixed_RR,3,,23152,23152,6234,16918,0,26.926399447132,279651.0,257336.0,180313.515625,186927.84375,13973.904296875,10480.4287109375,-6614.3359375,0.9646156078607203,-0.2856917733889081,-0.028569177338890812,44.8589973449707,-15.21078109741211,28.92420847369265,-11.049050936871971,6996.62548828125,571.9716186523438,25,-5614.58154296875,6.25652211472011,4.0,-2.4509862729019356,-109.1389003072751,11547,27.349095003031092,0.9851400768171616,-1377.8768310546875,-0.11932768953448407,11605,26.50581645842309,0.9444134554955846,-5236.458984375,-0.45122438469409737
HMA144_one_break_candle_RR4,HMA,144,one_break,candle,fixed_RR,4,,22161,22161,4809,17352,0,21.700284283200215,285172.0,262862.0,187133.546875,191812.09375,13439.1689453125,10079.376953125,-4678.55029296875,0.9756086971184527,-0.21111638883483372,-0.021111638883483372,59.29964828491211,-15.14880084991455,38.913193361405696,-11.05417783252651,5862.89453125,403.3627014160156,32,-3678.59130859375,8.07865168539326,4.0,-1.5255755303856033,-78.5530220134626,11045,22.09144409234948,0.9978549095534892,-204.1156005859375,-0.01848036220787121,11116,21.31162288593019,0.9537079651039012,-4474.4345703125,-0.40252200164740015
HMA144_one_break_candle_RR5,HMA,144,one_break,candle,fixed_RR,5,,21184,21183,3855,17328,1,18.19855544540433,284525.0,261801.0,188545.234375,191608.46875,12876.126953125,9657.095703125,-3063.22802734375,0.9840130533113506,-0.1446078472050111,-0.014460784720501111,73.80674743652344,-15.108552932739258,48.909269617380026,-11.05773711622807,4836.3544921875,447.5262145996094,32,-2063.192138671875,9.922485011565879,4.0,-0.9095106919884847,-52.38982294167872,10553,18.67715341609021,1.0154886670206924,1470.410888671875,0.13933581812488155,10630,17.723424270931325,0.9531037259386932,-4533.63818359375,-0.42649465508878176
HMA144_one_break_candle_RR6,HMA,144,one_break,candle,fixed_RR,6,,20290,20289,3208,17081,1,15.811523485632609,283560.0,257634.0,188969.34375,188905.8125,12346.54296875,9259.9072265625,63.544921875,1.000336311779713,0.0031319888547981663,0.00031319888547981663,88.39151763916016,-15.083074569702148,58.905655782418954,-11.05941177331538,5465.3525390625,403.36517333984375,43,1063.5399169921875,11.671595445808073,4.0,0.017474366162104484,1.1102453240977348,10118,16.149436647558808,1.0255048315008863,2394.04248046875,0.2366122238059646,10171,15.47537115327893,0.9754786768154167,-2330.49755859375,-0.2291316054069167
HMA144_one_break_candle_MAexit9,HMA,144,one_break,candle,ma_close,,9,28447,28447,8976,19471,0,31.553415122860056,214824.0,181786.0,140593.078125,145089.234375,16374.55078125,12280.9130859375,-4496.1630859375,0.9690110967270035,-0.15805403332293388,-0.01580540333229339,23.933155059814453,-9.336243629455566,15.663221716243315,-7.45155535796826,5011.73095703125,381.36236572265625,25,-3496.025390625,2.6740253805322176,2.0,-1.9891710584926545,-6.761087564687088,14223,31.73732686493707,0.9827699910002551,-1248.167236328125,-0.0877569595955934,14224,31.369516310461194,0.9552912338259739,-3247.9951171875,-0.22834611341306946
HMA144_one_break_candle_MAexit21,HMA,144,one_break,candle,ma_close,,21,27895,27895,8405,19490,0,30.130847822190354,244936.0,195892.0,167267.515625,155901.21875,16144.234375,12108.17578125,11366.2978515625,1.0729070431016114,0.4074672110257215,0.040746721102572145,29.141700744628906,-10.050897598266602,19.900953673408686,-7.999036364802463,2331.87841796875,98.63751220703125,25,12365.384765625,3.592220828105395,3.0,3.4597435901548623,17.981153047543977,13933,30.294983133567786,1.0857707944093689,6673.05419921875,0.47893879273801404,13962,29.96705343074058,1.0600925012488949,4693.244140625,0.3361441155010027
HMA144_one_break_candle_MAexit34,HMA,144,one_break,candle,ma_close,,34,27469,27469,8537,18932,0,31.078670501292365,246016.0,203925.0,170396.125,162780.5625,15959.7978515625,11969.84765625,7615.54296875,1.0467842252357373,0.27724136185336196,0.027724136185336194,28.817617416381836,-10.771445274353027,19.95971945648354,-8.598170425734207,3198.612548828125,118.527587890625,32,8615.3203125,4.26539007608577,2.0,2.165884318162147,12.919461792147933,13729,31.422536237162213,1.0683402801321809,5549.57177734375,0.4042225782900248,13740,30.735080058224163,1.0253260108817779,2065.9716796875,0.15036183986080787
HMA144_one_break_candle_MAexit55,HMA,144,one_break,candle,ma_close,,55,27080,27080,8555,18525,0,31.591580502215656,250888.0,211937.0,174638.234375,167806.453125,15797.2314453125,11847.923828125,6831.775390625,1.040712267751175,0.25228121826532496,0.025228121826532494,29.326475143432617,-11.440593719482422,20.413586718293395,-9.058378036437247,4078.057861328125,204.3957061767578,26,7831.61376953125,5.21794682422452,2.0,1.7835615763749548,12.533701287915399,13562,31.949564960920217,1.0834170775395984,6975.2421875,0.5143225326279309,13518,31.232430832963452,0.99829574965625,-143.4677734375,-0.010613091687934605
HMA144_one_break_candle_MAexit84,HMA,144,one_break,candle,ma_close,,84,27016,27015,8011,19004,1,29.65389598371275,261304.0,222272.0,179149.21875,173726.3125,15768.75390625,11826.56640625,5422.90625,1.0312152268240886,0.20073685915232278,0.02007368591523228,32.61814880371094,-11.696063995361328,22.362903351641492,-9.14156559145443,4152.04150390625,194.1352081298828,31,6422.73046875,6.55839348510087,2.0,1.323051079323692,10.19169906889728,13537,30.110068700598358,1.0688006106122987,5947.8193359375,0.4393749971143902,13478,29.19572636889746,0.9939855981621561,-524.9130859375,-0.03894591823248998
HMA144_one_break_candle_MAexit144,HMA,144,one_break,candle,ma_close,,144,28638,28637,5204,23433,1,18.172294583929883,308088.0,256968.0,208411.84375,197121.5625,16455.490234375,12341.619140625,11290.27734375,1.05727572928507,0.3942548920539861,0.03942548920539861,59.202152252197266,-10.966073036193848,40.04839426402767,-8.41213512994495,3445.09814453125,130.76303100585938,39,12289.3212890625,9.469602262806859,3.0,2.346379998228173,19.95788230296731,14320,18.400837988826815,1.096393445978774,9417.779296875,0.6576661520164107,14317,17.943703289795348,1.0188341407630013,1872.4970703125,0.13078836839508975
HMA144_two_confirm_fixed_6_RR2,HMA,144,two_confirm,fixed_6,fixed_RR,2,,19892,19892,6076,13816,0,30.544942690528853,72912.0,82896.0,107342.640625,170397.328125,26522.6640625,19892.0,-63054.67578125,0.6299549517951105,-3.169850984378142,-0.3169850984378142,12.0,-6.0,17.666662380678076,-12.333332956354951,63067.0859375,6197.22412109375,24,-62044.08203125,1.4463603458676855,1.0,-32.354542804908604,0.0,9933,31.219168428470756,0.6501715273817967,-29477.00390625,-2.967583198051948,9959,29.872477156341,0.6101783262805331,-33577.671875,-3.3715907094085753
HMA144_two_confirm_fixed_6_RR3,HMA,144,two_confirm,fixed_6,fixed_RR,3,,19890,19890,5684,14206,0,28.5771744595274,102312.0,85236.0,157257.28125,175207.328125,26519.998046875,19890.0,-17950.01171875,0.8975496797588642,-0.9024641387003519,-0.0902464138700352,18.0,-6.0,27.66665750351865,-12.333332966704209,17962.556640625,1818.6861572265625,24,-16947.56640625,1.7502262443438914,1.0,-7.043024945830978,0.0,9932,29.198550140958517,0.9251142941149341,-6494.671875,-0.6539138013491744,9958,27.95742116890942,0.8705308460998217,-11455.3388671875,-1.1503654214890038
HMA144_two_confirm_fixed_6_RR4,HMA,144,two_confirm,fixed_6,fixed_RR,4,,19883,19883,4604,15279,0,23.155459437710608,110496.0,91674.0,173417.34375,188440.984375,26510.6640625,19883.0,-15023.65625,0.9202740281004754,-0.7556030905798924,-0.07556030905798924,24.0,-6.0,37.66666892919201,-12.333332310687872,15034.890625,1522.263671875,31,-14021.8896484375,1.8713976764069808,1.0,-5.0516286983376,-111720941.30904086,9929,24.191761506697553,0.974603166321106,-2357.66162109375,-0.23745207181929198,9954,22.12176009644364,0.8675216172026675,-12665.99609375,-1.272452892681334
HMA144_two_confirm_fixed_6_RR5,HMA,144,two_confirm,fixed_6,fixed_RR,5,,19866,19866,3834,16032,0,19.299305345816975,115020.0,96192.0,182754.015625,197727.984375,26487.998046875,19866.0,-14973.9931640625,0.9242698558965675,-0.7537497817407883,-0.07537497817407883,30.0,-6.0,47.666670742044865,-12.33333235872006,14960.47265625,1514.7288818359375,33,-13972.8056640625,2.24997483137018,1.0,-4.486644959045294,-111399266.61973232,9922,20.056440233823825,0.9696270175716564,-2971.329833984375,-0.2994688403531924,9944,18.543845534995977,0.8798533595981418,-12002.6630859375,-1.2070256522463294
HMA144_two_confirm_fixed_6_RR6,HMA,144,two_confirm,fixed_6,fixed_RR,6,,19843,19843,3362,16481,0,16.94300257017588,121032.0,98886.0,193875.359375,203265.65625,26457.33203125,19843.0,-9390.3291015625,0.9538028359131623,-0.47323132094756337,-0.04732313209475634,36.0,-6.0,57.666674412552055,-12.333332701292397,9379.0615234375,949.6180419921875,46,-8391.39453125,2.5787935292042534,1.0,-2.538608676004774,0.0,9908,17.66249495357287,1.0029950860183612,301.3360595703125,0.03041340932280102,9935,16.22546552591847,0.9055857255692528,-9691.6640625,-0.9755072030699548
HMA144_two_confirm_fixed_6_MAexit9,HMA,144,two_confirm,fixed_6,ma_close,,9,19892,19892,4573,15319,0,22.989141363362155,102056.0,82302.0,159423.0,172914.328125,26522.6640625,19892.0,-13491.3330078125,0.9219768062525906,-0.6782290874629248,-0.06782290874629247,22.31707763671875,-5.372543811798096,34.861797507106935,-11.287572826228866,13487.900390625,1351.944580078125,31,-12490.2333984375,2.0283028353106776,1.0,-4.107842207689944,-31.25973723940289,9933,24.09141246350549,0.9800859469601519,-1700.3336181640625,-0.17118026962287955,9959,21.88974796666332,0.865293438895934,-11791.0,-1.1839542122703082
HMA144_two_confirm_fixed_6_MAexit21,HMA,144,two_confirm,fixed_6,ma_close,,21,19887,19887,4017,15870,0,20.19912505656962,121840.0,87360.0,193693.65625,182630.0,26515.998046875,19887.0,11063.666015625,1.0605796213656027,0.5563265457648212,0.05563265457648212,30.331092834472656,-5.504725933074951,48.218485499128704,-11.507876496534342,5926.55322265625,315.13861083984375,31,12065.904296875,2.6867300246392114,1.0,2.321542658323358,28.508543079915963,9929,21.16023768758183,1.1338614183536297,12072.33203125,1.2158658506647195,9958,19.240811407913235,0.9890890799867083,-1008.66748046875,-0.1012921751826421
HMA144_two_confirm_fixed_6_MAexit34,HMA,144,two_confirm,fixed_6,ma_close,,34,19875,19875,3565,16310,0,17.937106918238992,126960.0,92010.0,203281.65625,191406.65625,26499.998046875,19875.0,11874.998046875,1.0620406846483428,0.5974841784591195,0.05974841784591195,35.6129035949707,-5.641324520111084,57.021502454417956,-11.73553992949111,5485.306640625,195.34242248535156,43,12877.318359375,3.250616352201258,1.0,2.284602603703354,35.52955499615626,9924,18.661829907295445,1.1346518318787167,12737.333984375,1.283487906527106,9951,17.2143503165511,0.9910927550862718,-862.3350830078125,-0.08665813315323209
HMA144_two_confirm_fixed_6_MAexit55,HMA,144,two_confirm,fixed_6,ma_close,,55,19878,19878,3484,16394,0,17.526914176476506,129056.0,94080.0,206964.0,195052.65625,26504.0,19878.0,11911.3310546875,1.0610673239678068,0.5992218057494466,0.05992218057494466,37.04248046875,-5.73868465423584,59.404133180252586,-11.897807505794804,5823.3193359375,198.51649475097656,48,12913.634765625,3.8044068819800785,1.0,2.0871953538920818,41.39394028596801,9927,18.293542862899166,1.1682144255041,16237.0,1.6356401732648334,9951,16.762134458848358,0.9560967390360589,-4325.66845703125,-0.43469686031868654
HMA144_two_confirm_fixed_6_MAexit84,HMA,144,two_confirm,fixed_6,ma_close,,84,19872,19872,3174,16698,0,15.972222222222221,128280.0,96408.0,206394.0,199642.0,26495.998046875,19872.0,6751.99658203125,1.0338205387643882,0.33977438516662894,0.03397743851666289,40.41587829589844,-5.773625373840332,65.02646502835539,-11.956042639837106,6966.96044921875,275.73883056640625,55,7751.47412109375,4.549164653784219,1.0,1.1049483116792609,25.13765163706024,9921,16.8934583207338,1.1473002265631724,14517.6630859375,1.4633265886440379,9951,15.053763440860216,0.9231758748110032,-7765.66943359375,-0.7803908585663502
HMA144_two_confirm_fixed_6_MAexit144,HMA,144,two_confirm,fixed_6,ma_close,,144,19892,19892,2193,17699,0,11.024532475366982,138408.0,103170.0,225562.984375,213247.671875,26522.6640625,19892.0,12315.3232421875,1.0577512166567469,0.6191093526134879,0.06191093526134879,63.11354446411133,-5.829143047332764,102.85589802781578,-12.048571776654049,6445.22412109375,237.01795959472656,89,13317.93359375,6.211140156846974,1.0,1.7431135453523707,52.497534127397294,9933,11.567502265176683,1.1319469176542416,13939.6611328125,1.4033686834604349,9959,10.48298021889748,0.9849041030525345,-1624.33935546875,-0.1631026564382719
HMA144_two_confirm_fixed_8_RR2,HMA,144,two_confirm,fixed_8,fixed_RR,2,,19892,19892,7149,12743,0,35.939070983309875,114384.0,101944.0,130469.25,149730.25,19892.0,14919.0,-19261.0,0.871361999328793,-0.968278705007038,-0.09682787050070381,16.0,-8.0,18.25,-11.75,19300.0,1895.4088134765625,19,-18261.0,1.5159360546953549,2.0,-9.487205553909455,0.0,9933,36.59518775797845,0.8964514232819605,-7662.75,-0.7714436726064633,9959,35.284667135254544,0.8468448244557054,-11598.25,-1.1645998594236369
HMA144_two_confirm_fixed_8_RR3,HMA,144,two_confirm,fixed_8,fixed_RR,3,,19880,19880,5534,14346,0,27.83702213279678,132816.0,114768.0,156335.5,168565.5,19880.0,14910.0,-12230.0,0.9274466008762172,-0.6151911468812877,-0.061519114688128776,24.0,-8.0,28.25,-11.75,12234.75,1238.021728515625,25,-11230.0,2.02228370221328,2.0,-4.838265319510549,0.0,9926,28.782994156760022,0.9717014353951776,-2350.5,-0.23680233729599032,9954,26.893711070926262,0.8844567114692459,-9879.5,-0.9925155716294957
HMA144_two_confirm_fixed_8_RR4,HMA,144,two_confirm,fixed_8,fixed_RR,4,,19846,19846,4462,15384,0,22.483120024186235,142784.0,123072.0,170671.5,180762.0,19846.0,14884.5,-10090.5,0.9441779798851528,-0.508439987906883,-0.05084399879068831,32.0,-8.0,38.25,-11.75,10326.5,835.4773559570312,33,-9090.5,2.5352715912526453,2.0,-3.431466900751098,0.0,9910,23.218970736629668,0.984424939111858,-1392.5,-0.1405146316851665,9936,21.749194847020934,0.9047903126496545,-8698.0,-0.875402576489533
HMA144_two_confirm_fixed_8_RR5,HMA,144,two_confirm,fixed_8,fixed_RR,5,,19795,19795,3760,16035,0,18.994695630209648,150400.0,128280.0,181420.0,188411.25,19795.0,14846.25,-6991.25,0.9628936700966636,-0.3531826218742107,-0.03531826218742107,40.0,-8.0,48.25,-11.75,7292.75,560.334228515625,35,-5991.25,3.055064410204597,2.0,-2.1113145677645373,0.0,9884,19.556859571023878,0.9983194941356233,-157.0,-0.015884257385673815,9911,18.434063162143076,0.9280506806194532,-6834.25,-0.689562102714156
HMA144_two_confirm_fixed_8_RR6,HMA,144,two_confirm,fixed_8,fixed_RR,6,,19701,19701,3229,16472,0,16.390030962895285,154992.0,131776.0,188089.25,193546.0,19701.0,14775.75,-5456.75,0.971806443946142,-0.27697832597330085,-0.027697832597330087,48.0,-8.0,58.25,-11.75,5952.75,409.14453125,43,-4456.75,3.5743363281051725,2.0,-1.5002821463920695,0.0,9838,16.842854238666398,1.0040935535633941,393.5,0.039997967066476924,9863,15.938355469938154,0.939947700274843,-5850.25,-0.5931511710432931
HMA144_two_confirm_fixed_8_MAexit9,HMA,144,two_confirm,fixed_8,ma_close,,9,19892,19892,5363,14529,0,26.9605871707219,120080.0,100848.0,140714.75,151485.75,19892.0,14919.0,-10771.0,0.9288976025797806,-0.5414739593806556,-0.05414739593806556,22.390453338623047,-6.941152095794678,26.23806638075704,-10.426440223002272,10769.25,1078.8128662109375,31,-9771.0,2.1961089885381058,1.0,-3.940336956532509,-22.535866206379932,9933,28.088190878888554,0.9849799833445373,-1122.75,-0.11303231652068861,9959,25.835927301937943,0.8742661480019026,-9648.25,-0.9687970679787127
HMA144_two_confirm_fixed_8_MAexit21,HMA,144,two_confirm,fixed_8,ma_close,,21,19887,19887,4763,15124,0,23.950319304067985,143344.0,108128.0,170844.75,161627.0,19887.0,14915.25,9217.75,1.0570310034833288,0.46350631065520187,0.04635063106552019,30.095317840576172,-7.149431228637695,35.869147596052905,-10.686789209203914,4519.0,203.55856323242188,31,10217.75,2.973701412983356,2.0,2.3894006721211016,21.205077298330874,9929,25.007553630778528,1.1229365333132708,9804.25,0.9874357941383826,9958,22.89616388833099,0.9928367724560772,-586.5,-0.05889736894958827
HMA144_two_confirm_fixed_8_MAexit34,HMA,144,two_confirm,fixed_8,ma_close,,34,19869,19869,4270,15599,0,21.490764507524286,149216.0,115152.0,179047.5,171238.25,19869.0,14901.75,7809.25,1.0456045889279995,0.3930368916402436,0.03930368916402436,34.94519805908203,-7.382011890411377,41.93149882903981,-10.977514584268222,4105.5,144.21957397460938,32,8809.25,3.654839196738638,2.0,1.8578950196437036,20.750751620751654,9920,22.258064516129032,1.1069366896943313,9040.0,0.9112903225806451,9949,20.725701075484974,0.9858048666557097,-1230.75,-0.12370590009046135
HMA144_two_confirm_fixed_8_MAexit55,HMA,144,two_confirm,fixed_8,ma_close,,55,19872,19872,4170,15702,0,20.984299516908212,152408.0,118448.0,183212.5,175538.5,19872.0,14904.0,7674.0,1.0437169054082154,0.38617149758454106,0.03861714975845411,36.54867935180664,-7.543497562408447,43.93585131894484,-11.179372054515348,3784.5,140.92300415039062,35,8674.0,4.349285426731079,1.0,1.6573849548965547,23.468379418272047,9922,21.83027615400121,1.1442785782679419,12506.5,1.260481757710139,9950,20.14070351758794,0.9456139462385559,-4832.5,-0.485678391959799
HMA144_two_confirm_fixed_8_MAexit84,HMA,144,two_confirm,fixed_8,ma_close,,84,19867,19867,3807,16060,0,19.162430160567776,154456.0,122336.0,186407.75,181025.0,19867.0,14900.25,5382.75,1.0297348432536941,0.2709392459858056,0.02709392459858056,40.57157897949219,-7.617434501647949,48.964473338586814,-11.271793275217933,4511.0,193.66749572753906,49,6382.75,5.300850656868174,1.0,1.071726082795943,17.896614387916614,9918,20.084694494857835,1.129825700863937,11593.5,1.1689352692075015,9949,18.243039501457435,0.9322890830694089,-6210.75,-0.6242587194692933
HMA144_two_confirm_fixed_8_MAexit144,HMA,144,two_confirm,fixed_8,ma_close,,144,19891,19891,2709,17182,0,13.61922477502388,169704.0,132304.0,207389.25,195448.5,19891.0,14918.25,11940.75,1.0610940989570143,0.6003091850585692,0.06003091850585692,62.6445198059082,-7.700151443481445,76.55564784053156,-11.375189151437551,4563.75,159.23760986328125,69,12940.75,7.396561258860792,2.0,2.034768552608125,44.57513030863002,9932,14.146194120016109,1.1205198185334466,11669.0,1.1748892468787757,9959,13.093684104829803,1.0027553516431984,271.75,0.027286876192388794
HMA144_two_confirm_fixed_10_RR2,HMA,144,two_confirm,fixed_10,fixed_RR,2,,19831,19831,7149,12682,0,36.049619282940846,142980.0,126820.0,132971.40625,144574.796875,15864.802734375,11898.5986328125,-11603.408203125,0.9197412628216775,-0.585114628769351,-0.05851146287693511,20.0,-10.0,18.600000874248146,-11.399999753587762,11612.494140625,1174.640380859375,17,-10603.5,2.284403207099995,3.0,-5.720317046694068,-86399891.76563202,9909,36.835200322938746,0.9514720689463374,-3462.604736328125,-0.34944038110083003,9922,35.26506752670833,0.8888206510106971,-8140.8046875,-0.8204802144224954
HMA144_two_confirm_fixed_10_RR3,HMA,144,two_confirm,fixed_10,fixed_RR,3,,19761,19761,5373,14388,0,27.189919538484897,161190.0,143880.0,153667.828125,164023.1875,15808.8017578125,11856.599609375,-10355.41015625,0.9368664910563331,-0.5240326985602956,-0.052403269856029555,30.0,-10.0,28.60000523450586,-11.399999131220461,10358.8154296875,1031.7529296875,26,-9354.8134765625,3.0095642933049946,3.0,-4.139073537833062,-38621823.49279998,9876,27.80477926285946,0.9662116695397341,-2746.40478515625,-0.2780887793799362,9885,26.575619625695495,0.9080386479943627,-7609.00537109375,-0.7697526930797927
HMA144_two_confirm_fixed_10_RR4,HMA,144,two_confirm,fixed_10,fixed_RR,4,,19661,19661,4339,15322,0,22.06907074919892,173560.0,153220.0,167485.421875,174670.78125,15728.80078125,11796.5986328125,-7185.40234375,0.9588634153715964,-0.36546474460861605,-0.03654647446086161,40.0,-10.0,38.600005041484216,-11.399998776269417,7172.9638671875,725.56787109375,33,-6184.36376953125,3.736229082956106,3.0,-2.471333387744762,-26866940.288196974,9828,22.61904761904762,0.9897438231123755,-889.2010498046875,-0.09047629729392424,9833,21.519373538086036,0.9284310154142134,-6296.20166015625,-0.640313399792154
HMA144_two_confirm_fixed_10_RR5,HMA,144,two_confirm,fixed_10,fixed_RR,5,,19487,19487,3607,15880,0,18.50977574793452,180350.0,158800.0,175300.203125,181031.984375,15589.6015625,11692.19921875,-5731.8046875,0.9683382951924846,-0.29413479178426644,-0.029413479178426644,50.0,-10.0,48.60000086637095,-11.399999016057935,6384.9931640625,386.10736083984375,35,-4731.3095703125,4.6544876071226975,3.0,-1.762034010173254,-21527262.871809494,9738,18.905319367426575,0.9938551461946538,-553.202392578125,-0.0568086252390763,9749,18.114678428556775,0.9430963313620846,-5178.6025390625,-0.5311932033093137
HMA144_two_confirm_fixed_10_RR6,HMA,144,two_confirm,fixed_10,fixed_RR,6,,19283,19283,3087,16196,0,16.008919773894103,185220.0,161960.0,180898.1875,184634.375,15426.40234375,11569.7998046875,-3736.205078125,0.9797643992349745,-0.19375642162137635,-0.019375642162137635,60.0,-10.0,58.599995950761254,-11.39999845640899,5172.1611328125,217.842529296875,46,-2736.039794921875,5.4162215422911375,3.0,-1.0482086257946799,-14106306.365351059,9636,16.500622665006226,1.0158037967508475,1449.597900390625,0.15043564761214456,9647,15.51777754742407,0.9441848032008131,-5185.802734375,-0.5375560002461905
HMA144_two_confirm_fixed_10_MAexit9,HMA,144,two_confirm,fixed_10,ma_close,,9,19892,19892,5914,13978,0,29.73054494269053,132296.0,112148.0,124016.4140625,131717.21875,15913.6015625,11935.19921875,-7700.80908203125,0.9415353227119366,-0.3871309612925422,-0.03871309612925422,22.369970321655273,-8.023179054260254,20.969971941579303,-9.423180623122049,7697.95703125,770.8749389648438,26,-6699.35693359375,2.313593404383672,2.0,-3.3030157576358277,-15.590605704591663,9933,30.78626799557032,0.9926309588096608,-478.204345703125,-0.04814299262087234,9959,28.677578070087357,0.8919165001266148,-7222.6044921875,-0.7252339082425444
HMA144_two_confirm_fixed_10_MAexit21,HMA,144,two_confirm,fixed_10,ma_close,,21,19870,19870,5310,14560,0,26.723704076497235,159000.0,122512.0,151566.03125,142896.015625,15896.001953125,11922.0,8669.9892578125,1.0606735995197556,0.4363356445803976,0.04363356445803976,29.94350242614746,-8.414285659790039,28.543508709981168,-9.81428678743132,3861.611328125,219.29104614257812,31,9669.68359375,3.2768495218923,2.0,2.6625738278994224,18.85556312614803,9923,27.683160334576236,1.1262703417696758,8895.794921875,0.8964824067192382,9947,25.76656278274857,0.9968832214174517,-225.804931640625,-0.02270080744351312
HMA144_two_confirm_fixed_10_MAexit34,HMA,144,two_confirm,fixed_10,ma_close,,34,19842,19842,4798,15044,0,24.181030138090918,167200.0,132608.0,160482.8125,153669.59375,15873.6015625,11905.19921875,6813.19091796875,1.0443368045931338,0.343372186169174,0.034337218616917395,34.84785461425781,-8.814677238464355,33.44785587744894,-10.214676532172295,3712.8408203125,128.00515747070312,28,7813.90380859375,4.133605483318214,2.0,1.9080753925996987,16.80612941136927,9908,24.919257165926524,1.1013761499026968,7700.7958984375,0.7772301068265542,9934,23.444735252667606,0.9885776860514497,-887.6046142578125,-0.08935017256470833
HMA144_two_confirm_fixed_10_MAexit55,HMA,144,two_confirm,fixed_10,ma_close,,55,19838,19838,4709,15129,0,23.737271902409518,172176.0,137968.0,165583.40625,159148.59375,15870.40234375,11902.798828125,6434.791015625,1.0404327323815892,0.32436692285638674,0.032436692285638676,36.563175201416016,-9.119439125061035,35.16317822255256,-10.51943907396391,4071.2412109375,135.98289489746094,34,7435.587890625,5.002318782135296,2.0,1.6303772449109497,18.088280874340644,9902,24.540496869319327,1.1293279748846847,10155.1943359375,1.0255700197876692,9936,22.936795491143318,0.9538559838017121,-3720.405029296875,-0.374436899083824
HMA144_two_confirm_fixed_10_MAexit84,HMA,144,two_confirm,fixed_10,ma_close,,84,19826,19826,4300,15526,0,21.688691617068496,175224.0,143428.0,169204.015625,165164.40625,15860.802734375,11895.5986328125,4039.59033203125,1.024458110961786,0.20375216039701655,0.020375216039701653,40.7497673034668,-9.237923622131348,39.349771075581394,-10.637923885740049,4392.4384765625,190.9974822998047,30,5040.45556640625,6.156259457278321,2.0,0.9393763745527107,12.206444735911797,9896,22.65561843168957,1.119805920425646,9747.5947265625,0.9850035091514249,9930,20.725075528700906,0.9318877148156042,-5708.005859375,-0.5748243564325277
HMA144_two_confirm_fixed_10_MAexit144,HMA,144,two_confirm,fixed_10,ma_close,,144,19891,19891,3114,16777,0,15.65532150218692,192408.0,157090.0,188048.375,180577.8125,15912.802734375,11934.5986328125,7470.59130859375,1.0413703233889822,0.3755764571209969,0.03755764571209969,61.788055419921875,-9.36341381072998,60.388045921644185,-10.763414943076832,5040.8115234375,257.350341796875,49,8471.1845703125,8.628877381730431,3.0,1.494170473730429,25.248420561586396,9932,16.26057188884414,1.1024421366185955,9137.1953125,0.9199753637233186,9959,15.051712019279046,0.9817625692134291,-1666.6044921875,-0.1673465701563912
HMA144_two_confirm_candle_RR2,HMA,144,two_confirm,candle,fixed_RR,2,,19229,19229,6930,12299,0,36.03931561703676,169870.0,152355.0,129713.375,139300.0625,14398.1123046875,10798.5849609375,-9586.701171875,0.9311795893846063,-0.49855432793567006,-0.04985543279356701,24.512266159057617,-12.387592315673828,18.717658730158732,-11.32612915684202,9893.677734375,835.3658447265625,18,-8587.001953125,3.156222372458266,2.0,-4.78462431125868,-69.43199132996172,9595,36.70661803022408,0.9570221678621594,-2959.3076171875,-0.30842184650208443,9634,35.374714552626116,0.9059188732081959,-6627.3935546875,-0.6879171221390388
HMA144_two_confirm_candle_RR3,HMA,144,two_confirm,candle,fixed_RR,3,,18930,18930,5200,13730,0,27.469624933967246,190083.0,170128.0,149281.03125,155407.9375,14186.7998046875,10640.099609375,-6126.9033203125,0.9605753325823528,-0.3236610311839673,-0.03236610311839673,36.55442428588867,-12.390968322753906,28.707890625,-11.318859249817917,6703.41943359375,453.31317138671875,28,-5126.96435546875,4.47945060750132,3.0,-2.4896480506267484,-46.84601875171662,9447,27.94537948555097,0.982370127038135,-1359.556396484375,-0.14391408875668202,9483,26.995676473689763,0.9391073542473724,-4767.34765625,-0.5027256834598756
HMA144_two_confirm_candle_RR4,HMA,144,two_confirm,candle,fixed_RR,4,,18547,18547,4110,14437,0,22.15991804604518,198652.0,179059.0,159042.59375,163360.6875,13913.193359375,10434.89453125,-4318.0908203125,0.9735671181599306,-0.2328188289379684,-0.02328188289379684,48.33382034301758,-12.40278434753418,38.6964948296837,-11.31541784996883,5083.810546875,287.9123229980469,39,-3318.06103515625,5.793659351916752,3.0,-1.5251979190488587,-34.04510607083292,9250,22.594594594594593,0.9970067546218876,-242.76409912109375,-0.026244767472550674,9297,21.727438958803916,0.9504572458422008,-4075.32666015625,-0.4383485705234215
HMA144_two_confirm_candle_RR5,HMA,144,two_confirm,candle,fixed_RR,5,,18137,18137,3380,14757,0,18.635937586149858,203900.0,182718.0,164579.59375,166994.515625,13625.6640625,10219.248046875,-2414.917236328125,0.9855389150598041,-0.1331486594435753,-0.013314865944357528,60.325443267822266,-12.381784439086914,48.6921875,-11.316291632784441,4035.317138671875,223.48587036132812,40,-1414.89013671875,7.136020290014887,3.0,-0.766862848140733,-19.429850335041774,9034,18.93956165596635,1.0041794007980944,346.69580078125,0.038376776708130396,9103,18.334614962100407,0.9671405310597956,-2761.61376953125,-0.3033740271922718
HMA144_two_confirm_candle_RR6,HMA,144,two_confirm,candle,fixed_RR,6,,17692,17692,2851,14841,0,16.114628080488355,205122.0,183794.0,167307.375,167940.46875,13304.625,9978.46875,-633.098388671875,0.9962302490000642,-0.03578444430657218,-0.0035784444306572183,71.9473876953125,-12.38420581817627,58.68375131532795,-11.315980644835253,4449.8671875,132.96530151367188,57,366.89794921875,8.41832466651594,3.0,-0.18483451533019332,-5.168237529547746,8798,16.37872243691748,1.014604045881877,1217.044921875,0.13833199839452148,8894,15.853384304025187,0.9781318058772769,-1850.143310546875,-0.20802151006823422
HMA144_two_confirm_candle_MAexit9,HMA,144,two_confirm,candle,ma_close,,9,19747,19747,6183,13564,0,31.31108522813592,138776.0,115589.0,115289.78125,119259.5703125,14767.119140625,11075.33984375,-3969.789794921875,0.9667130356742203,-0.2010325515228579,-0.02010325515228579,22.444766998291016,-8.521748542785645,18.646252830341258,-8.792359946365378,3995.302490234375,394.0155944824219,27,-2969.749755859375,2.3861852433281006,2.0,-1.7745932585673123,-7.08431167567385,9859,32.19393447611319,1.01375349734984,812.1246337890625,0.08237393587474008,9888,30.430825242718445,0.9205806070141662,-4781.9150390625,-0.48360791252654733
HMA144_two_confirm_candle_MAexit21,HMA,144,two_confirm,candle,ma_close,,21,19651,19651,5622,14029,0,28.609231082387666,167432.0,127857.0,143405.703125,129579.9765625,14692.91015625,11019.68359375,13825.7177734375,1.106696473708895,0.7035630641411379,0.07035630641411379,29.781572341918945,-9.113764762878418,25.50795146300249,-9.236579696521492,2027.5062255859375,59.94164276123047,21,14825.1494140625,3.4537682560683933,2.0,4.199426182488249,25.91496389929105,9809,29.401569986746868,1.1736397975156059,11149.4384765625,1.1366539378695586,9842,27.819548872180448,1.0409406487037922,2676.279052734375,0.27192430936134676
HMA144_two_confirm_candle_MAexit34,HMA,144,two_confirm,candle,ma_close,,34,19603,19603,5133,14470,0,26.184767637606488,179024.0,140825.0,152063.734375,140293.28125,14657.30859375,10992.9814453125,11770.4501953125,1.0838989082023485,0.6004412689543692,0.06004412689543692,34.877071380615234,-9.73220443725586,29.62472908143386,-9.695458275742917,1914.4482421875,60.76533126831055,32,12769.8876953125,4.443503545375708,3.0,3.3148207254888415,24.199911176098514,9784,26.839738348323795,1.1403498332657085,9766.357421875,0.9981967929144522,9819,25.53213158162746,1.0283434614437372,2004.093017578125,0.20410357649232355
HMA144_two_confirm_candle_MAexit55,HMA,144,two_confirm,candle,ma_close,,55,19582,19582,5077,14505,0,25.92687161679093,184904.0,149092.0,156638.859375,146272.671875,14647.44921875,10985.5869140625,10366.18359375,1.0708689283317299,0.5293730769967316,0.05293730769967316,36.4199333190918,-10.27866268157959,30.852641200512114,-10.08429313167873,2465.08984375,65.86053466796875,26,11365.599609375,5.443213154938208,2.0,2.668820211893727,23.754770854668354,9774,26.49887456517291,1.146636259486556,10649.5185546875,1.0895762793828012,9808,25.356851549755298,0.9961527988184392,-283.3349609375,-0.028888148545829936
HMA144_two_confirm_candle_MAexit84,HMA,144,two_confirm,candle,ma_close,,84,19561,19561,4654,14907,0,23.792239660549054,191136.0,156745.0,160448.171875,152573.65625,14631.130859375,10973.34765625,7874.5244140625,1.0516112402268003,0.40256246685049335,0.04025624668504933,41.06918716430664,-10.514859199523926,34.47532700365277,-10.235034295968337,2686.6142578125,89.50364685058594,29,8874.171875,6.7969940187107,2.0,1.8807949386677334,19.140786925332197,9767,24.418961810177127,1.12908485997835,9763.412109375,0.9996326517226375,9794,23.16724525219522,0.9754492937548048,-1888.886474609375,-0.19286159634565805
HMA144_two_confirm_candle_MAexit144,HMA,144,two_confirm,candle,ma_close,,144,19746,19746,3417,16329,0,17.304770586447887,212976.0,173895.0,182664.8125,168586.5625,14766.453125,11074.83984375,14078.2392578125,1.0835075452706973,0.7129666392085738,0.07129666392085739,62.3283576965332,-10.649457931518555,53.45765657009072,-10.32436539285933,2715.03466796875,98.45972442626953,49,15077.5595703125,9.567811202268814,3.0,2.786986032585981,36.541282175036926,9858,17.650639074863054,1.147000357912451,12279.7685546875,1.2456653027680564,9888,16.95995145631068,1.0211457800755834,1798.471923828125,0.18188429650365343
HMA200_one_break_fixed_6_RR2,HMA,200,one_break,fixed_6,fixed_RR,2,,24295,24295,7247,17048,0,29.82918295945668,86964.0,102288.0,128030.296875,210258.671875,32393.330078125,24295.0,-82228.34375,0.6089180328843452,-3.3845788742539615,-0.3384578874253962,12.0,-6.0,17.666661635849316,-12.333333638843266,82222.859375,8277.46875,27,-81229.5234375,1.4489812718666393,1.0,-38.436421668934315,-553175596.9481225,12148,30.498847546921304,0.6285870575950421,-38675.33984375,-3.183679605181923,12147,29.159463241952743,0.5896192316673179,-43553.0078125,-3.5854950039104305
HMA200_one_break_fixed_6_RR3,HMA,200,one_break,fixed_6,fixed_RR,3,,24267,24267,6784,17483,0,27.955659949725963,122112.0,104898.0,187690.609375,215623.6875,32355.99609375,24267.0,-27933.015625,0.8704545013172544,-1.1510699973214653,-0.11510699973214653,18.0,-6.0,27.66665822155071,-12.33333452496711,28084.46484375,2532.41357421875,27,-26936.1484375,1.748959492314666,1.0,-9.98883847543139,-94011221.89400889,12128,28.603232189973614,0.8986959164211353,-10818.673828125,-0.8920410478335258,12139,27.30867452014169,0.8427412442473724,-17114.33984375,-1.4098640615989786
HMA200_one_break_fixed_6_RR4,HMA,200,one_break,fixed_6,fixed_RR,4,,24203,24203,5472,18731,0,22.608767508160145,131328.0,112386.0,206112.0,231015.6875,32270.662109375,24203.0,-24903.65625,0.8921991498953941,-1.028949148865843,-0.10289491488658431,24.0,-6.0,37.666666666666664,-12.333334445571513,25188.986328125,2184.01611328125,31,-23906.3359375,1.864025120852787,1.0,-7.653748479141472,-167852735.30137402,12098,23.33443544387502,0.9295519355307088,-8058.6611328125,-0.666115153976897,12105,21.88351920693928,0.8555614051646876,-16844.99609375,-1.39157340716646
HMA200_one_break_fixed_6_RR5,HMA,200,one_break,fixed_6,fixed_RR,5,,24112,24112,4622,19490,0,19.168878566688786,138660.0,116940.0,220315.3125,240376.6875,32149.330078125,24112.0,-20061.32421875,0.9165419275527706,-0.8320058153098042,-0.08320058153098042,30.0,-6.0,47.66666215923843,-12.333334402257568,20412.349609375,1623.8939208984375,39,-19059.75390625,2.2254479097544793,1.0,-5.470210774717716,-135469923.00178596,12052,19.780949220046466,0.953024101477145,-5601.32763671875,-0.4647633286358073,12060,18.55721393034826,0.8806318851851888,-14459.994140625,-1.1990044892723881
HMA200_one_break_fixed_6_RR6,HMA,200,one_break,fixed_6,fixed_RR,6,,24014,24014,3975,20039,0,16.552844174231698,143100.0,120234.0,229225.03125,247147.6875,32018.662109375,24014.0,-17922.658203125,0.9274819989970572,-0.7463420589291663,-0.07463420589291662,36.0,-6.0,57.66667452830189,-12.333334372972704,18337.8046875,1417.5059814453125,40,-16918.54296875,2.561963854418256,1.0,-4.4455965762145935,-121274665.39686538,11995,17.16548561900792,0.9689228353105036,-3808.32861328125,-0.31749300652615675,12019,15.941426075380646,0.8867262263413936,-14114.330078125,-1.1743348097283468
HMA200_one_break_fixed_6_MAexit9,HMA,200,one_break,fixed_6,ma_close,,9,24295,24295,5309,18986,0,21.85223296974686,127640.0,101892.0,200345.671875,214120.671875,32393.330078125,24295.0,-13775.001953125,0.9356671176146804,-0.5669891727979008,-0.05669891727979008,24.042192459106445,-5.3666911125183105,37.736988486532304,-11.277819017960603,14031.880859375,1159.3402099609375,38,-12772.8701171875,2.127104342457296,1.0,-3.3904680887284635,-28.76229091301456,12148,22.546921303918342,0.9749459586266986,-2655.333251953125,-0.21858192722696124,12147,21.157487445459786,0.8971698848625047,-11119.6669921875,-0.9154249602525315
HMA200_one_break_fixed_6_MAexit21,HMA,200,one_break,fixed_6,ma_close,,21,24247,24247,4817,19430,0,19.866375221676908,142744.0,106914.0,226667.0,223526.671875,32329.330078125,24247.0,3140.3310546875,1.01404900855302,0.12951421019868437,0.012951421019868436,29.633380889892578,-5.502521991729736,47.05563628814615,-11.504203390375707,9285.5703125,623.05322265625,38,4140.39697265625,2.655132593722935,1.0,0.6161627526809663,7.313577237098595,12125,20.610309278350517,1.068069555371367,7518.33251953125,0.6200686614046391,12122,19.122257053291534,0.9612826107218119,-4378.0009765625,-0.36116160506207723
HMA200_one_break_fixed_6_MAexit34,HMA,200,one_break,fixed_6,ma_close,,34,24191,24191,4797,19394,0,19.8296887272126,141000.0,109110.0,223807.0,227102.671875,32254.6640625,24191.0,-3295.6689453125,0.985488185375406,-0.13623533319467984,-0.013623533319467983,29.39337158203125,-5.625967025756836,46.655618094642485,-11.709944924976798,12099.001953125,932.84521484375,48,-2294.3330078125,2.9945020875532222,1.0,-0.6150973542475392,-8.76424017965405,12091,20.428417831444875,1.0454800274072558,5110.99853515625,0.42271098628370274,12100,19.231404958677686,0.9267224301872093,-8406.6689453125,-0.6947660285382231
HMA200_one_break_fixed_6_MAexit55,HMA,200,one_break,fixed_6,ma_close,,55,24157,24157,4895,19262,0,20.263277724883054,143128.0,110430.0,227125.0,228994.671875,32209.330078125,24157.0,-1869.66943359375,0.9918353040282938,-0.07739659037106222,-0.007739659037106222,29.23963165283203,-5.733049392700195,46.39938712972421,-11.888416149672931,9707.388671875,845.3458862304688,33,-868.693603515625,3.4269569896924286,1.0,-0.32108900692827713,-5.834268570867477,12075,20.80331262939959,1.065386408411473,7418.3310546875,0.6143545386904762,12082,19.723555702698228,0.9196128836300534,-9288.001953125,-0.7687470578650057
HMA200_one_break_fixed_6_MAexit84,HMA,200,one_break,fixed_6,ma_close,,84,24123,24123,4788,19335,0,19.848277577415743,141784.0,111702.0,225134.671875,231285.015625,32163.99609375,24123.0,-6150.3388671875,0.9734079454590694,-0.25495746247098205,-0.025495746247098206,29.612363815307617,-5.777191638946533,47.02060816102757,-11.961986843806569,9465.2099609375,828.3939208984375,39,-5150.98779296875,3.9970982050325414,1.0,-0.995880539857149,-20.941632341052596,12059,20.407994029355667,1.0422191181351845,4842.3310546875,0.40155328424309644,12064,19.288793103448278,0.9057148742404418,-10992.669921875,-0.9111961142137766
HMA200_one_break_fixed_6_MAexit144,HMA,200,one_break,fixed_6,ma_close,,144,24169,24169,4113,20056,0,17.017667259712855,148120.0,115416.0,237269.65625,239157.34375,32225.328125,24169.0,-1887.677734375,0.9921069222863871,-0.07810326179713682,-0.0078103261797136826,36.01264190673828,-5.7546868324279785,57.68773553367372,-11.924478647287595,10544.451171875,965.3143920898438,44,-887.202392578125,5.18532003806529,1.0,-0.2684840385052734,-6.131667272869155,12079,17.6587465849822,1.0512139857704297,6065.662109375,0.5021659168287937,12090,16.377171215880892,0.9341174350953242,-7953.337890625,-0.6578443251137304
HMA200_one_break_fixed_6_MAexit200,HMA,200,one_break,fixed_6,ma_close,,200,24293,24293,2469,21824,0,10.163421561766764,164528.0,124146.0,268452.3125,257832.6875,32390.6640625,24293.0,10619.65234375,1.041188047578335,0.43714865779236817,0.04371486577923682,66.63750457763672,-5.688508033752441,108.72916666666667,-11.81418106213343,5977.64453125,324.9157409667969,78,11622.7802734375,6.786028897213189,1.0,1.3004634626629854,30.711314984426544,12147,10.562278751955215,1.1041289601190873,13316.9912109375,1.0963193554735737,12146,9.764531533014985,0.9792421552950842,-2697.3408203125,-0.22207647129198912
HMA200_one_break_fixed_8_RR2,HMA,200,one_break,fixed_8,fixed_RR,2,,24295,24295,8641,15654,0,35.56698909240584,138256.0,125232.0,157698.25,183934.5,24295.0,18221.25,-26236.25,0.8573609083668371,-1.0799032722782465,-0.10799032722782465,16.0,-8.0,18.25,-11.75,26583.5,2232.50048828125,22,-25236.25,1.5211771969541057,2.0,-11.720449836592776,0.0,12148,36.1458676325321,0.8792141072305316,-11009.0,-0.9062397102403688,12147,34.98806289618836,0.8358951285028788,-15227.25,-1.2535811311434921
HMA200_one_break_fixed_8_RR3,HMA,200,one_break,fixed_8,fixed_RR,3,,24182,24182,6659,17523,0,27.537010999917293,159816.0,140184.0,188116.75,205895.25,24182.0,18136.5,-17778.5,0.9136526947561928,-0.7351956000330825,-0.07351956000330825,24.0,-8.0,28.25,-11.75,18228.75,1491.1043701171875,25,-16778.5,2.01873294185758,2.0,-6.398416301788328,0.0,12086,28.106900546086383,0.9399534260730735,-6130.5,-0.5072397815654476,12096,26.96759259259259,0.8877836598442189,-11648.0,-0.9629629629629629
HMA200_one_break_fixed_8_RR4,HMA,200,one_break,fixed_8,fixed_RR,4,,24028,24028,5378,18650,0,22.382220742467123,172096.0,149200.0,205708.5,219137.5,24028.0,18021.0,-13429.0,0.9387188409103873,-0.5588896287664391,-0.05588896287664391,32.0,-8.0,38.25,-11.75,13955.5,983.6475219726562,33,-12429.0,2.52243216247711,2.0,-4.15702552905361,0.0,12012,22.85214785214785,0.9642657886942686,-3891.0,-0.3239260739260739,12016,21.912450066577897,0.9134877245176315,-9538.0,-0.793774966711052
HMA200_one_break_fixed_8_RR5,HMA,200,one_break,fixed_8,fixed_RR,5,,23868,23868,4498,19370,0,18.845315904139433,179920.0,154960.0,217028.5,227597.5,23868.0,17901.0,-10569.0,0.9535627588176496,-0.44281045751633985,-0.04428104575163398,40.0,-8.0,48.25,-11.75,10997.5,788.7753295898438,38,-9569.0,3.026018099547511,2.0,-2.9155205915909814,0.0,11907,19.366759049298732,0.9862846733607094,-1547.25,-0.1299445704207609,11961,18.32622690410501,0.9214035714363499,-9021.75,-0.7542638575369952
HMA200_one_break_fixed_8_RR6,HMA,200,one_break,fixed_8,fixed_RR,6,,23661,23661,3825,19836,0,16.16584252567516,183600.0,158688.0,222806.25,233073.0,23661.0,17745.75,-10266.75,0.9559504961964707,-0.4339102320273868,-0.04339102320273868,48.0,-8.0,58.25,-11.75,11124.0,643.8431396484375,63,-9266.75,3.5586830649592156,2.0,-2.590053601544083,0.0,11815,16.724502750740584,0.9956209872565323,-506.25,-0.0428480744815912,11846,15.608644268107378,0.916906986989714,-9760.5,-0.8239490123248354
HMA200_one_break_fixed_8_MAexit9,HMA,200,one_break,fixed_8,ma_close,,9,24295,24295,6314,17981,0,25.98888660218152,151312.0,124368.0,178090.5,186926.75,24295.0,18221.25,-8836.25,0.9527288095470552,-0.3637065239761268,-0.03637065239761268,23.964523315429688,-6.9166340827941895,28.205654101995567,-10.395792781269117,9819.75,742.51416015625,27,-7836.25,2.321383000617411,2.0,-2.642540722967623,-16.567790458140138,12148,26.51465261771485,0.9796009276232489,-1889.0,-0.1554988475469213,12147,25.463077303037785,0.9263473434791597,-6947.25,-0.5719313410718696
HMA200_one_break_fixed_8_MAexit21,HMA,200,one_break,fixed_8,ma_close,,21,24242,24242,5756,18486,0,23.743915518521575,168976.0,131960.0,201147.0,197300.5,24242.0,18181.5,3846.5,1.0194956424337496,0.15867090174078047,0.015867090174078047,29.356496810913086,-7.1383748054504395,34.94562195969423,-10.672968733095315,6524.25,422.9659423828125,31,4846.5,2.955696724692682,2.0,0.9277382200703596,7.969161956572814,12124,24.406136588584626,1.0641643295298833,6263.0,0.5165786869020126,12118,23.081366562138967,0.9757602810663871,-2416.5,-0.1994140947351048
HMA200_one_break_fixed_8_MAexit34,HMA,200,one_break,fixed_8,ma_close,,34,24168,24168,5746,18422,0,23.77523998675935,167944.0,135672.0,199874.5,201828.5,24168.0,18126.0,-1954.0,0.9903185129949438,-0.08085071168487255,-0.008085071168487255,29.227985382080078,-7.364672660827637,34.78498085624783,-10.955840842470959,8721.75,680.8547973632812,41,-954.0,3.3785998013902683,1.0,-0.44628778361531685,-4.648562772396765,12081,24.302623954970613,1.0451349694019298,4508.25,0.3731686118698783,12087,23.248117812525855,0.93661027174033,-6462.25,-0.5346446595515844
HMA200_one_break_fixed_8_MAexit55,HMA,200,one_break,fixed_8,ma_close,,55,24117,24117,5838,18279,0,24.206990919268563,171744.0,137728.0,204463.5,204148.25,24117.0,18087.75,315.25,1.0015442209276837,0.013071692167350832,0.0013071692167350832,29.418292999267578,-7.534766674041748,35.022867420349435,-11.168458340171782,6262.25,520.7692260742188,31,1315.25,3.921383256623958,1.0,0.06583294659295807,0.8673874975574393,12053,24.649464863519455,1.0654326716592535,6627.25,0.549842362897204,12064,23.764920424403183,0.9386378715740815,-6312.0,-0.523209549071618
HMA200_one_break_fixed_8_MAexit84,HMA,200,one_break,fixed_8,ma_close,,84,24079,24079,5721,18358,0,23.759292329415675,172064.0,139632.0,205068.25,206666.5,24079.0,18059.25,-1598.25,0.992266526021392,-0.06637526475351967,-0.0066375264753519665,30.07586097717285,-7.606057167053223,35.84482607935676,-11.257571630896612,6619.0,450.8917236328125,31,-598.25,4.649196395199136,1.0,-0.3120323704421036,-4.760133455692662,12033,24.291531621374553,1.0586028460543337,6002.25,0.49881575666915984,12046,23.22762742819193,0.9270893288822378,-7600.5,-0.6309563340527976
HMA200_one_break_fixed_8_MAexit144,HMA,200,one_break,fixed_8,ma_close,,144,24134,24134,4895,19239,0,20.282588878760254,180992.0,145672.0,217673.75,215758.25,24134.0,18100.5,1915.5,1.0088779919191966,0.07936935443772271,0.007936935443772272,36.97487258911133,-7.5717034339904785,44.46859039836568,-11.214629138728624,6464.75,588.6410522460938,44,2915.5,6.15936023866744,1.0,0.32655425740912275,5.477574888170917,12060,20.93698175787728,1.067253277718544,7175.0,0.5949419568822554,12074,19.628954778863676,0.9517795584567992,-5259.5,-0.43560543316216666
HMA200_one_break_fixed_8_MAexit200,HMA,200,one_break,fixed_8,ma_close,,200,24293,24293,3065,21228,0,12.616803194335816,201328.0,158784.0,246296.25,235629.0,24293.0,18219.75,10667.25,1.045271380008403,0.43910797349030584,0.043910797349030584,65.6861343383789,-7.4799323081970215,80.35766721044045,-11.09991520633126,4852.25,214.60464477539062,63,11667.25,8.122710245749804,2.0,1.581290055747538,27.76023209891574,12147,12.982629455832717,1.1105859466854786,12932.75,1.0646867539310119,12146,12.250946813765848,0.9809110939784212,-2265.5,-0.18652231187222132
HMA200_one_break_fixed_10_RR2,HMA,200,one_break,fixed_10,fixed_RR,2,,23194,23194,8341,14853,0,35.961886694834874,166820.0,148530.0,155142.625,169324.1875,18555.203125,13916.3984375,-14181.611328125,0.916246091539639,-0.611434479957101,-0.0611434479957101,20.0,-10.0,18.600002997242537,-11.399999158419174,14514.4677734375,1276.782958984375,21,-13186.384765625,2.2945158230576874,3.0,-6.468088675147932,-97642221.36341245,11565,36.33376567228707,0.9311280771341411,-5781.0048828125,-0.49987072051988757,11629,35.592054346891395,0.9016162632047409,-8400.60546875,-0.7223841662008771
HMA200_one_break_fixed_10_RR3,HMA,200,one_break,fixed_10,fixed_RR,3,,22656,22656,6223,16433,0,27.46733757062147,186690.0,164330.0,177977.8125,187336.1875,18124.802734375,13593.5986328125,-9358.412109375,0.9500450226681377,-0.4130655062400689,-0.041306550624006885,30.0,-10.0,28.600002008677485,-11.399999239335484,9701.296875,777.4720458984375,22,-8357.7568359375,3.0112111581920904,3.0,-3.4823744315028557,-65194423.22001943,11287,27.961371489323998,0.9737653220623032,-2431.806396484375,-0.2154519709829339,11369,26.97686691881432,0.9268133849990895,-6926.6064453125,-0.6092537993941859
HMA200_one_break_fixed_10_RR4,HMA,200,one_break,fixed_10,fixed_RR,4,,22280,22280,4962,17318,0,22.27109515260323,198480.0,173180.0,191533.21875,197425.21875,17824.001953125,13367.9990234375,-5892.00390625,0.970155788417988,-0.26445259902378815,-0.026445259902378816,40.0,-10.0,38.60000377871826,-11.400001082688533,6402.64697265625,520.879150390625,30,-4890.5908203125,3.7282315978456015,3.0,-1.897463167681875,-41390946.56092659,11090,22.867448151487828,1.0038352834217728,373.9989013671875,0.03372397667873647,11190,21.680071492403933,0.9372832317962408,-6266.00244140625,-0.5599644719755362
HMA200_one_break_fixed_10_RR5,HMA,200,one_break,fixed_10,fixed_RR,5,,21895,21895,4092,17803,0,18.689198447134046,204600.0,178030.0,198871.171875,202954.21875,17516.001953125,13136.9990234375,-4083.005859375,0.9798819315008696,-0.18648119933203927,-0.01864811993320393,50.0,-10.0,48.59999312683284,-11.400001053193282,6041.630859375,325.06390380859375,35,-3082.138671875,4.6786024206439825,3.0,-1.1797412321294027,-28933929.987704344,10900,19.229357798165136,1.0149452805282686,1499.997802734375,0.13761447731508028,10995,18.153706230104593,0.9455786011818137,-5583.0029296875,-0.507776528393588
HMA200_one_break_fixed_10_RR6,HMA,200,one_break,fixed_10,fixed_RR,6,,21576,21576,3526,18050,0,16.342232109751574,211560.0,180500.0,206623.5625,205770.015625,17260.802734375,12945.5986328125,853.5947265625,1.0041480624492711,0.03956223241390897,0.003956223241390897,60.0,-10.0,58.59998936471923,-11.40000086565097,4604.970703125,239.35134887695312,45,1853.8480224609375,5.44739525398591,3.0,0.22452224245938618,0.0,10714,16.70711218965839,1.0310652007671384,3160.39794921875,0.29497834134951934,10862,15.982323697293316,0.9778268725040663,-2306.80322265625,-0.21237370858555055
HMA200_one_break_fixed_10_MAexit9,HMA,200,one_break,fixed_10,ma_close,,9,24295,24295,6993,17302,0,28.783700349866226,167288.0,138190.0,157497.8125,162412.8125,19436.00390625,14576.998046875,-4915.01171875,0.969737609217253,-0.20230548338135418,-0.020230548338135416,23.922208786010742,-7.986937999725342,22.52220970970971,-9.386938648711132,6511.400390625,512.7086791992188,23,-3913.70166015625,2.4591891335665776,2.0,-1.7340386574924151,-8.932327710838864,12148,29.22291735265064,0.9920868111578863,-637.205322265625,-0.05245351681475346,12147,28.344447188606242,0.9477614204335677,-4277.8056640625,-0.35216972619268133
HMA200_one_break_fixed_10_MAexit21,HMA,200,one_break,fixed_10,ma_close,,21,23876,23876,6358,17518,0,26.629251130842686,185776.0,146858.0,176874.8125,171383.21875,19100.80078125,14325.599609375,5491.5888671875,1.0320427740245135,0.2300045596912171,0.02300045596912171,29.21925163269043,-8.383262634277344,27.81925330292545,-9.78326399988583,4594.75537109375,334.69952392578125,28,6492.8955078125,3.2539370078740157,2.0,1.576629630611814,10.86106033736525,11941,27.15852943639561,1.0756675934745739,6432.59423828125,0.5386981189415668,11935,26.099706744868033,0.989105177114477,-941.0057373046875,-0.07884421762083682
HMA200_one_break_fixed_10_MAexit34,HMA,200,one_break,fixed_10,ma_close,,34,23558,23558,6351,17207,0,26.95899482129213,184800.0,150892.0,175908.625,174981.8125,18846.40234375,14134.798828125,926.7880859375,1.0052966218989188,0.0393406947082732,0.00393406947082732,29.097780227661133,-8.769222259521484,27.697783813572666,-10.169222554774219,5735.25390625,457.79486083984375,33,1927.3916015625,3.8056711096018336,2.0,0.2521675642258019,2.066367997305178,11754,27.437468095967333,1.0547079006751614,4730.3935546875,0.4024496813584737,11804,26.48254828871569,0.9570288369398374,-3803.606201171875,-0.32223027797118564
HMA200_one_break_fixed_10_MAexit55,HMA,200,one_break,fixed_10,ma_close,,55,23371,23371,6438,16933,0,27.54695990757777,189544.0,153748.0,180530.8125,177454.203125,18696.80078125,14022.599609375,3076.588134765625,1.0173374838173477,0.13164127058173056,0.013164127058173056,29.44144058227539,-9.079785346984863,28.04144338303821,-10.479785219689363,3851.35107421875,337.0101013183594,30,4077.5712890625,4.489709469000043,1.0,0.7635930618587615,7.849462591021118,11660,28.00171526586621,1.0726644094315554,6379.99365234375,0.5471692669248499,11711,27.094184954316454,0.9631535927066186,-3303.406494140625,-0.28207723457780076
HMA200_one_break_fixed_10_MAexit84,HMA,200,one_break,fixed_10,ma_close,,84,23332,23332,6342,16990,0,27.181553231613236,191040.0,156386.0,182161.21875,180172.0,18665.6015625,13999.19921875,1989.1875,1.011040665308705,0.08525576461512087,0.008525576461512087,30.122989654541016,-9.204590797424316,28.722992549668874,-10.604590935844614,4584.9404296875,204.73973083496094,29,2989.6494140625,5.375750042859592,1.0,0.462482244321942,5.427871229593132,11649,27.701948665121467,1.072382567546241,6453.39453125,0.5539869972744441,11683,26.662672258837627,0.950951103120993,-4464.2060546875,-0.3821112774704699
HMA200_one_break_fixed_10_MAexit144,HMA,200,one_break,fixed_10,ma_close,,144,23461,23461,5447,18014,0,23.217254166489067,201592.0,164574.0,193966.203125,189793.625,18768.80078125,14076.599609375,4172.58984375,1.0219848170611632,0.1778521735539832,0.01778521735539832,37.00973129272461,-9.135894775390625,35.60973070038553,-10.53589569223937,4934.55224609375,465.5238037109375,33,5174.10009765625,7.178764758535442,1.0,0.8477779922365238,11.052151050178248,11725,23.812366737739872,1.0701357877213356,6572.99462890625,0.5605965568363539,11736,22.62269938650307,0.9750153931823734,-2400.40576171875,-0.2045335516120271
HMA200_one_break_fixed_10_MAexit200,HMA,200,one_break,fixed_10,ma_close,,200,24292,24292,3487,20805,0,14.35452000658653,229312.0,183006.0,224430.1875,212133.0,19433.60546875,14575.197265625,12297.1904296875,1.0579692339240006,0.5062238773953359,0.05062238773953359,65.76197052001953,-8.79625129699707,64.3619694579868,-10.196250901225667,4032.7744140625,192.56935119628906,63,13293.068359375,9.34624567758933,2.0,2.1246999987139565,29.830802415365408,12147,14.70321890178645,1.1142353141331902,12002.1962890625,0.9880790556567465,12145,14.005763688760805,1.0027551224569407,294.99462890625,0.02428938895893372
HMA200_one_break_candle_RR2,HMA,200,one_break,candle,fixed_RR,2,,20559,20559,7348,13211,0,35.741037988229,220160.0,200858.0,139087.3125,145985.5,12427.53125,9320.6484375,-6898.181640625,0.9527474475204729,-0.33553099083734617,-0.03355309908373462,29.961894989013672,-15.203845024108887,18.928594515514426,-11.05029899326319,7906.3251953125,404.3043212890625,17,-5898.51171875,4.327642395058126,3.0,-3.3473094476192222,-120.27458537192976,10220,36.69275929549902,0.9925476823132491,-532.920166015625,-0.052144830334209885,10339,34.80027081922816,0.9145311509336028,-6365.26171875,-0.6156554520504884
HMA200_one_break_candle_RR3,HMA,200,one_break,candle,fixed_RR,3,,19726,19726,5379,14347,0,27.268579539693803,238845.0,216735.0,155527.390625,158643.515625,12009.216796875,9006.9130859375,-3116.13232421875,0.9803576907147855,-0.15797081639555663,-0.015797081639555663,44.403236389160156,-15.106642723083496,28.91381123350065,-11.057608951348714,4421.861328125,202.07102966308594,25,-2116.0517578125,6.250126736287133,4.0,-1.2460687802620927,-55.27363267035316,9761,27.95820100399549,1.0144931597689812,1127.2684326171875,0.11548698213473901,9965,26.593075765178124,0.9475244958306439,-4243.400390625,-0.42583044562217764
HMA200_one_break_candle_RR4,HMA,200,one_break,candle,fixed_RR,4,,19015,19015,4223,14792,0,22.20878254009992,249056.0,222043.0,164313.21875,163676.375,11636.08984375,8727.068359375,636.8388671875,1.003890871544534,0.033491394540494344,0.0033491394540494344,58.97608184814453,-15.011019706726074,38.909121181624435,-11.065195713899405,3296.9111328125,90.3804702758789,30,1636.9287109375,8.08493294767289,4.0,0.2222920015698776,11.448662426555874,9387,22.97858740811761,1.0488058759887087,3905.573486328125,0.41606194591755885,9628,21.458246780224346,0.9609253927324992,-3268.734375,-0.33950294713336104
HMA200_one_break_candle_RR5,HMA,200,one_break,candle,fixed_RR,5,,18296,18295,3436,14859,1,18.781087728887673,252010.0,222346.0,168032.421875,164478.859375,11232.25,8424.1875,3553.559814453125,1.0216049801992981,0.19423666654567504,0.019423666654567504,73.34400177001953,-14.963726043701172,48.90349879947613,-11.0693087943334,2208.403564453125,79.77082061767578,34,4553.4267578125,9.939218365673682,4.0,1.1214719519120127,64.86136125275816,9021,19.554373129364816,1.0736219483947682,5914.8818359375,0.6556791748073939,9274,18.028897994392924,0.9719349116513805,-2361.321533203125,-0.2546173747253747
HMA200_one_break_candle_RR6,HMA,200,one_break,candle,fixed_RR,6,,17522,17521,2835,14686,1,16.180583300039952,247668.0,219314.0,166967.0625,162605.125,10787.453125,8090.58984375,4361.9521484375,1.0268253383772499,0.2489556616881171,0.024895566168811712,87.36084747314453,-14.933542251586914,58.89490740740741,-11.072118003540787,2631.79931640625,92.68091583251953,34,5361.77587890625,11.87221049026882,4.0,1.2787455701581036,81.13664789317613,8606,16.802231001626772,1.0739882622876775,5866.35986328125,0.6816592915734662,8915,15.580482333146383,0.9819437677526117,-1504.4073486328125,-0.16875012323419097
HMA200_one_break_candle_MAexit9,HMA,200,one_break,candle,ma_close,,9,24121,24121,7776,16345,0,32.23746942498238,185760.0,153287.0,123763.328125,122743.859375,13986.09765625,10489.5732421875,1019.472900390625,1.0083056598936275,0.04226495171803097,0.004226495171803097,23.88888931274414,-9.378219604492188,15.916065859696502,-7.509566189966351,3945.419189453125,221.4698028564453,21,2019.570556640625,2.6791592388375274,2.0,0.42401315665492706,1.6689442248203614,12056,32.69741207697412,1.029680234691927,1803.782958984375,0.14961703375782806,12065,31.77786987152922,0.9873438068098441,-784.3104248046875,-0.06500708038165665
HMA200_one_break_candle_MAexit21,HMA,200,one_break,candle,ma_close,,21,23703,23703,7202,16501,0,30.384339535079945,209736.0,165413.0,144665.03125,132114.234375,13811.166015625,10358.375,12550.77734375,1.0949995807368884,0.5295016387693541,0.05295016387693541,29.121910095214844,-10.024422645568848,20.086785788669815,-8.006438056784438,2780.041259765625,92.3099136352539,26,13550.1171875,3.5878158882841835,2.0,4.084912179990958,21.491851145993355,11851,30.950974601299468,1.1469684500330135,9611.296875,0.8110114652771918,11852,29.817752278096528,1.0440587240437635,2939.47998046875,0.24801552315801131
HMA200_one_break_candle_MAexit34,HMA,200,one_break,candle,ma_close,,34,23303,23303,7282,16021,0,31.249195382568768,209808.0,170921.0,147131.03125,137675.03125,13642.91796875,10232.189453125,9455.9873046875,1.0686834781452066,0.40578411812588505,0.040578411812588505,28.811864852905273,-10.668560028076172,20.20475573331502,-8.593410601710255,2760.03564453125,111.57898712158203,26,10455.37890625,4.237351413981033,2.0,2.841185478306113,17.293120537577234,11653,31.820132154809922,1.1270207709100322,8648.6748046875,0.7421843992695014,11650,30.67811158798283,1.011601492032598,807.3130493164062,0.06929725745205204
HMA200_one_break_candle_MAexit55,HMA,200,one_break,candle,ma_close,,55,22946,22946,7428,15518,0,32.371655190447136,215536.0,176410.0,152263.03125,141219.40625,13492.025390625,10119.01953125,11043.62109375,1.0782018937287523,0.48128741801403296,0.048128741801403294,29.016693115234375,-11.368088722229004,20.49852332390953,-9.100361274004381,2372.769775390625,88.93314361572266,26,12042.9658203125,5.109343676457771,2.0,3.0419029086774274,22.048389031937248,11456,32.987081005586596,1.1572042175770167,10919.296875,0.9531509143680168,11490,31.75805047867711,1.0017324435630353,124.32354736328125,0.010820152076873911
HMA200_one_break_candle_MAexit84,HMA,200,one_break,candle,ma_close,,84,22796,22796,7291,15505,0,31.983681347604843,220408.0,182695.0,154064.875,144635.171875,13427.26953125,10070.453125,9429.6962890625,1.065196473324964,0.4136557417556808,0.04136557417556808,30.230146408081055,-11.782973289489746,21.130829104375255,-9.328292284746857,3563.40869140625,93.12489318847656,29,10429.4150390625,6.251623091770486,2.0,2.4489221548917737,19.906016588426635,11400,32.53508771929825,1.1451613573133193,10375.7158203125,0.9101505105537281,11396,31.432081432081432,0.9870688752986365,-946.0192260742188,-0.0830132701012828
HMA200_one_break_candle_MAexit144,HMA,200,one_break,candle,ma_close,,144,22918,22918,6238,16680,0,27.21877999825465,234016.0,196177.0,162300.765625,153187.828125,13486.4091796875,10114.806640625,9112.931640625,1.0594886526660847,0.39763206390719086,0.039763206390719084,37.51458740234375,-11.761211395263672,26.01807720823982,-9.183922549460432,3791.83984375,209.19139099121094,31,10112.76953125,8.533641679029584,2.0,2.1375802438926503,18.8087616311736,11470,27.811682650392328,1.126374808709885,9534.1845703125,0.8312279485887096,11448,26.62473794549266,0.9945814814710603,-421.25537109375,-0.03679728957841981
HMA200_one_break_candle_MAexit200,HMA,200,one_break,candle,ma_close,,200,24292,24291,4071,20220,1,16.759293565518092,274232.0,221305.0,187949.046875,170600.84375,14058.580078125,10543.935546875,17348.1875,1.101688847157299,0.7141816928080359,0.07141816928080359,67.36231994628906,-10.944856643676758,46.167783560550234,-8.437232628585559,2779.037353515625,95.82434844970703,41,18347.958984375,11.117327405211807,3.0,3.600039052880263,33.38261969500258,12146,17.026181458916515,1.1687312219686223,14210.1787109375,1.1699472016250205,12145,16.492383696994647,1.0363266759072467,3138.00634765625,0.2583784559618156
HMA200_two_confirm_fixed_6_RR2,HMA,200,two_confirm,fixed_6,fixed_RR,2,,16877,16877,5220,11657,0,30.92966759495171,62640.0,69942.0,92219.9765625,143769.671875,22502.66796875,16877.0,-51549.67578125,0.6414424917285776,-3.05443359490727,-0.305443359490727,12.0,-6.0,17.666662176724138,-12.33333378013211,51729.75390625,4687.08154296875,27,-50544.7421875,1.4466433607868696,1.0,-28.61697373665854,-416081325.91270834,8477,31.79190751445087,0.6676590141534957,-23699.669921875,-2.7957614630028313,8400,30.059523809523807,0.6156410251710385,-27850.00390625,-3.3154766555059525
HMA200_two_confirm_fixed_6_RR3,HMA,200,two_confirm,fixed_6,fixed_RR,3,,16876,16876,4872,12004,0,28.86940033183219,87696.0,72024.0,134791.96875,148049.34375,22501.33203125,16876.0,-13257.34375,0.910452997195403,-0.7855738178478312,-0.07855738178478312,18.0,-6.0,27.666660252463053,-12.333334201099634,13809.62109375,958.336181640625,31,-12255.28125,1.7503555344868453,1.0,-5.630081613398607,-107009339.76236267,8476,29.742803209060874,0.9496582263939002,-3697.33837890625,-0.43621264498657975,8400,27.98809523809524,0.8718569997659528,-9560.0048828125,-1.1380958193824404
HMA200_two_confirm_fixed_6_RR4,HMA,200,two_confirm,fixed_6,fixed_RR,4,,16875,16875,3939,12936,0,23.342222222222222,94536.0,77616.0,148369.0,159544.0,22500.0,16875.0,-11174.9912109375,0.9299566263851978,-0.6622217013888889,-0.0662221701388889,24.0,-6.0,37.666666666666664,-12.333333333333334,11877.458984375,730.1721801757812,31,-10174.43359375,1.874548148148148,1.0,-4.067299394418579,0.0,8476,24.162340726757904,0.9730403110310358,-2137.32861328125,-0.25216241308178977,8399,22.51458506965115,0.8874026397995243,-9037.662109375,-1.0760402559084414
HMA200_two_confirm_fixed_6_RR5,HMA,200,two_confirm,fixed_6,fixed_RR,5,,16870,16870,3322,13548,0,19.69176052163604,99660.0,81288.0,158348.671875,167092.0,22493.333984375,16870.0,-8743.3271484375,0.947673568303689,-0.5182766537307351,-0.051827665373073505,30.0,-6.0,47.666668234497294,-12.333333333333334,9401.763671875,586.0242919921875,43,-7744.09375,2.247599288678127,1.0,-2.8212761273965135,0.0,8475,20.48377581120944,0.9956085527521672,-364.99658203125,-0.04306744330752212,8395,18.892197736748066,0.9002314696588314,-8378.330078125,-0.9980143035288862
HMA200_two_confirm_fixed_6_RR6,HMA,200,two_confirm,fixed_6,fixed_RR,6,,16851,16851,2879,13972,0,17.08503946353332,103644.0,83832.0,166022.34375,172321.328125,22468.0,16851.0,-6298.99462890625,0.9634462869829393,-0.37380539011965164,-0.03738053901196516,36.0,-6.0,57.666670284821116,-12.333332960563984,8210.884765625,393.5548095703125,50,-5299.48046875,2.589163847842858,1.0,-1.8417722222001778,0.0,8462,17.72630583786339,1.0073993622048942,635.336669921875,0.07508114747363212,8389,16.438192871617595,0.9197941743393299,-6934.33056640625,-0.8265979933730182
HMA200_two_confirm_fixed_6_MAexit9,HMA,200,two_confirm,fixed_6,ma_close,,9,16877,16877,3930,12947,0,23.28612905137169,89408.0,69324.0,139843.328125,145749.671875,22502.66796875,16877.0,-5906.333984375,0.9594761094552207,-0.3499634996963323,-0.03499634996963323,22.7501277923584,-5.354444980621338,35.58354405216285,-11.257408810921449,8593.984375,575.3616943359375,32,-4906.65673828125,2.0455649700776206,1.0,-1.7396108121810139,-14.67228443857084,8477,24.112303881090007,0.9923544138799818,-552.999755859375,-0.06523531389163324,8400,22.452380952380953,0.9270855745794119,-5353.33349609375,-0.6373016066778274
HMA200_two_confirm_fixed_6_MAexit21,HMA,200,two_confirm,fixed_6,ma_close,,21,16875,16875,3417,13458,0,20.24888888888889,105352.0,74094.0,167613.65625,154892.0,22500.0,16875.0,12721.666015625,1.0821324293701418,0.7538765046296296,0.07538765046296296,30.831724166870117,-5.50557279586792,49.05286984196664,-11.509288155743796,5570.3076171875,211.2095184326172,43,13723.6943359375,2.7061925925925925,1.0,2.7968465534253353,35.61401999249443,8476,20.882491741387447,1.1230898126488307,9472.66796875,1.1175870656854647,8399,19.60947731872842,1.0416886619181651,3248.999267578125,0.38683167848292954
HMA200_two_confirm_fixed_6_MAexit34,HMA,200,two_confirm,fixed_6,ma_close,,34,16873,16873,3010,13863,0,17.83915130682155,108648.0,78090.0,174056.65625,162497.0,22497.33203125,16873.0,11559.6640625,1.0711376594644824,0.6850983264683221,0.06850983264683222,36.095680236816406,-5.632979869842529,57.82613164451827,-11.721633124143404,6067.6025390625,144.8231964111328,39,12561.76953125,3.2652166182658684,1.0,2.352254410918871,37.135242873355445,8475,18.57227138643068,1.1246816679741947,10068.333984375,1.1880040099557523,8398,17.09930935937128,1.018243832237903,1491.332763671875,0.17758189612668196
HMA200_two_confirm_fixed_6_MAexit55,HMA,200,two_confirm,fixed_6,ma_close,,55,16865,16865,3019,13846,0,17.90097835754521,108952.0,79248.0,174542.34375,164387.34375,22486.66796875,16865.0,10154.99609375,1.0617748286963242,0.6021343666617255,0.06021343666617255,36.08877182006836,-5.723530292510986,57.81462197747599,-11.872551188068757,7348.71826171875,239.2425537109375,34,11156.75390625,3.760628520604803,1.0,1.9131886186176212,37.29770355582574,8470,18.46517119244392,1.1220884713251125,9979.9990234375,1.178276153888725,8395,17.33174508636093,1.0021175333081371,175.0,0.02084574151280524
HMA200_two_confirm_fixed_6_MAexit84,HMA,200,two_confirm,fixed_6,ma_close,,84,16861,16861,2950,13911,0,17.49599667872605,107656.0,80406.0,172543.328125,166469.0,22481.333984375,16861.0,6074.33056640625,1.0364892449945635,0.3602592115773827,0.03602592115773827,36.493560791015625,-5.780030250549316,58.489263771186444,-11.966716986557401,7699.82080078125,271.92047119140625,43,7073.0703125,4.380701026036415,1.0,1.0857213002422126,24.89209421951766,8466,17.989605480746516,1.0981207452218524,8129.33203125,0.9602329354181431,8395,16.998213222156046,0.9754241469528381,-2055.001953125,-0.24478879727516378
HMA200_two_confirm_fixed_6_MAexit144,HMA,200,two_confirm,fixed_6,ma_close,,144,16862,16862,2386,14476,0,14.150160123354288,112176.0,83784.0,181392.65625,173417.3125,22482.66796875,16862.0,7975.3291015625,1.0459893169547303,0.4729764619595837,0.04729764619595837,47.01424789428711,-5.787786483764648,76.02374528499581,-11.979643029842498,8641.498046875,399.75372314453125,81,8974.9453125,5.742794449057051,1.0,1.264500158533493,33.25085168739747,8467,14.503366009212234,1.1171030154638733,10123.662109375,1.195661049884847,8395,13.793924955330553,0.9752969225697087,-2148.336669921875,-0.25590669087812684
HMA200_two_confirm_fixed_6_MAexit200,HMA,200,two_confirm,fixed_6,ma_close,,200,16877,16877,1672,15205,0,9.906973988268057,118464.0,88968.0,193538.65625,183758.328125,22502.66796875,16877.0,9780.328125,1.0532238632381712,0.5795063177697458,0.057950631776974584,70.85167694091797,-5.851233005523682,115.75278483851675,-12.085388235777705,8679.216796875,368.0229797363281,100,10781.919921875,7.099306748829768,1.0,1.4073510752931098,48.4150402568191,8477,10.168691754158312,1.1249424002620885,11476.9970703125,1.3538984393432227,8400,9.642857142857144,0.981537846844396,-1696.670166015625,-0.20198454357328868
HMA200_two_confirm_fixed_8_RR2,HMA,200,two_confirm,fixed_8,fixed_RR,2,,16877,16877,6155,10722,0,36.46975173312793,98480.0,85776.0,112328.75,125983.5,16877.0,12657.75,-13654.75,0.891614774950688,-0.8090744800616223,-0.08090744800616223,16.0,-8.0,18.25,-11.75,13969.75,1175.657470703125,19,-12654.75,1.5189903418854063,2.0,-7.278773103352659,0.0,8477,36.864456765365105,0.9068989918264797,-5854.75,-0.6906629703904683,8400,36.07142857142857,0.8763817900867705,-7800.0,-0.9285714285714286
HMA200_two_confirm_fixed_8_RR3,HMA,200,two_confirm,fixed_8,fixed_RR,3,,16874,16874,4768,12106,0,28.25648927343843,114432.0,96848.0,134696.0,142245.5,16874.0,12655.5,-7549.5,0.946926264802753,-0.4474042906246296,-0.044740429062462964,24.0,-8.0,28.25,-11.75,7903.25,609.2310180664062,30,-6549.5,2.0311722176128955,2.0,-3.2269985090708535,0.0,8476,28.669183577159036,0.9663149893370683,-2393.0,-0.2823265691363851,8398,27.839961895689452,0.9275823327013553,-5156.5,-0.6140152417242201
HMA200_two_confirm_fixed_8_RR4,HMA,200,two_confirm,fixed_8,fixed_RR,4,,16852,16852,3872,12980,0,22.97650130548303,123904.0,103840.0,148104.0,152515.0,16852.0,12639.0,-4411.0,0.9710782545979084,-0.26174934725848564,-0.026174934725848566,32.0,-8.0,38.25,-11.75,6448.25,355.6673889160156,43,-3411.0,2.5490149537146927,2.0,-1.6154286373018993,0.0,8462,23.398723705979673,0.9943739455250875,-428.5,-0.05063814701016308,8390,22.550655542312274,0.9478399245594389,-3982.5,-0.47467222884386173
HMA200_two_confirm_fixed_8_RR5,HMA,200,two_confirm,fixed_8,fixed_RR,5,,16822,16822,3226,13596,0,19.177267863512068,129040.0,108768.0,155654.5,159753.0,16822.0,12616.5,-4098.5,0.9743447697382834,-0.2436392818927595,-0.02436392818927595,40.0,-8.0,48.25,-11.75,7144.75,333.24395751953125,43,-3098.5,3.0802520508857447,2.0,-1.337749241036469,0.0,8442,19.604359156597962,1.001335469248156,106.5,0.01261549395877754,8380,18.747016706443915,0.9474412776581683,-4205.0,-0.5017899761336515
HMA200_two_confirm_fixed_8_RR6,HMA,200,two_confirm,fixed_8,fixed_RR,6,,16778,16778,2757,14021,0,16.43223268565979,132336.0,112168.0,160595.25,164746.75,16778.0,12583.5,-4151.5,0.974800716857844,-0.2474371200381452,-0.02474371200381452,48.0,-8.0,58.25,-11.75,8140.5,333.25146484375,43,-3151.5,3.6029920133508164,2.0,-1.2355752853530682,0.0,8419,16.593419646038722,0.9862650514795446,-1133.25,-0.13460624777289465,8359,16.26988874267257,0.9632987083261134,-3018.25,-0.36107788012920206
HMA200_two_confirm_fixed_8_MAexit9,HMA,200,two_confirm,fixed_8,ma_close,,9,16877,16877,4634,12243,0,27.457486520116138,105136.0,84576.0,123310.5,127145.25,16877.0,12657.75,-3834.75,0.9698396125690892,-0.22721751496118978,-0.022721751496118978,22.687957763671875,-6.908110618591309,26.609948208890806,-10.385138446459202,7572.5,559.7855834960938,26,-2834.75,2.220062807370978,1.0,-1.3832362521324224,-8.598256958610873,8477,28.075970272502065,0.9871550810148235,-814.75,-0.0961130116786599,8400,26.833333333333332,0.9526018001899067,-3020.0,-0.3595238095238095
HMA200_two_confirm_fixed_8_MAexit21,HMA,200,two_confirm,fixed_8,ma_close,,21,16875,16875,4103,12772,0,24.314074074074075,123672.0,91304.0,147409.75,136481.0,16875.0,12656.25,10928.75,1.0800752485693978,0.6476296296296297,0.06476296296296297,30.141847610473633,-7.1487627029418945,35.92730928588838,-10.685953648606326,4430.5,201.45504760742188,43,11928.75,3.0005333333333333,2.0,2.9906903777973923,27.283363165008158,8476,24.68145351580934,1.1040797744228397,7087.0,0.836125530910807,8399,23.943326586498394,1.0561749696588634,3841.75,0.45740564352899155
HMA200_two_confirm_fixed_8_MAexit34,HMA,200,two_confirm,fixed_8,ma_close,,34,16871,16871,3624,13247,0,21.480647264536778,128408.0,97496.0,154168.0,145052.25,16871.0,12653.25,9115.75,1.0628445956543247,0.5403206686029282,0.05403206686029281,35.43267059326172,-7.3598551750183105,42.54083885209713,-10.949818826904204,5481.25,206.7615966796875,39,10115.75,3.6878074802916245,2.0,2.2369753418771925,25.86653206094703,8473,21.928478697037647,1.0993456152770344,7192.25,0.8488433848695858,8398,21.028816384853535,1.0264740695881964,1923.5,0.22904262919742796
HMA200_two_confirm_fixed_8_MAexit55,HMA,200,two_confirm,fixed_8,ma_close,,55,16859,16859,3627,13232,0,21.51373153805089,130584.0,99592.0,156882.75,147646.0,16859.0,12644.25,9236.75,1.0625601099928206,0.5478824366807047,0.05478824366807047,36.0033073425293,-7.526602268218994,43.25413564929694,-11.158252720677146,5710.75,298.3672790527344,31,10236.75,4.321134112343556,1.0,2.089528108818989,30.149536419214595,8467,21.80229124837605,1.111093031218325,8192.75,0.9676095429313807,8392,21.222592945662537,1.014127342293731,1044.0,0.12440419447092468
HMA200_two_confirm_fixed_8_MAexit84,HMA,200,two_confirm,fixed_8,ma_close,,84,16850,16850,3525,13325,0,20.919881305637983,130208.0,101432.0,156591.25,150108.75,16850.0,12637.5,6482.5,1.0431853572826368,0.3847181008902077,0.03847181008902077,36.938438415527344,-7.612157821655273,44.42304964539007,-11.265196998123827,5309.5,321.0096740722656,38,7482.5,5.110919881305638,1.0,1.3789958029633818,23.251503634790645,8461,21.108616002836545,1.0953496509322358,7153.25,0.8454378915021865,8389,20.72952676123495,0.9910670883968703,-670.75,-0.07995589462391227
HMA200_two_confirm_fixed_8_MAexit144,HMA,200,two_confirm,fixed_8,ma_close,,144,16848,16848,2871,13977,0,17.04059829059829,137944.0,106736.0,167405.75,157879.75,16848.0,12636.0,9526.0,1.0603370603259759,0.5654083570750238,0.05654083570750238,48.04737091064453,-7.636545658111572,58.309212817833505,-11.295682192172855,6274.5,531.6246337890625,40,10526.0,6.839862298195632,1.0,1.7914190461746835,35.241389930318554,8460,17.18676122931442,1.1086811870647209,8575.0,1.0135933806146573,8388,16.89318073438245,1.0120411373873517,951.0,0.11337625178826896
HMA200_two_confirm_fixed_8_MAexit200,HMA,200,two_confirm,fixed_8,ma_close,,200,16877,16877,2079,14798,0,12.31854002488594,146816.0,114512.0,179881.75,169036.5,16877.0,12657.75,10845.25,1.0641592200501075,0.6426053208508621,0.06426053208508621,70.61856842041016,-7.738343238830566,86.52320827320827,-11.42292877415867,6295.0,265.0526428222656,70,11845.25,8.549268234875866,2.0,1.8553075143293212,46.93444665184276,8477,12.492627108646927,1.1217805167717425,10305.25,1.215671817860092,8400,12.142857142857142,1.0063969673636202,540.0,0.06428571428571428
HMA200_two_confirm_fixed_10_RR2,HMA,200,two_confirm,fixed_10,fixed_RR,2,,16835,16835,6115,10720,0,36.323136323136325,122300.0,107200.0,113739.015625,122208.015625,13468.001953125,10100.9990234375,-8469.0087890625,0.930700126692283,-0.5030596251299376,-0.05030596251299376,20.0,-10.0,18.60000255519215,-11.40000145755597,8756.6943359375,737.9651489257812,18,-7468.1025390625,2.292248292248292,3.0,-4.523996487691076,-68442511.3910791,8450,36.84023668639053,0.9516779619687379,-2940.00390625,-0.34792945636094674,8385,35.802027429934405,0.9099014885597472,-5529.00390625,-0.6593922368813357
HMA200_two_confirm_fixed_10_RR3,HMA,200,two_confirm,fixed_10,fixed_RR,3,,16789,16789,4644,12145,0,27.660968491274048,139320.0,121450.0,132818.40625,138453.0,13431.2021484375,10073.400390625,-5634.60888671875,0.9593032021696893,-0.335613132808312,-0.0335613132808312,30.0,-10.0,28.600001345822566,-11.4,6667.84521484375,355.09112548828125,30,-4633.55615234375,3.0203109178628864,3.0,-2.430363913106868,-45598575.23081193,8425,28.296735905044514,0.9900533498021787,-685.0042724609375,-0.08130614509922107,8364,27.02056432329029,0.9288705366906495,-4949.6044921875,-0.5917748077699068
HMA200_two_confirm_fixed_10_RR4,HMA,200,two_confirm,fixed_10,fixed_RR,4,,16717,16717,3704,13013,0,22.15708560148352,148160.0,130130.0,142974.40625,148348.21875,13373.6015625,10030.2001953125,-5373.8017578125,0.963775685712438,-0.3214573044094335,-0.03214573044094335,40.0,-10.0,38.60000168736501,-11.400001440866825,6968.15234375,313.2344665527344,32,-4372.80615234375,3.76963570018544,3.0,-2.0015504789678977,-43581519.94298953,8387,22.797186121378324,0.9998401832283411,-11.80078125,-0.0014070324609514724,8330,21.51260504201681,0.9280589083095306,-5362.0009765625,-0.6436975962259904
HMA200_two_confirm_fixed_10_RR5,HMA,200,two_confirm,fixed_10,fixed_RR,5,,16622,16622,3082,13540,0,18.54169173384671,154100.0,135400.0,149785.203125,154356.0,13297.6025390625,9973.19921875,-4570.8017578125,0.9703879546308534,-0.2749850654441403,-0.02749850654441403,50.0,-10.0,48.60000101395198,-11.4,7717.578125,293.29266357421875,43,-3569.84814453125,4.686319335819998,3.0,-1.5203974762142405,-37174974.14175353,8334,18.802495800335972,0.987198014746406,-987.60107421875,-0.11850264869435445,8288,18.279440154440156,0.9535928838961543,-3583.20068359375,-0.4323359898158482
HMA200_two_confirm_fixed_10_RR6,HMA,200,two_confirm,fixed_10,fixed_RR,6,,16520,16520,2649,13871,0,16.035108958837775,158940.0,138710.0,155231.40625,158129.390625,13216.001953125,9912.0,-2897.999755859375,0.9816733349597704,-0.17542371403507112,-0.01754237140350711,60.0,-10.0,58.6000023593809,-11.399999324129478,7789.9853515625,210.4722442626953,46,-1897.718505859375,5.424273607748184,3.0,-0.8778300307490244,-23642490.878559787,8277,16.10486891385768,0.9867638228923353,-1047.799072265625,-0.12659164821380028,8243,15.965061264102875,0.9765702553988087,-1850.2003173828125,-0.2244571536313008
HMA200_two_confirm_fixed_10_MAexit9,HMA,200,two_confirm,fixed_10,ma_close,,9,16877,16877,5074,11803,0,30.064584938081413,114784.0,94480.0,107680.40625,111004.203125,13501.6015625,10126.19921875,-3323.80908203125,0.9700570178297021,-0.196943122713234,-0.0196943122713234,22.621994018554688,-8.004744529724121,21.22199571344107,-9.40474482123189,6077.32080078125,480.04266357421875,26,-2323.010498046875,2.3310422468448184,2.0,-1.4241557153562543,-7.263852761443401,8477,30.67122802878377,0.9811629034757455,-1041.8037109375,-0.12289768915152767,8400,29.452380952380953,0.9590293483487241,-2282.00439453125,-0.2716671898251488
HMA200_two_confirm_fixed_10_MAexit21,HMA,200,two_confirm,fixed_10,ma_close,,21,16866,16866,4533,12333,0,26.876556385627893,134672.0,103648.0,128325.8125,120914.203125,13492.80078125,10119.599609375,7411.59228515625,1.0612964332017965,0.4394398366628869,0.04394398366628869,29.709243774414062,-8.404119491577148,28.309246084270903,-9.804119283629287,4267.58203125,213.33839416503906,32,8412.494140625,3.2742203249140283,2.0,2.4333052444983325,17.53256246972747,8469,27.26413980399103,1.0818037908985219,4925.396484375,0.5815794644438541,8397,26.485649636775037,1.0409560293523745,2486.1962890625,0.2960814920879481
HMA200_two_confirm_fixed_10_MAexit34,HMA,200,two_confirm,fixed_10,ma_close,,34,16841,16841,4073,12768,0,24.185024642242148,142640.0,112172.0,136937.796875,130047.203125,13472.8017578125,10104.599609375,6890.59326171875,1.052985328284045,0.40915582576561665,0.040915582576561665,35.020870208740234,-8.785401344299316,33.62086837097962,-10.185401247258772,4637.478515625,172.6973419189453,39,7891.38037109375,4.158541654296063,3.0,2.012220645940723,18.248253183814516,8451,24.62430481599811,1.083036252229956,5376.5966796875,0.636208339804461,8390,23.742550655542313,1.0231862917176056,1513.996337890625,0.1804524836580006
HMA200_two_confirm_fixed_10_MAexit55,HMA,200,two_confirm,fixed_10,ma_close,,55,16827,16827,4070,12757,0,24.187318000831993,147240.0,115728.0,141542.0,133587.8125,13461.6015625,10096.19921875,7954.1943359375,1.0595427633041001,0.4727042453163071,0.04727042453163071,36.176902770996094,-9.071724891662598,34.776904176904175,-10.4717263071255,4666.4599609375,159.14727783203125,28,8954.8984375,4.962679027753016,2.0,2.117214232592063,23.731233122903866,8446,24.603362538479754,1.1103580809246871,7341.59619140625,0.869239425930174,8381,23.76804677246152,1.0091347718136028,612.5968017578125,0.07309352126927723
HMA200_two_confirm_fixed_10_MAexit84,HMA,200,two_confirm,fixed_10,ma_close,,84,16818,16818,3951,12867,0,23.49268640742062,148080.0,119052.0,142548.59375,137065.796875,13454.40234375,10090.7998046875,5482.79345703125,1.0400012038014133,0.3260074596879088,0.03260074596879088,37.47911834716797,-9.252506256103516,36.07911762844849,-10.652506168881635,4253.2939453125,141.94935607910156,38,6483.38427734375,5.932215483410632,1.0,1.3623406850405169,18.00730637675775,8443,23.771171384578942,1.088736408231165,6061.79736328125,0.7179672347839926,8375,23.211940298507464,0.9915787117341359,-579.0032958984375,-0.0691347218983209
HMA200_two_confirm_fixed_10_MAexit144,HMA,200,two_confirm,fixed_10,ma_close,,144,16822,16822,3248,13574,0,19.30804898347402,157288.0,126114.0,152740.78125,145117.625,13457.6015625,10093.19921875,7623.1953125,1.05253087796882,0.453168191207942,0.0453168191207942,48.426109313964844,-9.290849685668945,47.02610260160098,-10.690851996463827,6294.8310546875,252.7718963623047,38,8624.1015625,7.963737962192367,2.0,1.674661909663726,25.996632595130244,8451,19.54798248727961,1.08882868325993,6428.5966796875,0.7606906495902852,8371,19.065822482379644,1.0164209914968592,1194.597412109375,0.14270665537084876
HMA200_two_confirm_fixed_10_MAexit200,HMA,200,two_confirm,fixed_10,ma_close,,200,16876,16876,2397,14479,0,14.203602749466699,169344.0,136464.0,165988.1875,156734.59375,13500.80078125,10125.599609375,9253.595703125,1.0590398936737602,0.548328733297286,0.0548328733297286,70.64830780029297,-9.424960136413574,69.24830517313308,-10.824959855653015,6271.88232421875,165.5120086669922,48,10253.142578125,10.03561270443233,3.0,1.8368715972992582,36.21238713361693,8477,14.415477173528371,1.1064732713190675,8334.1982421875,0.9831542104739295,8399,13.989760685795929,1.0117180117556506,919.3988037109375,0.10946527011679218
HMA200_two_confirm_candle_RR2,HMA,200,two_confirm,candle,fixed_RR,2,,16400,16400,5925,10475,0,36.1280487804878,144412.0,129846.0,110894.8125,118519.296875,12213.9921875,9160.494140625,-7624.48828125,0.935668835573321,-0.464907822027439,-0.0464907822027439,24.373332977294922,-12.39579963684082,18.716424050632913,-11.314491348448687,7707.044921875,712.0636596679688,23,-6624.69140625,3.1233536585365855,2.0,-4.1209762550099915,-63.97693891524181,8249,36.56200751606256,0.9536779850868387,-2742.308349609375,-0.3324413079899836,8151,35.6888725309778,0.9176950675675543,-4882.1796875,-0.5989669595755122
HMA200_two_confirm_candle_RR3,HMA,200,two_confirm,candle,fixed_RR,3,,16195,16195,4454,11741,0,27.502315529484413,161952.0,145374.0,127868.109375,132785.09375,12072.5498046875,9054.412109375,-4916.9638671875,0.9629703588246328,-0.30360999488653906,-0.030360999488653905,36.36102294921875,-12.381739616394043,28.708601116973508,-11.309521654884593,5614.220703125,347.567626953125,26,-3917.04931640625,4.45100339610991,3.0,-2.1601307215857375,-43.51472580904021,8144,27.93467583497053,0.9842149722684324,-1047.601806640625,-0.12863479944015532,8051,27.064960874425537,0.9417421888288131,-3869.362060546875,-0.4806063918205037
HMA200_two_confirm_candle_RR4,HMA,200,two_confirm,candle,fixed_RR,4,,15976,15976,3564,12412,0,22.30846269404106,171696.0,153747.0,137927.09375,140335.75,11913.5205078125,8935.1396484375,-2408.66259765625,0.982836474312497,-0.15076756369906422,-0.015076756369906422,48.17508316040039,-12.386963844299316,38.70008242143659,-11.306457460522076,4530.5390625,208.73963928222656,34,-1408.6630859375,5.710628442663996,3.0,-0.9146993260540514,-21.94507085613435,8025,22.579439252336446,0.9984734899725656,-107.21221923828125,-0.013359778098228194,7951,22.034964155452144,0.9671704265707067,-2301.45068359375,-0.2894542426856685
HMA200_two_confirm_candle_RR5,HMA,200,two_confirm,candle,fixed_RR,5,,15673,15673,2939,12734,0,18.751993874816563,177870.0,157279.0,143143.015625,144006.609375,11699.1923828125,8774.39453125,-863.58837890625,0.9940030964290593,-0.05510038785849869,-0.005510038785849869,60.52058410644531,-12.351107597351074,48.70466676590677,-11.3088274992147,4803.296875,238.04922485351562,44,136.40875244140625,7.003254003700632,3.0,-0.2943060529105463,-8.026494936597722,7855,19.083386378103118,1.015892626257114,1142.1563720703125,0.1454050123577737,7818,18.41903300076746,0.97219605627067,-2005.744873046875,-0.25655472922062866
HMA200_two_confirm_candle_RR6,HMA,200,two_confirm,candle,fixed_RR,6,,15357,15357,2508,12849,0,16.33131470990428,182004.0,158605.0,147225.921875,145314.4375,11473.4326171875,8605.0732421875,1911.4912109375,1.0131541256869263,0.12447035299456274,0.012447035299456274,72.56938171386719,-12.343762397766113,58.702520683811805,-11.309396645653358,4382.837890625,170.7821502685547,44,2911.493408203125,8.343947385557074,3.0,0.5957236506333675,18.010329289760353,7682,16.506118198385835,1.0263625270799188,1912.029052734375,0.24889729923644557,7675,16.156351791530945,0.9999927012109764,-0.5379638671875,-7.009301201140066e-05
HMA200_two_confirm_candle_MAexit9,HMA,200,two_confirm,candle,ma_close,,9,16742,16742,5243,11499,0,31.316449647592883,118896.0,97811.0,99796.015625,100778.8203125,12468.5703125,9351.4267578125,-982.8046875,0.990247904426223,-0.05870294394337594,-0.005870294394337594,22.677093505859375,-8.506044387817383,19.03414373927141,-8.764137778285068,4625.1318359375,397.73663330078125,26,17.206787109375,2.3939792139529326,2.0,-0.41817011561770207,-1.9022028745800565,8413,31.92677998335909,1.008333312595188,418.578125,0.04975372934743849,8329,30.699963981270262,0.9722769958947114,-1401.3826904296875,-0.16825341462716864
HMA200_two_confirm_candle_MAexit21,HMA,200,two_confirm,candle,ma_close,,21,16685,16685,4756,11929,0,28.504644890620316,142048.0,108965.0,121746.59375,110199.796875,12423.798828125,9317.8486328125,11546.796875,1.1047805640521966,0.6920465612825891,0.0692046561282589,29.867115020751953,-9.134462356567383,25.5985268608074,-9.237974421577668,3111.889892578125,124.86965942382812,26,12546.40234375,3.4435720707222055,2.0,3.716292062125948,23.77756048578728,8383,28.891804843134917,1.1355892477687302,7441.3759765625,0.8876745767103066,8302,28.113707540351722,1.0742149812310395,4105.4208984375,0.4945098649045411
HMA200_two_confirm_candle_MAexit34,HMA,200,two_confirm,candle,ma_close,,34,16625,16625,4335,12290,0,26.075187969924812,152752.0,119583.0,130603.46875,119054.8671875,12369.6953125,9277.271484375,11548.603515625,1.0970023471977173,0.6946528430451128,0.06946528430451128,35.236907958984375,-9.73010540008545,30.127674452133796,-9.687133212978031,2836.97998046875,95.78424835205078,24,12548.1240234375,4.451428571428571,3.0,3.391017087857185,26.000280878112072,8352,26.50862068965517,1.1289439877092189,7665.07177734375,0.9177528469041846,8273,25.63761634231839,1.065149095994236,3883.53173828125,0.46942242696497644
HMA200_two_confirm_candle_MAexit55,HMA,200,two_confirm,candle,ma_close,,55,16609,16609,4369,12240,0,26.305015353121803,158320.0,125387.0,134344.03125,123207.15625,12356.763671875,9267.572265625,11136.8818359375,1.090391462143661,0.6705329541777049,0.06705329541777048,36.237125396728516,-10.244035720825195,30.749377718013275,-10.065944138071895,2553.328125,98.32646179199219,27,12136.353515625,5.358901800228792,2.0,3.0246290263109095,27.69039639757364,8344,26.629913710450626,1.1385443686212706,8522.9833984375,1.0214505511070828,8265,25.97701149425287,1.0423720823233804,2613.896728515625,0.31626094718882336
HMA200_two_confirm_candle_MAexit84,HMA,200,two_confirm,candle,ma_close,,84,16592,16592,4263,12329,0,25.69310511089682,161008.0,129849.0,135143.328125,126637.46875,12351.7275390625,9263.794921875,8505.85546875,1.0671670040388421,0.5126479911252411,0.05126479911252411,37.768707275390625,-10.531997680664062,31.701460972319964,-10.271511781166355,2950.912353515625,147.0002899169922,26,9505.7490234375,6.501024590163935,2.0,2.173809025233528,22.75740560254889,8345,25.907729179149193,1.113667379051321,7189.505859375,0.8615345547483523,8247,25.475930641445377,1.0207668678650983,1316.3489990234375,0.15961549642578363
HMA200_two_confirm_candle_MAexit144,HMA,200,two_confirm,candle,ma_close,,144,16612,16612,3503,13109,0,21.087165904165666,171704.0,139196.0,145296.59375,134921.875,12363.83984375,9272.87890625,10374.71484375,1.0768942675159237,0.6245313534643631,0.0624531353464363,49.016273498535156,-10.618353843688965,41.47776013417071,-10.29230871920055,2884.37060546875,239.01736450195312,37,11374.4365234375,8.816698771972069,2.0,2.349782227978656,28.51746505059929,8359,21.31833951429597,1.1201608961946847,8082.953125,0.9669760886469674,8253,20.853023143099477,1.0338746166306128,2291.761962890625,0.2776883512529535
HMA200_two_confirm_candle_MAexit200,HMA,200,two_confirm,candle,ma_close,,200,16742,16742,2660,14082,0,15.888185401983037,188152.0,151520.0,159851.46875,146416.984375,12468.5703125,9351.4267578125,13434.4921875,1.0917549588413316,0.802442491189822,0.0802442491189822,70.73383331298828,-10.759835243225098,60.09453712406015,-10.397456637906547,2826.3779296875,152.1397247314453,56,14433.912109375,11.198960697646637,3.0,2.7530937443512538,40.07013338349856,8413,16.08225365505765,1.141467691016197,10342.9130859375,1.2293965393958755,8329,15.692159923160043,1.04217386346318,3091.578369140625,0.3711824191548355
